advertiser,year,month,amount_usd,avisos,status
1001 TALLERES,2026,2,2901.29,10,verificado
10K RUTAS DE LAS IGLESIAS,2026,4,5742.92,7,verificado
1405 GINO,2026,1,50.64,2,verificado
1405 GINO,2026,5,79.37,1,verificado
1405 GINO,2026,6,76.24,2,verificado
1700 CORTINAS,2026,4,5.73,1,verificado
180 PRODUCCIONES,2026,2,95.33,11,verificado
1XBET,2026,2,8147.3,159,verificado
1XBET,2026,3,8934.33,507,verificado
1XBET,2026,4,18360.18,492,verificado
1XBET,2026,5,12522.1,212,verificado
1XBET,2026,6,683.06,28,verificado
20TH CENTURY FOX,2026,3,329.99,27,verificado
21 GRAMOS,2026,2,402.2,2,verificado
21 GRAMOS,2026,3,822.68,5,verificado
21 GRAMOS,2026,5,511.89,2,verificado
220 V,2026,2,7800.52,23,verificado
220 V,2026,3,20177.31,84,verificado
220 V,2026,4,23561.59,77,verificado
220 V,2026,5,18551.24,63,verificado
220 V,2026,6,560.04,2,verificado
227 PAN Y CAFE,2026,1,5.92,1,verificado
227 PAN Y CAFE,2026,3,5.92,1,verificado
300 RESTO,2026,4,402.2,2,verificado
361,2026,4,5027.5,21,verificado
361,2026,5,255.95,1,verificado
3D BOX,2026,2,427.8,23,verificado
3D BOX,2026,3,409.2,22,verificado
3D BOX,2026,4,385.13,18,verificado
3D BOX,2026,5,128.38,6,verificado
4 RIDERS,2026,2,1407.71,7,verificado
4 RIDERS,2026,3,863.81,6,verificado
4 RIDERS,2026,4,150.83,3,verificado
4 RIDERS,2026,5,2559.45,10,verificado
593 (CERVEZA),2026,2,1800.12,5,verificado
593 (CERVEZA),2026,3,372.55,2,verificado
593 (CERVEZA),2026,4,992.08,4,verificado
593 SECURITY,2026,5,965.25,1,verificado
7 DAYS,2026,1,70739.71,1454,verificado
7 DAYS,2026,2,58165.15,1602,verificado
7 DAYS,2026,3,65345.92,1390,verificado
7 DAYS,2026,4,65313.46,1762,verificado
7 PINGAS,2026,2,1101.17,4,verificado
7 PINGAS,2026,3,329.07,2,verificado
A.E.R.,2026,1,6430.16,1057,verificado
A.E.R.,2026,2,4228.62,687,verificado
A.E.R.,2026,3,4334.29,750,verificado
A.E.R.,2026,4,7125.82,713,verificado
A.E.R.,2026,5,6513.8,626,verificado
A.E.R.,2026,6,356.53,31,verificado
A/C CHICHO,2026,1,52.71,14,verificado
A2 CAPACITACION,2026,3,164.54,1,verificado
A92,2026,2,402.2,2,verificado
A92,2026,3,329.07,2,verificado
A92,2026,4,402.2,2,verificado
AB. JEAN PIERRE BONAFONT,2026,1,72.7,7,verificado
AB. JEAN PIERRE BONAFONT,2026,2,61.5,6,verificado
AB. JEAN PIERRE BONAFONT,2026,4,11.2,1,verificado
ABASPIRAT,2026,5,690.59,61,verificado
ABASPIRAT,2026,6,44.0,4,verificado
ABC DERM,2026,3,2496.17,12,verificado
ABC DERM,2026,4,4216.27,12,verificado
ABC DERM,2026,5,13440.91,46,verificado
ABEL OLIVES,2026,1,241.6,29,verificado
ABEL OLIVES,2026,2,237.2,28,verificado
ABEL OLIVES,2026,3,94.0,11,verificado
ABRILAR,2026,1,3459.33,203,verificado
ABRILAR,2026,2,9529.52,616,verificado
ABRILAR,2026,3,3346.54,39,verificado
ABRILAR,2026,4,1326.79,14,verificado
ABRILAR,2026,5,3246.55,15,verificado
ABSOLUT SPORT,2026,1,607.67,79,verificado
ABSOLUT SPORT,2026,2,867.36,110,verificado
ABSOLUT SPORT,2026,3,988.51,127,verificado
ABSOLUT SPORT,2026,4,1671.19,111,verificado
ABSOLUT SPORT,2026,5,1599.12,106,verificado
AC DELCO,2026,3,6792.86,36,verificado
AC DELCO,2026,4,15484.54,60,verificado
AC DELCO,2026,5,12670.53,43,verificado
AC DELCO,2026,6,535.96,2,verificado
ACAD. DE DEFENSA BIDOKAN,2026,2,896.25,1,verificado
ACAD. NAVAL ALMIRANTE ILLINGWORTH,2026,2,1885.8,409,verificado
ACAD. NAVAL ALMIRANTE ILLINGWORTH,2026,3,2734.03,445,verificado
ACAD. NAVAL ALMIRANTE ILLINGWORTH,2026,4,2676.05,233,verificado
ACAD. NAVAL ALMIRANTE ILLINGWORTH,2026,5,3256.33,273,verificado
ACAD. NAVAL ALMIRANTE ILLINGWORTH,2026,6,274.39,24,verificado
ACAD. NAVAL COMAND. FCO. PITA PITA,2026,4,8.96,1,verificado
ACADEMIA ASTILLERO FC,2026,3,16.4,2,verificado
ACADEMIA ASTILLERO FC,2026,4,80.64,8,verificado
ACCESORIA,2026,3,164.54,1,verificado
ACCU-CHEK,2026,2,4407.93,17,verificado
ACCU-CHEK,2026,3,12368.32,70,verificado
ACCU-CHEK,2026,4,12226.83,51,verificado
ACCU-CHEK,2026,5,14182.79,54,verificado
ACCU-CHEK,2026,6,280.02,1,verificado
ACERIMALLAS,2026,4,230.4,24,verificado
ACERIMALLAS,2026,5,86.4,9,verificado
ACEROCENTER CIA. LTDA.,2026,3,1316.29,8,verificado
ACEROCENTER CIA. LTDA.,2026,4,3217.6,13,verificado
ACEROCENTER CIA. LTDA.,2026,5,5886.74,22,verificado
ACEROGAR,2026,2,1200.09,4,verificado
ACEROGAR,2026,5,350.03,2,verificado
ACEROGAR,2026,6,280.02,1,verificado
ACEROS AREQUIPA,2026,2,1707.73,8,verificado
ACEROS AREQUIPA,2026,3,2312.88,13,verificado
ACEROS AREQUIPA,2026,4,402.2,2,verificado
ACEROS AREQUIPA,2026,5,3107.18,16,verificado
ACESCO,2026,1,50.85,9,verificado
ACESCO,2026,2,804.41,4,verificado
ACESCO,2026,3,493.61,3,verificado
ACIMCO,2026,2,4523.15,22,verificado
ACIMCO,2026,3,2797.09,13,verificado
ACITIP NF,2026,4,76.16,8,verificado
ACITIP NF,2026,5,423.75,43,verificado
ACITIP NF,2026,6,30.14,3,verificado
ACIUM,2026,4,744.06,3,verificado
ACIUM,2026,5,6694.16,24,verificado
ACL,2026,3,329.07,2,verificado
ACOMOTOS,2026,4,1005.51,5,verificado
ACQUA GARDENS,2026,2,201.1,1,verificado
ACRILEX,2026,3,329.07,2,verificado
ACTIVA TU SOFTWARE,2026,4,402.2,2,verificado
ACTIVE LIFE,2026,2,201.1,1,verificado
ACTIVEE PROFESIONAL,2026,3,329.07,2,verificado
ACTIVOX,2026,4,660.24,40,verificado
ACTIVOX,2026,5,12249.73,254,verificado
ACTIVOX,2026,6,260.4,24,verificado
ADCONTA,2026,1,58.13,5,verificado
ADCONTA,2026,2,52.32,4,verificado
ADELCA,2026,2,585.02,34,verificado
ADELCA,2026,3,170.83,2,verificado
ADELCA,2026,4,1005.51,5,verificado
ADELCA,2026,5,4191.42,16,verificado
ADELCA,2026,6,1364.22,1,verificado
ADEN BUSINESS SCHOOL,2026,1,1285.37,214,verificado
ADEN BUSINESS SCHOOL,2026,2,1298.99,219,verificado
ADEN BUSINESS SCHOOL,2026,3,1175.68,197,verificado
ADEN BUSINESS SCHOOL,2026,4,1613.25,123,verificado
ADEN BUSINESS SCHOOL,2026,5,1267.73,98,verificado
ADEN BUSINESS SCHOOL,2026,6,89.32,7,verificado
ADHEPLAST S.A.,2026,1,2468.36,112,verificado
ADHEPLAST S.A.,2026,2,3153.05,112,verificado
ADHEPLAST S.A.,2026,3,2760.92,114,verificado
ADHEPLAST S.A.,2026,4,3652.42,113,verificado
ADHEPLAST S.A.,2026,5,4827.02,115,verificado
ADHEPLAST S.A.,2026,6,299.54,8,verificado
ADIDAS,2026,2,1200.09,4,verificado
ADIDAS,2026,5,560.04,8,verificado
ADIDAS,2026,6,280.02,1,verificado
ADIUM PHARMA,2026,2,1401.19,5,verificado
ADIUM PHARMA,2026,3,16278.8,84,verificado
ADIUM PHARMA,2026,4,2557.75,19,verificado
ADIUM PHARMA,2026,5,5348.16,223,verificado
ADIUM PHARMA,2026,6,969.26,14,verificado
ADMINISTRADORA DEL PACIFICO S.A.,2026,4,303.39,1,verificado
ADPROIN,2026,4,359.64,1,verificado
ADRIANA HOYOS,2026,2,1206.61,6,verificado
ADRIANA HOYOS,2026,3,658.14,4,verificado
ADRIANA HOYOS,2026,4,201.1,1,verificado
ADVANCE CONSULTORA,2026,3,1501.61,1,verificado
ADVANCEVIEW S.A.,2026,4,172.08,1,verificado
ADVENTOURS TRAVEL,2026,5,767.84,3,verificado
AEADE,2026,3,566.35,1,verificado
AERO OM,2026,2,1803.39,7,verificado
AERO OM,2026,3,580.56,3,verificado
AERO OM,2026,4,3252.74,13,verificado
AERO OM,2026,5,535.96,2,verificado
AEROMEXICO,2026,3,965.25,1,verificado
AEROPOSTALE,2026,2,300.02,1,verificado
AEROPOSTALE,2026,3,164.54,1,verificado
AEROPUERTO INTERNACIONAL DE QUITO,2026,3,537.09,3,verificado
AEROPUERTO INTERNACIONAL DE QUITO,2026,5,1960.13,7,verificado
AFRIKANA,2026,6,50.51,4,verificado
AFRODITA,2026,1,58540.2,2034,verificado
AFRODITA,2026,2,69060.36,2066,verificado
AG STUDIO,2026,2,5.92,1,verificado
AGAPANTOS COMPLEJO TURISTICO BAÑOS,2026,2,1778.64,5,verificado
AGAPANTOS COMPLEJO TURISTICO BAÑOS,2026,4,313.06,1,verificado
AGAPANTOS COMPLEJO TURISTICO BAÑOS,2026,5,995.99,3,verificado
AGENCIA CON RESULTADOS,2026,2,15.81,2,verificado
AGENCIA CON RESULTADOS,2026,3,7.91,1,verificado
AGENCIA NACIONAL DE TRANSITO,2026,1,909.15,160,verificado
AGENSITUR,2026,4,402.2,2,verificado
AGLOMERADOS COTOPAXI S. A.,2026,2,5001.42,15,verificado
AGLOMERADOS COTOPAXI S. A.,2026,3,2849.95,13,verificado
AGNUS,2026,2,402.2,2,verificado
AGORA CITY PARK,2026,2,3015.07,7,verificado
AGORA CITY PARK,2026,3,534.74,4,verificado
AGORA CITY PARK,2026,4,1307.16,8,verificado
AGORA CITY PARK,2026,5,255.95,1,verificado
AGREGADOS SAN JOSE S.A,2026,1,705.6,1,verificado
AGRICOLA ANGELA MARIA S.A. (CAAMSA),2026,3,143.4,1,verificado
AGRICOLA BANANERA CLEMENTINA,2026,3,143.4,1,verificado
AGRICOLA BANANERA DEL ECUADOR,2026,3,143.4,1,verificado
AGRICOLA ESPERANZA S.A ( AGRIESPERSA ),2026,4,359.64,1,verificado
AGRICOLA GANADERA S.A.,2026,4,86.04,1,verificado
AGRICOLA LOMA LARGA S.A. (CALOLASA),2026,3,143.4,1,verificado
AGRICOLA RIO VENTANAS S.A. (CARIVESA),2026,3,143.4,1,verificado
AGRIMONT S.A.,2026,3,114.72,1,verificado
AGRIPAC,2026,1,9353.97,624,verificado
AGRIPAC,2026,2,12415.35,436,verificado
AGRIPAC,2026,3,5616.38,82,verificado
AGRIPAC,2026,5,2831.4,2,verificado
AGRO ACEITES S.A.,2026,1,170.27,1,verificado
AGRO ACEITES S.A.,2026,3,448.71,2,verificado
AGRO GALLO,2026,3,156.65,58,verificado
AGRO GALLO,2026,4,398.9,132,verificado
AGRO GALLO,2026,5,384.33,130,verificado
AGRO GALLO,2026,6,32.03,11,verificado
AGRO HUMUS HB,2026,3,67.12,2,verificado
AGRO HUMUS HB,2026,5,34.78,1,verificado
AGRO LINK,2026,3,866.16,5,verificado
AGROANALISIS,2026,3,164.54,1,verificado
AGROBASALTO,2026,1,559.19,54,verificado
AGROBASALTO,2026,6,70.0,6,verificado
AGRODIL HD,2026,1,100.67,4,verificado
AGRODIL HD,2026,2,209.74,8,verificado
AGRODIL HD,2026,3,125.84,5,verificado
AGRODIL HD,2026,4,295.59,11,verificado
AGRODIL HD,2026,5,104.33,3,verificado
AGRODIL HD,2026,6,34.78,1,verificado
AGROINDUSTRIAL EL CORAZON S.A.,2026,2,351.0,1,verificado
AGROINDUSTRIAL EL CORAZON S.A.,2026,3,359.64,1,verificado
AGROPESA,2026,1,150.78,10,verificado
AGROPESA,2026,2,268.43,16,verificado
AGROPESA,2026,3,301.98,18,verificado
AGROPESA,2026,4,243.39,14,verificado
AGROPESA,2026,5,17.39,1,verificado
AGROSAD,2026,4,603.3,3,verificado
AGROSAD,2026,5,840.06,3,verificado
AGROTA,2026,2,900.06,3,verificado
AGROTA,2026,3,416.03,2,verificado
AGROW,2026,5,554.4,36,verificado
AGROW,2026,6,77.0,5,verificado
AGUA CIELO,2026,1,1429.32,120,verificado
AGUA CIELO,2026,2,1868.41,120,verificado
AGUA CIELO,2026,3,1248.09,6,verificado
AGUA CIELO,2026,4,15420.41,95,verificado
AGUA CIELO,2026,5,62528.89,525,verificado
AGUA CIELO,2026,6,2868.29,28,verificado
AGUA CRISTAL,2026,3,1040.07,5,verificado
AGUA MANA,2026,1,87.43,15,verificado
AGUA MANA,2026,2,3667.65,33,verificado
AGUA MANA,2026,3,2584.0,46,verificado
AGUA MANA,2026,4,6932.38,66,verificado
AGUA MANA,2026,5,12049.98,104,verificado
AGUA MANA,2026,6,53.9,7,verificado
AGUA MINERAL IMPERIAL,2026,2,6425.72,17,verificado
AGUA MINERAL IMPERIAL,2026,3,5859.86,15,verificado
AGUA MINERAL IMPERIAL,2026,4,3652.32,9,verificado
AGUA MINERAL IMPERIAL,2026,5,9291.76,19,verificado
AGUA TRADICIONAL,2026,2,201.1,1,verificado
AGUARDIENTE AMARILLO,2026,3,70.28,14,verificado
AGUARDIENTE AMARILLO,2026,4,300.34,43,verificado
AGUARDIENTE AMARILLO,2026,5,192.01,28,verificado
AGUAS MACHALA EP,2026,3,208.01,1,verificado
AGUILA IMPORTACIONES,2026,3,329.07,2,verificado
AIR EUROPA,2026,1,1949.0,260,verificado
AIR EUROPA,2026,2,4005.67,321,verificado
AIR EUROPA,2026,3,4180.56,334,verificado
AIR EUROPA,2026,4,2337.44,139,verificado
AIR EUROPA,2026,5,3382.74,158,verificado
AIR EUROPA,2026,6,385.8,24,verificado
AIR WINGS,2026,2,1005.51,5,verificado
AIRES ESTE,2026,2,1608.81,8,verificado
AIRES ESTE,2026,3,1151.75,6,verificado
AIRES ESTE,2026,4,1487.06,3,verificado
AIRES ESTE,2026,5,511.89,2,verificado
AIRES SUR,2026,4,248.02,1,verificado
AJE,2026,3,2357.9,1,verificado
AJINO MOTO,2026,2,600.04,2,verificado
AJINO MOTO,2026,3,208.01,1,verificado
AJINO MOTO,2026,4,4464.29,14,verificado
AJINO MOTO,2026,5,6720.46,24,verificado
AJO NEGRO,2026,5,369.59,30,verificado
AJO NEGRO,2026,6,58.8,5,verificado
AK,2026,1,11187.66,159,verificado
AK,2026,2,27152.36,392,verificado
AK,2026,3,30269.01,717,verificado
AK,2026,4,34532.58,946,verificado
AK,2026,5,47570.98,1790,verificado
AK,2026,6,468.19,44,verificado
AKI MOVIL,2026,4,201.1,1,verificado
AKI SUPER DESPENSA Y GRAN AKI,2026,1,26121.82,651,verificado
AKI SUPER DESPENSA Y GRAN AKI,2026,2,36362.55,1631,verificado
AKI SUPER DESPENSA Y GRAN AKI,2026,3,60540.0,2918,verificado
AKI SUPER DESPENSA Y GRAN AKI,2026,4,41168.66,1834,verificado
AKI SUPER DESPENSA Y GRAN AKI,2026,5,84123.71,3059,verificado
AKI SUPER DESPENSA Y GRAN AKI,2026,6,3741.24,151,verificado
AL FIUME CUCINA ITALIANA,2026,3,329.07,2,verificado
AL FIUME CUCINA ITALIANA,2026,5,255.95,1,verificado
AL TOQUE,2026,2,300.02,1,verificado
AL TOQUE,2026,3,624.04,3,verificado
AL TOQUE,2026,5,560.04,2,verificado
ALACENA,2026,1,24.52,2,verificado
ALACENA,2026,3,24.16,2,verificado
ALACENA,2026,5,9.92,1,verificado
ALANA FOOD PLAY,2026,3,11570.94,88,verificado
ALANA FOOD PLAY,2026,4,3271.15,36,verificado
ALASKA PET SHOP,2026,3,1248.09,6,verificado
ALASKA PET SHOP,2026,4,496.04,2,verificado
ALBA DEL BOSQUE,2026,2,3600.23,10,verificado
ALBA DEL BOSQUE,2026,3,1359.77,8,verificado
ALBA DEL BOSQUE,2026,4,1253.53,6,verificado
ALBA DEL BOSQUE,2026,5,3032.05,9,verificado
ALBEX,2026,2,300.02,1,verificado
ALBEX,2026,3,1238.71,7,verificado
ALBORNOS CERVUTRANS S.A.,2026,4,424.76,1,verificado
ALBUM CAMINO MUNDIAL BRASIL 2014,2026,4,29.12,3,verificado
ALBY STORE,2026,4,1806.0,86,verificado
ALDEAS INFANTILES SOS INTERNACIONAL,2026,2,300.02,1,verificado
ALDEAS INFANTILES SOS INTERNACIONAL,2026,3,416.03,2,verificado
ALDO SHOES,2026,2,300.02,1,verificado
ALEGRA DENTAL,2026,4,822.5,74,verificado
ALEGRA DENTAL,2026,5,1004.5,89,verificado
ALEGRA DENTAL,2026,6,122.5,11,verificado
ALES C.A.,2026,4,1768.52,1,verificado
ALESSA,2026,5,792.88,1,verificado
ALFA BIENES RAICES,2026,1,4393.92,365,verificado
ALFA BIENES RAICES,2026,2,4494.05,363,verificado
ALFA PEOPLE,2026,3,965.25,1,verificado
ALFA RADIO,2026,3,1163.4,79,verificado
ALFA RADIO,2026,4,2017.38,98,verificado
ALFA SUPER STEREO FM,2026,4,11.38,1,verificado
ALFANET,2026,3,995.74,4,verificado
ALFAPARF,2026,2,12630.23,49,verificado
ALHAMBRA SHOPPING,2026,2,201.1,1,verificado
ALHAMBRA SHOPPING,2026,3,329.07,2,verificado
ALHAMBRA SHOPPING,2026,4,1084.86,1,verificado
ALIA (BANCO SOLIDARIO),2026,2,106.02,12,verificado
ALIA (BANCO SOLIDARIO),2026,3,26.26,3,verificado
ALIA (BANCO SOLIDARIO),2026,4,4068.95,20,verificado
ALIQORA,2026,5,198.41,2,verificado
ALIQORA,2026,6,89.98,1,verificado
ALITAS DEL CADILLAC,2026,3,416.03,2,verificado
ALITAS ESPRESS GYE,2026,2,1206.61,6,verificado
ALITAS ESPRESS GYE,2026,4,804.41,4,verificado
ALKA SELTZER,2026,5,2405.53,104,verificado
ALKA SELTZER,2026,6,248.29,10,verificado
ALL NATURAL,2026,1,3186.54,1,verificado
ALL NATURAL,2026,2,4022.01,18,verificado
ALL NATURAL,2026,5,2622.17,16,verificado
ALL STOCK,2026,5,560.04,2,verificado
ALL TECNOLOGYCS,2026,3,416.03,2,verificado
ALLEGRA,2026,2,6475.89,29,verificado
ALLEGRA,2026,3,5706.81,21,verificado
ALLEGRA,2026,4,8332.15,23,verificado
ALLEGRA,2026,5,11661.09,34,verificado
ALLI MIKUNA ECUADORIAN TOUR,2026,1,275.66,22,verificado
ALLI MIKUNA ECUADORIAN TOUR,2026,2,503.36,40,verificado
ALLI MIKUNA ECUADORIAN TOUR,2026,3,3734.43,293,verificado
ALLI MIKUNA ECUADORIAN TOUR,2026,4,2175.25,113,verificado
ALLI MIKUNA ECUADORIAN TOUR,2026,5,2849.0,148,verificado
ALLPA GYE,2026,2,201.1,1,verificado
ALLPA GYE,2026,4,804.41,4,verificado
ALM. ESPINOZA,2026,2,935.6,68,verificado
ALM. ESPINOZA,2026,3,823.92,52,verificado
ALM. ESPINOZA,2026,5,911.2,42,verificado
ALM. ESPINOZA,2026,6,38.5,2,verificado
ALMA NEGRA,2026,3,329.07,2,verificado
ALMACEN ESTUARDO SANCHEZ,2026,2,20073.12,126,verificado
ALMACEN ESTUARDO SANCHEZ,2026,3,8810.77,48,verificado
ALMACEN ESTUARDO SANCHEZ,2026,4,4972.98,66,verificado
ALMACEN ESTUARDO SANCHEZ,2026,5,3485.91,52,verificado
ALMACEN ESTUARDO SANCHEZ,2026,6,560.04,2,verificado
ALMACEN JAPON,2026,2,1101.17,4,verificado
ALMACEN JAPON,2026,3,2201.2,11,verificado
ALMACEN JAPON,2026,4,1193.18,5,verificado
ALMACEN JAPON,2026,5,815.98,3,verificado
ALMACEN NATASHA,2026,6,255.95,1,verificado
ALMACENES ANDERSON,2026,2,201.1,1,verificado
ALMACENES BOYACA,2026,1,2910.11,43,verificado
ALMACENES BOYACA,2026,2,2752.51,35,verificado
ALMACENES BOYACA,2026,3,1956.2,22,verificado
ALMACENES BOYACA,2026,4,4512.17,34,verificado
ALMACENES BOYACA,2026,5,7335.84,58,verificado
ALMACENES BUENHOGAR,2026,5,280.02,1,verificado
ALMACENES COSAS DE CASA,2026,1,534.58,26,verificado
ALMACENES COSAS DE CASA,2026,2,2621.64,92,verificado
ALMACENES COSAS DE CASA,2026,3,1784.97,98,verificado
ALMACENES COSAS DE CASA,2026,4,1187.02,37,verificado
ALMACENES COSAS DE CASA,2026,5,2137.36,96,verificado
ALMACENES COSAS DE CASA,2026,6,82.44,5,verificado
ALMACENES ESPAÑA,2026,3,3838.89,21,verificado
ALMACENES ESPAÑA,2026,5,3543.95,13,verificado
ALMACENES ESPAÑA,2026,6,255.95,1,verificado
ALMACENES ESPINOZA,2026,5,250.25,13,verificado
ALMACENES ESPINOZA,2026,6,7.57,1,verificado
ALMACENES MIRNA,2026,4,603.3,3,verificado
ALMACENES MIRNA,2026,5,280.02,1,verificado
ALMACENES SANTA CLARA,2026,3,442.46,2,verificado
ALMACENES SILVITA,2026,3,624.04,3,verificado
ALMACOPIO,2026,3,254.53,1,verificado
ALMACOPIO,2026,5,119.5,1,verificado
ALMACOPIO,2026,6,175.5,1,verificado
ALMAGRO,2026,3,424.76,1,verificado
ALMAX,2026,2,3418.73,17,verificado
ALMAX,2026,3,5752.79,31,verificado
ALMAX,2026,4,5440.59,3,verificado
ALMAX,2026,5,21887.46,89,verificado
ALMAX,2026,6,915.96,10,verificado
ALMAX FORUM,2026,4,1244.5,1,verificado
ALOHA CAFE,2026,5,1791.62,7,verificado
ALOHA MENTAL ARITHMETIC,2026,2,2937.33,41,verificado
ALOHA MENTAL ARITHMETIC,2026,3,225.03,6,verificado
ALOHA MENTAL ARITHMETIC,2026,4,121.0,11,verificado
ALOHA MENTAL ARITHMETIC,2026,5,425.94,9,verificado
ALPECIN,2026,2,804.41,4,verificado
ALPECIN,2026,4,496.04,2,verificado
ALPECIN,2026,5,511.89,2,verificado
ALPESO,2026,3,164.54,1,verificado
ALPHA BUILDERS BY HOMEPLUS,2026,2,221.23,1,verificado
ALPHA BUILDERS BY HOMEPLUS,2026,3,13937.61,22,verificado
ALPHA BUILDERS BY HOMEPLUS,2026,4,26836.63,35,verificado
ALPHA BUILDERS BY HOMEPLUS,2026,5,21570.1,28,verificado
ALPHA BUILDERS BY HOMEPLUS,2026,6,995.54,1,verificado
ALPINA,2026,2,1557.41,3,verificado
ALPRECIO,2026,3,961.64,6,verificado
ALPRECIO,2026,4,1253.52,5,verificado
ALPRECIO,2026,5,336.04,1,verificado
ALRAZ,2026,3,329.07,2,verificado
ALTA MODA,2026,2,15515.17,50,verificado
ALTA MODA,2026,3,329.07,2,verificado
ALTALA,2026,2,965.25,1,verificado
ALTALA,2026,4,804.41,4,verificado
ALTIORACORP,2026,3,1930.5,2,verificado
ALTIUS MEDICAL,2026,2,603.3,3,verificado
ALUHOME,2026,2,1005.51,5,verificado
ALUHOME,2026,3,493.61,3,verificado
ALUSIGNPANEL,2026,2,603.3,3,verificado
ALUSIGNPANEL,2026,5,511.89,2,verificado
ALUSWEET,2026,2,300.02,1,verificado
ALUSWEET,2026,3,372.55,2,verificado
ALVAREZ BARBA,2026,2,263.25,1,verificado
AM GLASSES,2026,1,223.2,12,verificado
AM GLASSES,2026,2,55.8,3,verificado
AM GLASSES,2026,4,56.0,2,verificado
AM GLASSES,2026,5,56.0,2,verificado
AMA SEGUROS AMERICA,2026,3,1642.82,2,verificado
AMA SEGUROS AMERICA,2026,4,1364.22,1,verificado
AMA SEGUROS AMERICA,2026,5,560.04,2,verificado
AMALIE,2026,1,472.6,87,verificado
AMALIE,2026,2,400.97,67,verificado
AMALIE,2026,3,8484.52,116,verificado
AMALIE,2026,4,4706.83,86,verificado
AMALIE,2026,5,830.4,84,verificado
AMALIE,2026,6,74.8,8,verificado
AMATEA TEA SHOP,2026,3,329.07,2,verificado
AMAZON AROMA,2026,2,20163.32,78,verificado
AMAZON AROMA,2026,3,14710.97,67,verificado
AMAZON AROMA,2026,4,11093.83,42,verificado
AMAZON AROMA,2026,5,14446.96,52,verificado
AMBACAR,2026,1,15589.18,1332,verificado
AMBACAR,2026,2,825.21,4,verificado
AMBACAR,2026,4,48.21,2,verificado
AMBACAR,2026,5,110772.01,3913,verificado
AMBIENSA S.A.,2026,1,2358.82,311,verificado
AMBIENSA S.A.,2026,2,22410.72,750,verificado
AMBIENSA S.A.,2026,3,7835.68,896,verificado
AMBIENSA S.A.,2026,4,14921.87,1019,verificado
AMBIENSA S.A.,2026,5,32525.04,1395,verificado
AMBIENSA S.A.,2026,6,1136.17,116,verificado
AMBIENTE,2026,2,5227.24,25,verificado
AMBIENTE,2026,3,5251.52,28,verificado
AMBIENTE,2026,4,1652.76,13,verificado
AMBIENTE,2026,5,2071.64,8,verificado
AMBIENTE,2026,6,280.02,1,verificado
AMBIENTES DESIGN,2026,5,2520.17,9,verificado
AMERICA 104.5 FM QUITO,2026,1,7967.39,979,verificado
AMERICA 104.5 FM QUITO,2026,2,6131.99,713,verificado
AMERICA 104.5 FM QUITO,2026,3,1511.05,209,verificado
AMERICA 104.5 FM QUITO,2026,5,693.0,101,verificado
AMERICA 104.5 FM QUITO,2026,6,163.59,24,verificado
AMERICA ECONOMIA,2026,5,1364.22,1,verificado
AMERICAN EAGLE,2026,2,9323.48,36,verificado
AMERICAN EAGLE,2026,3,6193.52,29,verificado
AMERICAN EAGLE,2026,4,3224.25,13,verificado
AMERICAN EAGLE,2026,5,8304.28,30,verificado
AMERICAN EAGLE,2026,6,560.04,2,verificado
AMERICAN EXPRESS BCO. DE GUAYAQUIL,2026,1,251.58,29,verificado
AMERICAN EXPRESS BCO. DE GUAYAQUIL,2026,2,13192.34,595,verificado
AMERICAN EXPRESS BCO. DE GUAYAQUIL,2026,3,13137.74,522,verificado
AMERICAN EXPRESS BCO. DE GUAYAQUIL,2026,4,14575.77,501,verificado
AMERICAN EXPRESS BCO. DE GUAYAQUIL,2026,5,7578.66,92,verificado
AMERICAN NATURAL,2026,2,10473.21,21,verificado
AMERICAN NATURAL,2026,3,39465.19,90,verificado
AMERICAN NATURAL,2026,4,15242.88,24,verificado
AMERICAN NATURAL,2026,5,44882.51,85,verificado
AMERICAN NATURAL,2026,6,3650.32,4,verificado
AMERICAN TRUCKS,2026,4,15.88,1,verificado
AMERICAN WIDE,2026,1,1176.9,7,verificado
AMIGUI,2026,5,280.02,1,verificado
AMPER,2026,3,2654.78,4,verificado
AMPER,2026,4,7477.64,9,verificado
AMPER,2026,5,4314.04,11,verificado
AMPER,2026,6,995.55,2,verificado
AMSTEL,2026,2,1200.09,4,verificado
AMSTEL,2026,3,22067.88,132,verificado
AMSTEL,2026,4,63245.1,708,verificado
AMSTEL,2026,5,56422.85,670,verificado
AMSTEL,2026,6,4322.11,40,verificado
AMYEL,2026,2,2100.15,7,verificado
AMYEL,2026,3,2704.16,9,verificado
ANA,2026,2,19247.13,26,verificado
ANA,2026,3,663.7,1,verificado
ANA,2026,4,287.6,1,verificado
ANA,2026,5,12610.22,18,verificado
ANA MARIA LA JUSTICIA,2026,2,300.02,1,verificado
ANA MARIA LA JUSTICIA,2026,3,329.07,2,verificado
ANAHISOFT,2026,3,22.4,2,verificado
ANALGAN RAPID,2026,6,1955.98,24,verificado
ANATEK,2026,2,3217.61,14,verificado
ANATEK,2026,3,2719.53,16,verificado
ANATEK,2026,4,5959.26,28,verificado
ANATEK,2026,5,12288.63,90,verificado
ANDEAN (ORANGINE),2026,2,884.92,4,verificado
ANDEAN (ORANGINE),2026,3,442.46,2,verificado
ANDES BREWING,2026,2,402.2,2,verificado
ANDES BREWING,2026,3,3948.86,24,verificado
ANDES BREWING,2026,5,575.88,3,verificado
ANDES VISION,2026,3,852.4,1,verificado
ANDINA MOTORES,2026,3,8.96,1,verificado
ANDINA MOTORES,2026,5,4.42,2,verificado
ANDINAVE,2026,2,413.53,5,verificado
ANDINAVE,2026,3,2196.73,18,verificado
ANDINAVE,2026,4,1407.71,7,verificado
ANDINAVE,2026,5,767.84,3,verificado
ANDRES BORBOR,2026,1,322.61,65,verificado
ANDRES BORBOR,2026,2,1409.57,284,verificado
ANDRES BORBOR,2026,3,2044.87,412,verificado
ANDRES BORBOR,2026,4,1433.53,394,verificado
ANDRES BORBOR,2026,5,40.02,11,verificado
ANDREWS,2026,2,6042.29,98,verificado
ANDREWS,2026,3,6374.69,280,verificado
ANDREWS,2026,5,22204.06,570,verificado
ANDREWS,2026,6,612.5,52,verificado
ANDY DESIGN,2026,3,164.54,1,verificado
ANIMALOPOLIS,2026,1,153.47,18,verificado
ANIMALOPOLIS,2026,2,93.79,11,verificado
ANIMALOPOLIS,2026,3,34.1,4,verificado
ANIMALOPOLIS,2026,4,1423.11,8,verificado
ANIMALOPOLIS,2026,5,123.2,8,verificado
ANIMALOPOLIS,2026,6,30.8,2,verificado
ANISA JABONERIA,2026,4,248.02,1,verificado
ANISA JABONERIA,2026,6,280.02,1,verificado
ANKAYLLI,2026,4,150.83,3,verificado
ANTAGONIC,2026,5,511.89,2,verificado
ANTI SOL,2026,2,44.1,1,verificado
ANTI SOL,2026,3,88.2,2,verificado
ANTI SOL,2026,4,44.1,1,verificado
ANTI SOL,2026,5,117.6,3,verificado
ANTOJO MANABITA,2026,2,325.78,26,verificado
ANTOJO MANABITA,2026,3,1102.64,88,verificado
ANTURIOS,2026,2,402.2,2,verificado
ANTURIOS,2026,3,329.07,2,verificado
ANTURIOS,2026,4,201.1,1,verificado
APARTEC,2026,4,286.8,1,verificado
APOLO DECOR,2026,3,6448.4,25,verificado
APOLO DECOR,2026,4,2728.17,8,verificado
APOLO DECOR,2026,5,4239.57,16,verificado
APPLE POINT,2026,3,164.54,1,verificado
APROBAL/CONAVE,2026,5,1415.7,1,verificado
APROFE,2026,3,148.8,20,verificado
APROFE,2026,4,1264.08,89,verificado
APROFE,2026,5,1180.8,82,verificado
APROFE,2026,6,115.2,8,verificado
APRONAX,2026,1,4.26,1,verificado
APRONAX,2026,2,6756.17,23,verificado
APRONAX,2026,3,8095.53,34,verificado
APRONAX,2026,4,7547.77,26,verificado
APRONAX,2026,5,33899.59,714,verificado
APRONAX,2026,6,5119.06,79,verificado
APYRAL,2026,3,4799.68,26,verificado
APYRAL,2026,4,977.41,4,verificado
APYRAL,2026,5,1279.73,5,verificado
AQUA SPA,2026,1,385.5,75,verificado
AQUA SPA,2026,2,274.05,54,verificado
AQUA SPA,2026,3,348.35,68,verificado
AQUA SPA,2026,4,770.0,82,verificado
AQUA SPA,2026,5,757.9,80,verificado
AQUA SPA,2026,6,52.8,6,verificado
AQUA Y SISTEMAS,2026,3,4607.46,2,verificado
AQUA Y SISTEMAS,2026,5,1415.7,1,verificado
AQUAGOLD,2026,3,120.01,5,verificado
AQUAGOLD,2026,5,70.0,2,verificado
AQUAGOLD,2026,6,70.0,2,verificado
AQUAXCEL,2026,3,416.03,2,verificado
AQUAXCEL,2026,4,496.04,2,verificado
AQUAXCEL,2026,5,1145.64,38,verificado
AQUEST S.A,2026,4,57.36,1,verificado
AQUILEA,2026,2,1800.13,6,verificado
AQUILEA,2026,4,402.2,2,verificado
ARCACONTINENTAL,2026,6,280.02,1,verificado
ARCAMIA,2026,3,866.16,5,verificado
ARCAMIA,2026,4,744.06,3,verificado
ARCAMIA,2026,5,2551.14,8,verificado
ARCAMIA,2026,6,280.02,1,verificado
ARCGOLD DEL ECUADOR S.A.,2026,3,784.4,2,verificado
ARCGOLD DEL ECUADOR S.A.,2026,4,2193.26,2,verificado
ARCUS DENTIS,2026,5,511.89,2,verificado
ARCUS VITTORIA,2026,2,1608.81,8,verificado
ARCUS VITTORIA,2026,3,5007.68,25,verificado
ARCUS VITTORIA,2026,4,3204.16,11,verificado
ARDELL,2026,4,1240.09,5,verificado
ARGOS TECNOLOGICO,2026,5,560.04,2,verificado
ARISATRANSPE S.A,2026,3,1768.5,1,verificado
ARKOPHARMA,2026,5,511.89,2,verificado
ARKOS SISTEMAS ARQUITECTONICOS,2026,4,496.04,2,verificado
ARKOVOX,2026,2,201.1,1,verificado
ARMABLES 3D,2026,2,1206.61,6,verificado
ARMATURA,2026,2,75.01,1,verificado
ARMATURA,2026,4,201.1,1,verificado
ARMOCAR,2026,1,330.08,45,verificado
ARMOCAR,2026,2,14.62,2,verificado
ARMONIA ESCUELA DE MUSICA,2026,2,402.2,2,verificado
ARMONICS CLINICA,2026,6,8.84,2,verificado
AROMAS DELUXE,2026,2,1707.73,8,verificado
ARQUETIKA,2026,3,965.25,1,verificado
ARQUIDIOCESIS DE CUENCA,2026,4,1013.6,1,verificado
ARQUIDIOCESIS DE GQUIL,2026,3,57.73,10,verificado
ARQUIDIOCESIS DE GQUIL,2026,4,509.28,26,verificado
ARQUIGAMA,2026,3,416.03,2,verificado
ARRIBA,2026,4,402.2,2,verificado
ARRIBA,2026,5,767.84,3,verificado
ARROZ EL COMPADRITO,2026,1,15.06,4,verificado
ARROZ EL COMPADRITO,2026,3,7.53,2,verificado
ARROZ PELUCON,2026,3,72.01,5,verificado
ARROZ PELUCON,2026,4,846.85,107,verificado
ARROZ PELUCON,2026,5,768.0,52,verificado
ARROZ PELUCON,2026,6,63.0,3,verificado
ARROZ SAN ISIDRO,2026,2,11991.33,50,verificado
ARROZ SAN ISIDRO,2026,3,12169.65,61,verificado
ARROZ SAN ISIDRO,2026,4,19258.53,75,verificado
ARROZ SAN ISIDRO,2026,5,19246.57,71,verificado
ARROZ SAN ISIDRO,2026,6,535.96,2,verificado
ARTEFACTA,2026,1,3391.25,397,verificado
ARTEFACTA,2026,2,6282.31,155,verificado
ARTEFACTA,2026,3,12383.48,745,verificado
ARTEFACTA,2026,4,19995.3,716,verificado
ARTEFACTA,2026,5,38640.03,1304,verificado
ARTEFACTA,2026,6,2513.9,89,verificado
ARTEMISA,2026,3,1686.49,10,verificado
ARTES HARO RODOLFO,2026,4,39.8,18,verificado
ARTES HARO RODOLFO,2026,5,68.54,31,verificado
ARTES HARO RODOLFO,2026,6,8.84,4,verificado
ARTESCO,2026,2,201.1,1,verificado
ARTESCO,2026,3,416.03,2,verificado
ARUBA,2026,3,233.87,3,verificado
ARUBA,2026,5,767.84,3,verificado
ASADERO SUPER IDOLO,2026,5,61.91,4,verificado
ASADERO SUPER IDOLO,2026,6,61.91,4,verificado
ASCENDA,2026,2,5242.81,17,verificado
ASCENDA,2026,3,8153.88,78,verificado
ASCENDA,2026,4,20265.32,360,verificado
ASCENDA,2026,5,23601.34,403,verificado
ASCENDA,2026,6,1967.66,48,verificado
ASEGURA DE UNA,2026,3,2632.58,16,verificado
ASEGURA DE UNA,2026,4,8446.16,27,verificado
ASEGURADORA DEL SUR C.A.,2026,1,46.89,11,verificado
ASEGURADORA DEL SUR C.A.,2026,2,1621.6,11,verificado
ASEGURADORA DEL SUR C.A.,2026,3,683.72,10,verificado
ASEGURADORA DEL SUR C.A.,2026,4,790.26,9,verificado
ASEGURADORA DEL SUR C.A.,2026,5,3389.11,13,verificado
ASEPXIA,2026,3,30597.35,1020,verificado
ASEPXIA,2026,4,45610.82,1156,verificado
ASEPXIA,2026,5,28068.65,555,verificado
ASESORIA MIGRATORIA,2026,1,18.6,1,verificado
ASESORIA MIGRATORIA,2026,2,390.6,21,verificado
ASESORIA MIGRATORIA,2026,3,93.0,5,verificado
ASEVIG CIA. LTDA,2026,4,614.8,1,verificado
ASHLEY,2026,4,248.02,1,verificado
ASHLEY,2026,6,280.02,1,verificado
ASHWAGANDHA,2026,1,24.59,2,verificado
ASHWAGANDHA,2026,2,3381.12,187,verificado
ASHWAGANDHA,2026,3,3626.7,157,verificado
ASHWAGANDHA,2026,4,2875.93,80,verificado
ASHWAGANDHA,2026,5,4170.18,102,verificado
ASHWAGANDHA,2026,6,57.94,2,verificado
ASIA CAR,2026,2,50.72,6,verificado
ASIA MOTORS,2026,6,280.02,1,verificado
ASIAUTO,2026,2,201.1,1,verificado
ASIAUTO,2026,3,1248.09,6,verificado
ASIMED LAB,2026,2,300.02,1,verificado
ASISTENCIA MEDICA ECUADOR,2026,1,12.15,13,verificado
ASISTENCIA MEDICA ECUADOR,2026,2,14.02,15,verificado
ASISTENCIA MEDICA ECUADOR,2026,3,10.28,11,verificado
ASISTENCIA MEDICA ECUADOR,2026,4,26.53,12,verificado
ASISTENCIA MEDICA ECUADOR,2026,5,30.96,14,verificado
ASISTENCIA MEDICA ECUADOR,2026,6,4.42,2,verificado
ASISVET,2026,1,210.83,17,verificado
ASISVET,2026,2,49.61,4,verificado
ASISVET,2026,3,198.42,16,verificado
ASISVET,2026,4,205.36,11,verificado
ASISVET,2026,5,130.68,7,verificado
ASISVET,2026,6,37.34,2,verificado
ASO. AVIADORES CIVILES ECUATORIANO,2026,4,376.43,1,verificado
ASO. DE ART. NAVIDEÑOS DIEGO DEL ALMAGRO,2026,4,175.5,1,verificado
ASO. DE BANCOS DEL ECUADOR (ASOBANCA),2026,2,3300.24,11,verificado
ASO. DE BANCOS DEL ECUADOR (ASOBANCA),2026,3,416.03,2,verificado
ASO. DE BANCOS DEL ECUADOR (ASOBANCA),2026,4,744.06,3,verificado
ASO. DE EX-ALUMNOS DEL COL. JAVIER,2026,2,430.2,2,verificado
ASO. DE FUTBOL DE SANTA ELENA,2026,6,372.08,1,verificado
ASO. NUEVE DE OCT.DE AUXILIOS MUTUOS GUA,2026,1,172.08,1,verificado
ASO. TRABAJ. DE PETROAMAZONAS,2026,5,591.52,2,verificado
ASSA,2026,1,11.85,2,verificado
ASSIST CARD,2026,2,221.23,1,verificado
ASTHETIC SPORT NUTRITION,2026,3,16.16,1,verificado
ASTROBET,2026,1,1789.93,96,verificado
ASTROBET,2026,2,2731.15,146,verificado
ASTROBET,2026,3,1370.69,109,verificado
ASTROBET,2026,4,835.6,113,verificado
ASTROBET,2026,5,2740.89,116,verificado
ASTROBET,2026,6,103.03,13,verificado
ASUS,2026,3,329.07,2,verificado
ATRIO DE MURANO,2026,2,402.2,2,verificado
ATTENZA,2026,4,965.25,1,verificado
ATUN MANABI,2026,4,1878.21,56,verificado
ATUN MANABI,2026,5,2497.56,73,verificado
ATUNTAQUI UNA NAVIDAD DE ESPERANZA,2026,1,12.53,1,verificado
AUDI,2026,2,2400.17,8,verificado
AUDI,2026,3,1248.09,6,verificado
AUDI,2026,4,248.02,1,verificado
AUDI,2026,5,1120.08,4,verificado
AUDIO MAX,2026,1,53558.17,1894,verificado
AUDIO SERVICIOS,2026,3,658.14,4,verificado
AUDIO SERVICIOS,2026,4,17327.88,64,verificado
AUDIO SERVICIOS,2026,5,19014.7,69,verificado
AUDIO SERVICIOS,2026,6,1096.0,4,verificado
AURAMOTIVE,2026,1,379.44,48,verificado
AURAMOTIVE,2026,2,584.97,74,verificado
AURAMOTIVE,2026,3,719.36,91,verificado
AURAMOTIVE,2026,4,1028.28,67,verificado
AUSTROGAS,2026,4,496.04,2,verificado
AUSTROGAS,2026,5,280.02,1,verificado
AUSUBEL HIGH SCHOOL,2026,2,965.25,1,verificado
AUTO ALVAREZ,2026,4,1608.79,5,verificado
AUTO REPUESTOS QUITO,2026,3,28.03,5,verificado
AUTOCABLES,2026,4,201.1,1,verificado
AUTOCAMBIO VERDESOTO,2026,5,651.65,9,verificado
AUTOCAMBIO VERDESOTO,2026,6,45.8,2,verificado
AUTOCOR,2026,2,201.1,1,verificado
AUTOCORNER,2026,4,789.59,62,verificado
AUTOLAND,2026,1,46.72,10,verificado
AUTOMALLAS,2026,1,38.41,2,verificado
AUTOMEKANO CIA. LTDA.,2026,3,59.96,4,verificado
AUTOMERCADO,2026,1,594.49,106,verificado
AUTOMERCADO,2026,2,1493.95,267,verificado
AUTOMERCADO,2026,3,493.61,3,verificado
AUTOMOTORES CONTINENTAL,2026,5,1004.26,83,verificado
AUTOMOTORES CONTINENTAL,2026,6,599.06,50,verificado
AUTOMOTORES DE LA SIERRA S.A,2026,1,59.25,10,verificado
AUTOMOTORES Y ANEXOS S.A.,2026,2,184.77,8,verificado
AUTOMOTORES Y ANEXOS S.A.,2026,3,1706.75,302,verificado
AUTOMOTORES Y ANEXOS S.A.,2026,4,2154.31,182,verificado
AUTOMOTORES Y ANEXOS S.A.,2026,5,719.28,2,verificado
AUTOMOTORES Y ANEXOS S.A.,2026,6,53.2,4,verificado
AUTOMOVIL CLUB DEL ECUADOR,2026,3,208.01,1,verificado
AUTOREPUESTOS QUITO,2026,3,327.01,44,verificado
AUTOREPUESTOS QUITO,2026,4,337.18,42,verificado
AUTORIDAD AEROPORTUARIA DE GUAYAQUIL,2026,1,98.76,12,verificado
AUTORIDAD AEROPORTUARIA DE GUAYAQUIL,2026,3,1086.36,132,verificado
AUTORIDAD AEROPORTUARIA DE GUAYAQUIL,2026,4,832.52,92,verificado
AUTORIDAD AEROPORTUARIA DE GUAYAQUIL,2026,5,1592.66,176,verificado
AUTORIDAD DE TRANSITO MUNICIPAL DE GQUIL,2026,1,2297.42,106,verificado
AUTORIDAD DE TRANSITO MUNICIPAL DE GQUIL,2026,2,2662.33,91,verificado
AUTORIDAD DE TRANSITO MUNICIPAL DE GQUIL,2026,3,1507.32,52,verificado
AUTORIDAD DE TRANSITO MUNICIPAL DE GQUIL,2026,4,1078.92,3,verificado
AUTORIDAD DE TRANSITO MUNICIPAL DE GQUIL,2026,5,1078.92,3,verificado
AUTOS JUAN SERRANO,2026,2,425.98,18,verificado
AUTOSKY,2026,3,208.01,1,verificado
AVANT,2026,1,10150.79,64,verificado
AVANT,2026,2,1608.81,8,verificado
AVANT,2026,3,16068.65,192,verificado
AVANT,2026,4,10889.37,117,verificado
AVANT,2026,5,30367.29,949,verificado
AVANT,2026,6,7.5,2,verificado
AVANTMED,2026,5,14.4,1,verificado
AVECAMPO,2026,1,2709.33,14,verificado
AVECAMPO,2026,2,15989.89,76,verificado
AVECAMPO,2026,3,5635.41,30,verificado
AVECAMPO,2026,4,10052.13,38,verificado
AVECAMPO,2026,5,6440.43,22,verificado
AVECAMPO,2026,6,560.04,2,verificado
AVENA POLACA,2026,1,489.69,34,verificado
AVENA POLACA,2026,2,792.14,55,verificado
AVENA POLACA,2026,3,964.97,67,verificado
AVENA POLACA,2026,4,1529.02,62,verificado
AVENA POLACA,2026,5,1071.0,51,verificado
AVENA POLACA,2026,6,126.0,6,verificado
AVENE,2026,2,600.04,2,verificado
AVENE,2026,3,624.04,3,verificado
AVENE,2026,4,248.02,1,verificado
AVENE,2026,5,560.04,2,verificado
AVENE,2026,6,280.02,1,verificado
AVI PAZ,2026,1,511.39,46,verificado
AVI PAZ,2026,2,447.99,40,verificado
AVI PAZ,2026,3,492.79,44,verificado
AVI PAZ,2026,4,520.79,46,verificado
AVI PAZ,2026,5,520.79,46,verificado
AVI PAZ,2026,6,44.8,4,verificado
AVIANCA,2026,1,8988.12,128,verificado
AVIANCA,2026,2,2254.56,16,verificado
AVIANCA,2026,3,1453.67,29,verificado
AVIANCA,2026,4,11752.55,409,verificado
AVIANCA,2026,5,6693.61,89,verificado
AVIANCA,2026,6,198.1,21,verificado
AVICOLA FERNANDEZ,2026,3,471.35,56,verificado
AVICOLA FERNANDEZ,2026,4,844.47,86,verificado
AVICOLA PEÑA HERRERA,2026,1,46.72,10,verificado
AVICOLA PEÑA HERRERA,2026,2,28.03,6,verificado
AVICOLA PEÑA HERRERA,2026,3,70.08,15,verificado
AVICOLA PEÑA HERRERA,2026,4,187.94,17,verificado
AVICOLA PEÑA HERRERA,2026,5,55.28,5,verificado
AVIS,2026,5,255.95,1,verificado
AVISAN,2026,3,493.61,3,verificado
AVISAN,2026,4,1005.51,5,verificado
AVISAN,2026,5,1791.62,7,verificado
AVISAN,2026,6,255.95,1,verificado
AVISOS CLASIFICADOS,2026,1,36583.81,84,verificado
AVISOS CLASIFICADOS,2026,2,36163.24,72,verificado
AVISOS CLASIFICADOS,2026,3,37176.46,76,verificado
AVISOS CLASIFICADOS,2026,4,40644.32,78,verificado
AVISOS CLASIFICADOS,2026,5,40687.47,82,verificado
AVISOS CLASIFICADOS,2026,6,2642.58,7,verificado
AVISOS JUDICIALES,2026,1,256142.73,219,verificado
AVISOS JUDICIALES,2026,2,281360.69,232,verificado
AVISOS JUDICIALES,2026,3,423225.4,327,verificado
AVISOS JUDICIALES,2026,4,331435.8,279,verificado
AVISOS JUDICIALES,2026,5,297768.54,262,verificado
AVISOS JUDICIALES,2026,6,57809.94,45,verificado
AVISOS MORTUORIOS,2026,1,7967.3,28,verificado
AVISOS MORTUORIOS,2026,2,3740.69,14,verificado
AVISOS MORTUORIOS,2026,3,7457.95,32,verificado
AVISOS MORTUORIOS,2026,4,4350.06,17,verificado
AVISOS MORTUORIOS,2026,5,6828.36,20,verificado
AVON,2026,5,511.89,2,verificado
AVON,2026,6,255.95,1,verificado
AWA NUTRITION,2026,3,1316.29,8,verificado
AWA NUTRITION,2026,4,1005.51,5,verificado
AXE,2026,2,31714.88,476,verificado
AXE,2026,3,37223.15,611,verificado
AXE,2026,4,19540.82,299,verificado
AXE,2026,5,204.83,6,verificado
AXION,2026,1,12945.42,478,verificado
AXION,2026,2,16012.06,437,verificado
AXION,2026,3,15616.85,507,verificado
AYMESA S.A.,2026,1,4077.26,440,verificado
AYMESA S.A.,2026,2,237.48,29,verificado
AYMESA S.A.,2026,3,1161.47,29,verificado
AYMESA S.A.,2026,4,969.83,4,verificado
AZUCAR VALDEZ,2026,4,1957.33,5,verificado
B. CUERPO BOMBEROS DE SAMBORONDON,2026,1,328.25,50,verificado
B. CUERPO BOMBEROS DE SAMBORONDON,2026,3,60.9,10,verificado
B. CUERPO BOMBEROS DE SAMBORONDON,2026,4,77.0,7,verificado
B. CUERPO DE BOMBEROS DE GQUIL.,2026,1,5342.42,736,verificado
B. CUERPO DE BOMBEROS DE GQUIL.,2026,2,4675.29,505,verificado
B. CUERPO DE BOMBEROS DE GQUIL.,2026,3,7739.95,722,verificado
B. CUERPO DE BOMBEROS DE GQUIL.,2026,4,4460.97,300,verificado
B. CUERPO DE BOMBEROS DE GQUIL.,2026,5,5368.45,251,verificado
B. CUERPO DE BOMBEROS DE GQUIL.,2026,6,708.59,30,verificado
BABOLAT,2026,4,2059.2,1,verificado
BABY CENTER,2026,2,1500.11,5,verificado
BABY CENTER,2026,3,208.01,1,verificado
BABY CENTER,2026,5,511.89,2,verificado
BABY S,2026,2,201.1,1,verificado
BABY S,2026,3,1853.37,11,verificado
BABY S,2026,5,2047.56,8,verificado
BABYBOOKS,2026,4,558.04,3,verificado
BABYS PAAP,2026,3,832.06,4,verificado
BABYSEC,2026,3,2862.95,41,verificado
BABYSEC,2026,4,10606.88,174,verificado
BABYSEC,2026,5,19294.81,420,verificado
BABYSEC,2026,6,585.95,16,verificado
BACARDI,2026,2,603.3,3,verificado
BAGANT ECUATORIANA CIA. LTDA.,2026,3,416.03,2,verificado
BAGO,2026,2,5045.94,18,verificado
BAGO,2026,3,5477.45,9,verificado
BAGO,2026,4,2480.19,10,verificado
BAGO,2026,5,3092.09,58,verificado
BAGO VITAL,2026,4,1438.01,5,verificado
BAGO VITAL,2026,5,995.55,3,verificado
BAGO VITAL,2026,6,560.04,2,verificado
BAGO+,2026,2,39424.62,63,verificado
BAGO+,2026,3,16535.67,36,verificado
BAGO+,2026,4,8052.84,18,verificado
BAGO+,2026,5,6789.28,21,verificado
BAHCO,2026,3,1645.36,10,verificado
BAHCO,2026,5,767.84,3,verificado
BAHIA MALL,2026,1,320.77,56,verificado
BAHIA MALL,2026,3,343.68,60,verificado
BAHIA MALL,2026,4,777.59,86,verificado
BAHIA MALL,2026,5,759.51,84,verificado
BAHIA MALL,2026,6,72.33,8,verificado
BAIC,2026,2,10588.61,444,verificado
BAIC,2026,3,1407.82,21,verificado
BAIC,2026,4,4409.16,222,verificado
BAIC,2026,5,1965.69,33,verificado
BAIC,2026,6,37.5,6,verificado
BAJAJ,2026,2,1407.71,7,verificado
BAJAJ,2026,3,3501.29,18,verificado
BAJAJ,2026,5,767.84,3,verificado
BAKELS,2026,3,308.34,1,verificado
BALANCEADOS NUTRITIVOS,2026,5,3640.25,13,verificado
BALANDRA,2026,4,46.0,6,verificado
BALANDRA REST.,2026,4,402.2,2,verificado
BAMBO NATURE,2026,5,1023.78,4,verificado
BAMBU,2026,1,60.09,13,verificado
BAMBU,2026,3,164.54,1,verificado
BAMBU,2026,4,2614.28,9,verificado
BAMBU,2026,5,9725.9,32,verificado
BAN ECUADOR,2026,1,3847.96,535,verificado
BAN ECUADOR,2026,2,157.77,90,verificado
BAN ECUADOR,2026,4,5107.32,1,verificado
BAN ECUADOR,2026,5,23.1,3,verificado
BAN RED,2026,2,268.88,1,verificado
BANANA TIME,2026,2,1673.1,1,verificado
BANANA TIME,2026,4,2700.0,1,verificado
BANANA TIME,2026,6,11.2,1,verificado
BANANERA ALAMOS S.A,2026,3,143.4,1,verificado
BANANERA LAS MERCEDES S.A.,2026,3,114.72,1,verificado
BANANERA LAS MERCEDES S.A.,2026,5,301.14,1,verificado
BANARIEGO CIA LTDA,2026,2,201.1,1,verificado
BANARIEGO CIA LTDA,2026,3,493.61,3,verificado
BANCO AMAZONAS,2026,1,866.11,161,verificado
BANCO AMAZONAS,2026,2,1045.03,210,verificado
BANCO AMAZONAS,2026,3,3122.19,338,verificado
BANCO AMAZONAS,2026,4,4852.3,132,verificado
BANCO AMAZONAS,2026,5,45852.08,332,verificado
BANCO AMAZONAS,2026,6,5410.37,41,verificado
BANCO ATLANTIDA,2026,1,2227.58,259,verificado
BANCO ATLANTIDA,2026,4,2690.06,3,verificado
BANCO ATLANTIDA,2026,5,215.1,1,verificado
BANCO ATLANTIDA,2026,6,87.83,1,verificado
BANCO BOLIVARIANO,2026,1,19779.71,387,verificado
BANCO BOLIVARIANO,2026,2,37951.22,2247,verificado
BANCO BOLIVARIANO,2026,3,111723.75,5039,verificado
BANCO BOLIVARIANO,2026,4,60264.3,4039,verificado
BANCO BOLIVARIANO,2026,5,52906.65,3625,verificado
BANCO BOLIVARIANO,2026,6,1000.28,190,verificado
BANCO COOPNACIONAL,2026,1,14079.34,1663,verificado
BANCO COOPNACIONAL,2026,2,11222.17,1404,verificado
BANCO COOPNACIONAL,2026,3,16792.78,2127,verificado
BANCO COOPNACIONAL,2026,4,28863.29,1910,verificado
BANCO COOPNACIONAL,2026,5,24034.02,2214,verificado
BANCO COOPNACIONAL,2026,6,1975.05,190,verificado
BANCO DE LITORAL,2026,3,143.4,1,verificado
BANCO DE LITORAL,2026,4,4422.46,2,verificado
BANCO DE LOJA,2026,3,416.03,2,verificado
BANCO DE LOJA,2026,4,578.34,1,verificado
BANCO DE LOJA,2026,5,1444.03,11,verificado
BANCO DE MACHALA,2026,2,1888.98,6,verificado
BANCO DE MACHALA,2026,3,4478.47,40,verificado
BANCO DE MACHALA,2026,4,27118.53,143,verificado
BANCO DE MACHALA,2026,5,2317.59,10,verificado
BANCO DE MACHALA,2026,6,534.16,1,verificado
BANCO DEL AUSTRO,2026,1,150.19,17,verificado
BANCO DEL AUSTRO,2026,2,12079.05,39,verificado
BANCO DEL AUSTRO,2026,3,21104.71,286,verificado
BANCO DEL AUSTRO,2026,4,31998.83,128,verificado
BANCO DEL AUSTRO,2026,5,22934.92,78,verificado
BANCO DEL AUSTRO,2026,6,1120.08,4,verificado
BANCO DEL IESS,2026,1,4552.59,551,verificado
BANCO DEL IESS,2026,2,412.29,69,verificado
BANCO DEL IESS,2026,3,4805.11,319,verificado
BANCO DEL IESS,2026,4,32265.33,395,verificado
BANCO DEL IESS,2026,5,59591.98,1099,verificado
BANCO DEL IESS,2026,6,4605.13,74,verificado
BANCO DEL PACIFICO,2026,1,279472.33,12254,verificado
BANCO DEL PACIFICO,2026,2,230418.7,11770,verificado
BANCO DEL PACIFICO,2026,3,269879.64,13213,verificado
BANCO DEL PACIFICO,2026,4,439953.2,10405,verificado
BANCO DEL PACIFICO,2026,5,360476.66,14000,verificado
BANCO DEL PACIFICO,2026,6,25689.91,979,verificado
BANCO DELBANK S.A.,2026,1,161.32,1,verificado
BANCO DELBANK S.A.,2026,5,250.95,1,verificado
BANCO DESARROLLO,2026,3,3804.61,3,verificado
BANCO DESARROLLO,2026,4,9714.63,5,verificado
BANCO DESARROLLO,2026,5,1075.5,1,verificado
BANCO GENERAL RUMIÑAHUI,2026,2,8595.52,21,verificado
BANCO GENERAL RUMIÑAHUI,2026,3,8637.29,250,verificado
BANCO GENERAL RUMIÑAHUI,2026,4,32004.68,741,verificado
BANCO GENERAL RUMIÑAHUI,2026,5,11686.11,222,verificado
BANCO GENERAL RUMIÑAHUI,2026,6,166.1,1,verificado
BANCO GUAYAQUIL,2026,1,79435.75,3162,verificado
BANCO GUAYAQUIL,2026,2,276932.63,7016,verificado
BANCO GUAYAQUIL,2026,3,153694.77,5092,verificado
BANCO GUAYAQUIL,2026,4,197348.55,5604,verificado
BANCO GUAYAQUIL,2026,5,280442.26,7873,verificado
BANCO GUAYAQUIL,2026,6,5217.62,158,verificado
BANCO INTERAMERICANO DE DESAROLLO,2026,3,6115.96,33,verificado
BANCO INTERAMERICANO DE DESAROLLO,2026,4,10785.62,42,verificado
BANCO INTERNACIONAL,2026,2,8657.82,49,verificado
BANCO INTERNACIONAL,2026,3,14182.73,93,verificado
BANCO INTERNACIONAL,2026,4,38674.32,224,verificado
BANCO INTERNACIONAL,2026,5,18570.78,84,verificado
BANCO INTERNACIONAL,2026,6,280.02,1,verificado
BANCO MANABI,2026,1,402.52,57,verificado
BANCO MANABI,2026,2,3652.69,8,verificado
BANCO MANABI,2026,3,35573.29,1331,verificado
BANCO MANABI,2026,4,73396.95,2526,verificado
BANCO MANABI,2026,5,136771.44,3451,verificado
BANCO MANABI,2026,6,5576.05,192,verificado
BANCO PICHINCHA,2026,1,63692.44,831,verificado
BANCO PICHINCHA,2026,2,201480.63,3498,verificado
BANCO PICHINCHA,2026,3,372498.8,7715,verificado
BANCO PICHINCHA,2026,4,556972.62,7731,verificado
BANCO PICHINCHA,2026,5,638017.71,10609,verificado
BANCO PICHINCHA,2026,6,32318.51,751,verificado
BANCO PROCREDIT,2026,2,201.1,1,verificado
BANCO PROCREDIT,2026,3,104.01,2,verificado
BANCO PROCREDIT,2026,4,1265.23,116,verificado
BANCO PROCREDIT,2026,5,4914.8,297,verificado
BANCO PROCREDIT,2026,6,280.02,1,verificado
BANCO PROMERICA,2026,2,413.53,5,verificado
BANCO SOLIDARIO,2026,2,4537.36,394,verificado
BANCO SOLIDARIO,2026,3,4255.05,177,verificado
BANCO SOLIDARIO,2026,4,2500.88,3,verificado
BANCO SOLIDARIO,2026,5,1144.9,3,verificado
BANCO SUDAMERICANO,2026,3,7313.4,1,verificado
BANCO VISION FUND,2026,1,3594.03,225,verificado
BANCO VISION FUND,2026,2,9047.94,313,verificado
BANCO VISION FUND,2026,3,5981.44,416,verificado
BANCO VISION FUND,2026,4,10749.73,149,verificado
BANCO VISION FUND,2026,5,6431.54,184,verificado
BANCO VISION FUND,2026,6,418.88,14,verificado
BANKARD,2026,1,2114.96,318,verificado
BANKARD,2026,2,6653.86,135,verificado
BANKARD,2026,3,48887.89,1443,verificado
BANKARD,2026,4,34716.36,1028,verificado
BANKARD,2026,5,62263.39,1994,verificado
BANKARD,2026,6,7764.11,317,verificado
BARCELONA SPORTING CLUB,2026,1,1812.92,118,verificado
BARCELONA SPORTING CLUB,2026,2,4682.63,288,verificado
BARCELONA SPORTING CLUB,2026,3,6594.45,233,verificado
BARCELONA SPORTING CLUB,2026,4,3923.94,186,verificado
BARCELONA SPORTING CLUB,2026,5,5217.1,77,verificado
BARONI HANDMADE,2026,3,329.07,2,verificado
BARRIO,2026,3,416.03,2,verificado
BASC,2026,1,191.84,37,verificado
BASC,2026,2,1680.13,2,verificado
BASC,2026,3,2303.73,1,verificado
BASICFARM,2026,2,1002.25,4,verificado
BASICFARM,2026,4,402.2,2,verificado
BASSA (JABON),2026,1,8245.6,525,verificado
BASSA (JABON),2026,2,21316.69,574,verificado
BASSA (JABON),2026,3,18884.3,118,verificado
BASSA (JABON),2026,4,3617.81,20,verificado
BASSA (JABON),2026,5,18357.58,673,verificado
BASSA (JABON),2026,6,722.45,49,verificado
BATA,2026,2,402.2,2,verificado
BATA,2026,4,449.12,2,verificado
BATA,2026,5,4607.01,17,verificado
BATAN BUSINESS PARK,2026,4,248.02,1,verificado
BATAN TOWN CENTER,2026,2,14339.78,27,verificado
BATAN TOWN CENTER,2026,3,9734.18,25,verificado
BATAN TOWN CENTER,2026,4,10349.2,20,verificado
BATAN TOWN CENTER,2026,5,4958.3,14,verificado
BATERIAS ECUADOR,2026,3,832.06,4,verificado
BATERIAS ECUADOR,2026,4,5456.35,17,verificado
BATERIAS ECUADOR,2026,5,7280.5,26,verificado
BATH AND BODY WORKS,2026,4,402.2,2,verificado
BAUER,2026,3,1071.83,7,verificado
BAUER,2026,4,1558.54,10,verificado
BAUER,2026,5,2303.51,9,verificado
BAYER,2026,2,496.23,6,verificado
BAYER,2026,3,4784.33,23,verificado
BAYER,2026,4,1240.09,5,verificado
BAYER,2026,5,36.94,1,verificado
BAZAR EL REGALO,2026,2,298.38,2,verificado
BBQ PINCHOS,2026,4,1240.09,5,verificado
BE LIFE,2026,4,201.1,1,verificado
BE LIFE,2026,5,1279.73,5,verificado
BE NATURAL,2026,2,4724.25,22,verificado
BEAUTIK,2026,2,20958.0,84,verificado
BEAUTIK,2026,3,6246.4,34,verificado
BEAUTIK,2026,4,32959.9,129,verificado
BEAUTIK,2026,5,19373.6,72,verificado
BEAUTIK,2026,6,840.06,3,verificado
BEAUTY LASER SPA,2026,3,1018.09,65,verificado
BEAUTY LASER SPA,2026,4,60.0,6,verificado
BEAUTY OF JOSEON,2026,5,767.84,3,verificado
BEAUTY SPA,2026,3,5.39,1,verificado
BEBE MUNDO,2026,2,603.3,3,verificado
BEBE MUNDO,2026,3,329.07,2,verificado
BEE VENOM,2026,1,31033.77,1000,verificado
BEECOLOR,2026,4,3720.27,14,verificado
BEL,2026,5,280.02,1,verificado
BELICIA,2026,2,1005.51,5,verificado
BELICIA,2026,3,3948.85,21,verificado
BELICIA,2026,4,3016.52,15,verificado
BELICIA,2026,5,3327.29,13,verificado
BELLA GLAM,2026,2,603.3,3,verificado
BELLEZA Y ESTILO,2026,5,201.21,13,verificado
BELLEZA Y ESTILO,2026,6,61.91,4,verificado
BELO HORIZONTE,2026,5,403.31,1,verificado
BELORA,2026,2,1005.51,5,verificado
BEMART CORP.,2026,5,1364.22,1,verificado
BENCIALIV,2026,4,823.22,3,verificado
BENCIALIV,2026,6,280.02,1,verificado
BENDITA SHOP,2026,2,550.14,4,verificado
BENDITA SHOP,2026,3,2222.62,14,verificado
BENDITA SHOP,2026,4,1571.9,13,verificado
BENDITA SHOP,2026,5,2003.97,18,verificado
BENDITO,2026,2,903.33,4,verificado
BENDITO,2026,4,898.24,4,verificado
BENDITO,2026,5,280.02,1,verificado
BENDITO,2026,6,280.02,1,verificado
BENDITO MORO,2026,3,329.07,2,verificado
BENDITO MORO,2026,4,1206.61,6,verificado
BENDO,2026,2,3298.13,14,verificado
BENDO,2026,3,3539.7,8,verificado
BENDO,2026,5,280.02,1,verificado
BENEFICA,2026,3,558.07,20,verificado
BENEFICA,2026,4,1076.84,24,verificado
BENEFICA,2026,5,1479.35,20,verificado
BENEFICA,2026,6,253.95,4,verificado
BENVENUTI DA MAURO,2026,2,1005.51,5,verificado
BERRY GOOD,2026,5,280.02,1,verificado
BEST DOCTORS,2026,4,965.25,1,verificado
BEST SEÑALETICAS,2026,3,136.41,17,verificado
BESTER,2026,2,201.1,1,verificado
BESTER,2026,3,416.03,2,verificado
BESTER,2026,4,992.08,4,verificado
BET593,2026,1,18879.32,1007,verificado
BET593,2026,2,16742.12,1140,verificado
BET593,2026,3,38786.18,2603,verificado
BET593,2026,4,58360.5,3114,verificado
BET593,2026,5,123297.77,5080,verificado
BET593,2026,6,3393.63,190,verificado
BETANO,2026,2,9459.96,225,verificado
BETANO,2026,3,4371.12,237,verificado
BETANO,2026,4,7345.19,282,verificado
BETANO,2026,5,10467.7,247,verificado
BETANO,2026,6,578.27,17,verificado
BETCRIS,2026,1,2064.98,209,verificado
BETCRIS,2026,2,9145.9,566,verificado
BETCRIS,2026,3,17001.24,620,verificado
BETCRIS,2026,4,30064.15,765,verificado
BETCRIS,2026,5,22878.43,608,verificado
BETCRIS,2026,6,1225.79,42,verificado
BETHEL SEGUROS,2026,3,208.01,1,verificado
BETPLAY,2026,2,54.49,4,verificado
BETTERWARE,2026,6,280.02,1,verificado
BEVERLY,2026,5,767.84,3,verificado
BGR VISA,2026,2,1407.71,7,verificado
BHUMI FEEL GOOD KITCHEN,2026,4,248.02,1,verificado
BIC,2026,2,201.1,1,verificado
BIC,2026,4,6060.65,19,verificado
BIC,2026,5,5071.29,14,verificado
BIELA,2026,2,4972.75,794,verificado
BIELA,2026,3,6204.82,209,verificado
BIELA,2026,4,2339.44,10,verificado
BIELA,2026,5,1400.1,5,verificado
BIG COLA,2026,1,17.92,2,verificado
BIG COLA,2026,2,1585.58,75,verificado
BIG COLA,2026,3,3591.83,165,verificado
BIG COLA,2026,4,21097.54,240,verificado
BIG COLA,2026,5,33269.56,922,verificado
BIG COLA,2026,6,4687.72,110,verificado
BIGEN,2026,2,4022.03,20,verificado
BIGEN,2026,5,2095.71,8,verificado
BIKE SHOP,2026,5,255.95,1,verificado
BILOVA,2026,4,125.57,62,verificado
BILOVA,2026,5,36.14,27,verificado
BILOXI COMIDA TIPICA,2026,3,711.05,72,verificado
BIMBO,2026,3,4367.37,18,verificado
BIMBO,2026,4,2619.82,5,verificado
BIMBO,2026,5,606.13,8,verificado
BIMBO,2026,6,535.96,2,verificado
BIMBO GLOBAL RACE,2026,3,1664.12,8,verificado
BIMBO GLOBAL RACE,2026,4,248.02,1,verificado
BINMUNE,2026,5,8184.34,24,verificado
BIO IN,2026,2,2226.51,1,verificado
BIO IN,2026,3,965.25,1,verificado
BIO MIRACLE,2026,3,329.07,2,verificado
BIO TANIK,2026,3,329.07,2,verificado
BIOALIMENTAR CIA LTDA,2026,2,600.04,2,verificado
BIOALIMENTAR CIA LTDA,2026,3,4635.14,25,verificado
BIOALIMENTAR CIA LTDA,2026,4,4833.03,19,verificado
BIOALIMENTAR CIA LTDA,2026,5,9376.21,34,verificado
BIODERMA,2026,2,27684.83,86,verificado
BIODERMA,2026,3,38008.8,149,verificado
BIODERMA,2026,4,31589.94,95,verificado
BIODERMA,2026,5,20752.02,68,verificado
BIODIMED,2026,2,201.1,1,verificado
BIODIMED,2026,3,329.07,2,verificado
BIOGENET,2026,5,26655.0,145,verificado
BIOGENET,2026,6,2392.52,15,verificado
BIOLANS,2026,4,3163.62,7,verificado
BIOLANS,2026,5,35093.12,62,verificado
BIORE,2026,2,884.92,4,verificado
BIORE,2026,3,1106.15,4,verificado
BIORE,2026,5,280.02,1,verificado
BIORECICLAR CIA. LTDA,2026,5,611.11,4,verificado
BIOSALUD CENTRO MEDICO,2026,3,416.03,2,verificado
BIOSIL,2026,2,22245.92,92,verificado
BIOSIL,2026,3,20406.17,80,verificado
BIOSIL,2026,4,16337.33,103,verificado
BIOSIL,2026,5,2102.16,16,verificado
BIOSIL,2026,6,818.54,18,verificado
BIOT ZINC,2026,2,4111.16,16,verificado
BIOT ZINC,2026,3,1161.13,6,verificado
BIOT ZINC,2026,5,560.04,2,verificado
BIOTOP PROFESSIONAL,2026,3,658.14,4,verificado
BIOTOP PROFESSIONAL,2026,5,767.84,3,verificado
BIOTOS,2026,2,3702.44,13,verificado
BIOTOS,2026,3,4368.3,21,verificado
BIOTOS,2026,4,2232.17,9,verificado
BIOTOS,2026,5,3360.23,12,verificado
BIRETIX,2026,2,6804.81,22,verificado
BIRETIX,2026,4,5114.54,19,verificado
BIRM,2026,1,110.61,36,verificado
BIRM,2026,2,743.39,68,verificado
BIRM,2026,3,219.87,10,verificado
BIRM,2026,4,32.05,22,verificado
BIRM,2026,5,576.06,13,verificado
BIRRA,2026,5,255.95,1,verificado
BISCOLATA,2026,3,329.07,2,verificado
BISCOLATA,2026,4,804.41,4,verificado
BISCOLATA,2026,5,9214.03,36,verificado
BISCOTTI,2026,5,840.06,3,verificado
BISMUSAL,2026,4,5890.36,19,verificado
BISMUSAL,2026,5,7280.48,24,verificado
BISMUSAL,2026,6,280.02,1,verificado
BISMUTOL,2026,2,1206.61,6,verificado
BISMUTOL,2026,3,7267.71,39,verificado
BISMUTOL,2026,4,74762.35,1000,verificado
BISMUTOL,2026,5,27220.7,394,verificado
BISOLVON LINCTUS,2026,5,14269.3,261,verificado
BISOLVON LINCTUS,2026,6,2261.32,26,verificado
BISTRO AL PASO,2026,3,329.07,2,verificado
BIYO (MEDICINA CLINICA ESTETICA),2026,3,11.85,2,verificado
BIYO (MEDICINA CLINICA ESTETICA),2026,4,21.0,2,verificado
BIYO (MEDICINA CLINICA ESTETICA),2026,5,10.5,1,verificado
BIYO CENTER,2026,3,35.55,3,verificado
BLACK & DECKER,2026,3,208.01,1,verificado
BLACKPHONE STORE,2026,3,372.55,2,verificado
BLACKPHONE STORE,2026,5,560.04,2,verificado
BLANCHY,2026,2,1053.5,2,verificado
BLANCO EQUIPOS MEDICOS,2026,3,965.25,1,verificado
BLEMIL,2026,2,600.04,2,verificado
BLEMIL,2026,3,1161.13,6,verificado
BLEMIL,2026,4,248.02,1,verificado
BLEMIL,2026,5,1120.08,4,verificado
BLENDAX,2026,1,1144.47,87,verificado
BLENDAX,2026,2,1589.88,123,verificado
BLENDAX,2026,3,2330.39,150,verificado
BLENDAX,2026,4,1506.27,65,verificado
BLENDY,2026,1,531.74,39,verificado
BLENDY,2026,2,673.31,50,verificado
BLENDY,2026,3,712.77,53,verificado
BLENDY,2026,4,563.5,28,verificado
BLESS HEALTH TOWER,2026,1,1234.8,122,verificado
BLESS HEALTH TOWER,2026,2,2490.63,251,verificado
BLESS HEALTH TOWER,2026,3,3029.33,291,verificado
BLESS HEALTH TOWER,2026,4,2637.6,184,verificado
BLESS HEALTH TOWER,2026,5,2691.75,192,verificado
BLESS HEALTH TOWER,2026,6,62.1,5,verificado
BLESS HEALTHY FOODS,2026,5,12110.83,44,verificado
BLUE RADIO 101.3,2026,1,852.4,1,verificado
BLUE SKY TRAVEL,2026,2,300.02,1,verificado
BLUE SKY TRAVEL,2026,4,62.01,1,verificado
BLUE TOWN CENTER,2026,5,1120.08,4,verificado
BM TOURS,2026,3,329.07,2,verificado
BMI DEL ECUADOR,2026,2,21331.98,188,verificado
BMI DEL ECUADOR,2026,3,4520.37,76,verificado
BMI DEL ECUADOR,2026,4,10375.45,42,verificado
BMI DEL ECUADOR,2026,5,4191.41,14,verificado
BMI DEL ECUADOR,2026,6,280.02,1,verificado
BMW,2026,2,5676.47,18,verificado
BMW,2026,4,1240.09,5,verificado
BOBOLON,2026,5,2047.56,8,verificado
BOCATTO DA FIORENTINO,2026,4,603.3,3,verificado
BODEGA DEPORTIVA,2026,2,201.1,1,verificado
BODEGA DEPORTIVA,2026,3,7239.5,26,verificado
BODY CARE,2026,2,975.07,4,verificado
BODY CARE,2026,3,1248.09,6,verificado
BODY NATUR,2026,4,449.12,2,verificado
BOEHRINGEN INGELHEIM DEL ECUADOR,2026,3,629.68,71,verificado
BOEHRINGEN INGELHEIM DEL ECUADOR,2026,4,2917.34,249,verificado
BOGATI,2026,2,9112.6,33,verificado
BOGATI,2026,3,14287.31,69,verificado
BOGATI,2026,4,7502.54,28,verificado
BOGATI,2026,5,10990.73,37,verificado
BOGATI,2026,6,840.06,3,verificado
BOHTRI C.LTDA.,2026,2,300.02,1,verificado
BOHTRI C.LTDA.,2026,4,2232.17,9,verificado
BOHTRI C.LTDA.,2026,5,280.02,1,verificado
BOLON DEL SUR,2026,2,603.3,3,verificado
BOLONIA,2026,2,2904.53,9,verificado
BOLONIA,2026,3,8944.59,38,verificado
BOLONIA,2026,4,8432.59,30,verificado
BOLONIA,2026,5,7000.48,25,verificado
BOLONIA,2026,6,280.02,1,verificado
BOLSA DE VALORES DE QUITO,2026,5,511.89,2,verificado
BOMBOLI SHOPPING,2026,5,295.65,34,verificado
BON O BON,2026,2,8421.13,198,verificado
BON O BON,2026,3,1423.22,149,verificado
BON O BON,2026,5,900.3,48,verificado
BONAGERMIN,2026,1,5687.17,112,verificado
BONAGERMIN,2026,2,18519.38,412,verificado
BONAGERMIN,2026,3,624.04,3,verificado
BONAGERMIN,2026,4,575.2,2,verificado
BONELLA,2026,3,2496.17,12,verificado
BONELLA,2026,4,50118.14,418,verificado
BONELLA,2026,5,35437.41,98,verificado
BONFIEST PLUS,2026,1,22371.03,531,verificado
BONFIEST PLUS,2026,2,37575.79,1537,verificado
BONFIEST PLUS,2026,3,34955.92,1120,verificado
BONFIEST PLUS,2026,4,28283.76,655,verificado
BONFIEST PLUS,2026,5,40815.77,1254,verificado
BONFIEST PLUS,2026,6,2705.19,127,verificado
BONGO (LIFE),2026,2,300.02,1,verificado
BOOSTMIX,2026,1,2211.38,82,verificado
BOOSTMIX,2026,2,1946.18,84,verificado
BOOSTMIX,2026,3,1089.37,42,verificado
BORA BORA,2026,2,3412.2,15,verificado
BORA BORA,2026,3,1698.22,9,verificado
BORBOR MARKET,2026,2,3300.24,11,verificado
BORBOR MARKET,2026,3,3796.26,19,verificado
BORBOR MARKET,2026,4,6059.68,21,verificado
BORBOR MARKET,2026,5,8352.43,30,verificado
BORBOR MARKET,2026,6,840.06,3,verificado
BORN,2026,2,5027.54,25,verificado
BORN,2026,3,2138.96,11,verificado
BOSCH,2026,1,1394.14,160,verificado
BOSCH,2026,2,1403.37,162,verificado
BOSCH,2026,3,7313.72,662,verificado
BOSCH,2026,4,16124.98,1151,verificado
BOSCH,2026,5,16561.32,1041,verificado
BOSCH,2026,6,1340.83,75,verificado
BOSCH CAR SERVICE,2026,2,600.04,2,verificado
BOTICA BARCIA,2026,1,63.28,16,verificado
BOTICA BARCIA,2026,2,40.68,12,verificado
BOTICA BARCIA,2026,3,74.58,22,verificado
BOTICA BARCIA,2026,4,21.05,16,verificado
BOTICA BARCIA,2026,5,30.0,20,verificado
BOX LEGEND LIVE,2026,2,74.4,4,verificado
BOX LEGEND LIVE,2026,3,223.2,12,verificado
BP HERRAMIENTAS,2026,5,280.02,1,verificado
BRANDS OUTLET,2026,2,2262.38,11,verificado
BRANDS OUTLET,2026,3,2961.65,18,verificado
BRANDS OUTLET,2026,4,3820.9,16,verificado
BRANDS OUTLET,2026,5,1279.73,5,verificado
BRAU GASTRO PUB,2026,3,822.68,5,verificado
BRAVECTO,2026,4,977.41,4,verificado
BRAVECTO,2026,5,663.7,2,verificado
BRIDGESTONE,2026,2,18.0,1,verificado
BRISAS DE LA PERLA,2026,1,1478.29,196,verificado
BRISAS DE LA PERLA,2026,2,1200.11,146,verificado
BRISAS DE LA PERLA,2026,3,915.38,33,verificado
BRISAS DE LA PERLA,2026,4,1790.9,229,verificado
BRISAS DE LA PERLA,2026,5,1608.0,190,verificado
BRISAS DE LA PERLA,2026,6,141.39,16,verificado
BRODMEN S.A.,2026,2,1675.44,39,verificado
BRODMEN S.A.,2026,3,4811.52,112,verificado
BRODMEN S.A.,2026,4,4950.37,73,verificado
BRODMEN S.A.,2026,5,1636.29,21,verificado
BROMELIASA,2026,4,2341.0,3,verificado
BRONCOTOSIL,2026,3,832.06,4,verificado
BRONCOTOSIL,2026,6,280.02,1,verificado
BROTHER,2026,3,832.06,4,verificado
BROTHER,2026,4,6260.8,24,verificado
BSMART,2026,5,511.89,2,verificado
BUCHANAN S,2026,5,3959.55,15,verificado
BUDOKAN,2026,5,6514.49,11,verificado
BUEN PLAN,2026,3,1222.94,1,verificado
BUEN PLAN,2026,4,2647.79,11,verificado
BUEN PLAN,2026,5,12029.41,43,verificado
BUEN PLAN,2026,6,255.95,1,verificado
BUENDIA,2026,2,8446.24,40,verificado
BUENDIA,2026,3,2961.64,17,verificado
BUENDIA,2026,4,402.2,2,verificado
BUESTAN,2026,4,1984.14,7,verificado
BUFFALO GRILL,2026,2,5106.84,15,verificado
BUFFALO GRILL,2026,3,1248.09,6,verificado
BUFFALO GRILL,2026,5,560.04,2,verificado
BUFFALOS CARNES A LA PARRILLA,2026,2,1005.51,5,verificado
BUGANVILLA GARDENS,2026,2,53.75,4,verificado
BUGANVILLA GARDENS,2026,3,6.93,1,verificado
BUGANVILLA GARDENS,2026,4,19.73,3,verificado
BUGGATTI,2026,1,577.96,44,verificado
BUGGATTI,2026,2,1800.13,6,verificado
BUGGATTI,2026,3,1040.07,5,verificado
BUGGATTI,2026,4,4216.31,16,verificado
BUGGATTI POLO CUP,2026,3,1222.94,1,verificado
BUGGATTI POLO CUP,2026,5,852.4,1,verificado
BUHO MARKET,2026,2,201.1,1,verificado
BUHO MARKET,2026,5,255.95,1,verificado
BUIJO CITY CENTER,2026,2,1206.6,5,verificado
BUIJO CITY CENTER,2026,3,658.14,4,verificado
BULL PADEL,2026,3,5.52,2,verificado
BUPA ECUADOR S.A.,2026,1,983.55,166,verificado
BUPA ECUADOR S.A.,2026,2,1617.18,240,verificado
BUPA ECUADOR S.A.,2026,3,2594.62,276,verificado
BUPA ECUADOR S.A.,2026,4,3291.58,223,verificado
BUPA ECUADOR S.A.,2026,5,2667.0,254,verificado
BUPA ECUADOR S.A.,2026,6,364.02,9,verificado
BUPREX,2026,3,2778.59,351,verificado
BUPREX,2026,4,2474.0,271,verificado
BUPREX,2026,5,31.86,5,verificado
BUPREX,2026,6,308.61,33,verificado
BURBUJAS,2026,2,9623.51,38,verificado
BURBUJAS,2026,3,10069.51,58,verificado
BURBUJAS,2026,4,15967.37,72,verificado
BURBUJAS,2026,5,9006.23,35,verificado
BURBUJAS,2026,6,280.02,1,verificado
BURGER KING,2026,2,1523.58,7,verificado
BURGER KING,2026,3,8591.71,113,verificado
BURGER KING,2026,4,3682.95,62,verificado
BURGER KING,2026,5,16575.31,311,verificado
BURGER KING,2026,6,280.02,1,verificado
BURGERPARK,2026,5,255.95,1,verificado
BURNEO CARRION DISEÑO CIA. LTDA.,2026,2,201.1,1,verificado
BURNEO CARRION DISEÑO CIA. LTDA.,2026,4,965.25,1,verificado
BURNEO CARRION DISEÑO CIA. LTDA.,2026,5,2357.9,2,verificado
BUSINESS IT,2026,2,965.25,1,verificado
BUZZ,2026,1,125.92,16,verificado
BUZZ,2026,2,62.96,8,verificado
BUZZ,2026,3,31.48,4,verificado
BYD,2026,2,444.03,42,verificado
BYD,2026,3,1537.07,135,verificado
BYD,2026,4,1856.56,50,verificado
BYD,2026,5,560.04,2,verificado
BYPHASSE,2026,2,201.1,1,verificado
C ICE,2026,5,1120.08,4,verificado
C. C.  LA PIAZZA,2026,2,201.1,1,verificado
C. C.  LA PIAZZA,2026,3,5985.51,30,verificado
C. C.  LA PIAZZA,2026,5,3327.29,13,verificado
C. C. ATAHUALPA,2026,1,11.21,2,verificado
C. C. CARACOL,2026,3,658.14,4,verificado
C. C. EL BOSQUE,2026,3,306.07,48,verificado
C. C. EL BOSQUE,2026,4,896.98,108,verificado
C. C. EL BOSQUE,2026,5,1082.19,117,verificado
C. C. EL BOSQUE,2026,6,165.02,17,verificado
C. C. EL RECREO,2026,1,179.23,24,verificado
C. C. EL RECREO,2026,2,230.1,22,verificado
C. C. EL RECREO,2026,3,125.3,10,verificado
C. C. EL RECREO,2026,4,1961.73,32,verificado
C. C. EL RECREO,2026,5,2507.62,147,verificado
C. C. EL RECREO,2026,6,362.46,6,verificado
C. C. MILENIUM PLAZA,2026,2,4513.36,18,verificado
C. C. MILENIUM PLAZA,2026,4,7621.54,26,verificado
C. C. SAN LUIS SHOPPING,2026,3,415.01,51,verificado
C.C.I.,2026,5,2028.41,209,verificado
C.C.I.,2026,6,274.32,26,verificado
CABLE FAMILIA,2026,1,5843.32,416,verificado
CABLE FAMILIA,2026,2,5508.47,435,verificado
CABLE FAMILIA,2026,3,6364.43,508,verificado
CABLE FAMILIA,2026,4,2306.01,497,verificado
CABLE FAMILIA,2026,5,2432.43,470,verificado
CABLE FAMILIA,2026,6,158.32,39,verificado
CACSPMEC,2026,3,2303.73,1,verificado
CACSPMEC,2026,5,965.25,1,verificado
CAFE BOMBON S,2026,2,300.02,1,verificado
CAFE BOMBON S,2026,3,2138.97,13,verificado
CAFE BOMBON S,2026,5,791.91,3,verificado
CAFE DE CAMPO,2026,5,767.84,3,verificado
CAFE ORO,2026,3,5808.51,174,verificado
CAFE ORO,2026,4,5748.7,426,verificado
CAFE ORO,2026,5,4850.48,14,verificado
CAFE ORO,2026,6,587.8,2,verificado
CAFE SELLO ROJO,2026,2,14059.48,27,verificado
CAFE VELEZ,2026,3,208.01,1,verificado
CAFE VELEZ,2026,4,496.04,2,verificado
CAITRON,2026,4,38.82,29,verificado
CAITRON,2026,5,5.35,4,verificado
CAJUN REST.,2026,2,4707.95,18,verificado
CAJUN REST.,2026,3,3032.4,16,verificado
CAJUN REST.,2026,5,840.06,3,verificado
CALCIBON,2026,4,201.1,1,verificado
CALENDULIN,2026,2,300.02,1,verificado
CALOS ESTETICA,2026,1,26.93,5,verificado
CALVIN KLEIN,2026,2,600.04,2,verificado
CALVIN KLEIN,2026,3,575.88,5,verificado
CALVIN KLEIN,2026,4,402.2,2,verificado
CALVIN KLEIN,2026,5,2116.77,3,verificado
CALZADO SUAVE,2026,3,2041.56,151,verificado
CALZADO SUAVE,2026,4,1275.0,130,verificado
CALZADO SUAVE,2026,5,3289.01,282,verificado
CALZADO SUAVE,2026,6,283.44,23,verificado
CAMARA COMERCIO DE GUAYAQUIL,2026,5,2554.71,1,verificado
CAMARA COMERCIO DE GUAYAQUIL,2026,6,560.04,2,verificado
CAMARA COMERCIO DE QUITO,2026,4,496.04,2,verificado
CAMARA COMERCIO DE QUITO,2026,5,585.82,6,verificado
CAMARA CONSTRUCCION DE CUENCA,2026,3,208.01,1,verificado
CAMARA CONSTRUCCION GUAYAQUIL,2026,5,527.0,1,verificado
CAMARA DE COMERCIO DE GUAYAQUIL,2026,3,2080.13,8,verificado
CAMARA DE COMERCIO EXTERIOR,2026,2,9343.06,43,verificado
CAMARA DE COMERCIO EXTERIOR,2026,3,6416.89,36,verificado
CAMARA DE COMERCIO EXTERIOR,2026,4,10906.35,47,verificado
CAMARA DE COMERCIO EXTERIOR,2026,5,7726.5,29,verificado
CAMARA DE COMERCIO EXTERIOR,2026,6,255.95,1,verificado
CAMARA DE INDUSTRIAS Y PRODUCCION,2026,2,677.57,2,verificado
CAMARA DE INDUSTRIAS Y PRODUCCION,2026,3,376.43,1,verificado
CAMARA DE INNOV. Y TECNOL. ECUT. (CITEC),2026,5,280.02,1,verificado
CAMARA DE MINERIA DEL ECUADOR,2026,2,6824.4,29,verificado
CAMARA DE MINERIA DEL ECUADOR,2026,3,4141.52,21,verificado
CAMARA DE MINERIA DEL ECUADOR,2026,4,9726.45,41,verificado
CAMARA DE MINERIA DEL ECUADOR,2026,5,6595.66,29,verificado
CAMARA MARITIMA DEL ECUADOR (CAMAE),2026,4,117.11,1,verificado
CAMARA NACIONAL DE ACUACULTURA,2026,3,2303.73,1,verificado
CAMARA PEQUEÑA IND. GUAYAS,2026,3,179.25,1,verificado
CAMARONERA AGROMARINA S.A.,2026,4,57.36,1,verificado
CAMARONERA LEBANA S.A.,2026,4,57.36,1,verificado
CAMARUN,2026,3,349.55,59,verificado
CAMBIO ESTETIC,2026,2,2815.41,13,verificado
CAMBIO ESTETIC,2026,3,1316.29,8,verificado
CAMBRIDGE ENGLISH INSTITUTE,2026,2,1005.51,5,verificado
CAMBRIDGE ENGLISH INSTITUTE,2026,6,560.04,2,verificado
CAMISERIA INGLESA,2026,1,530.16,20,verificado
CAMPEONATO MUNDIAL MILITAR DE EQUITACION,2026,5,978.83,44,verificado
CAMPEONATO MUNDIAL MILITAR DE EQUITACION,2026,6,157.89,14,verificado
CAMPERO,2026,1,47.4,8,verificado
CAMPERO,2026,2,5614.17,93,verificado
CAMPERO,2026,3,3753.5,85,verificado
CAMPERO,2026,4,4531.54,75,verificado
CAMPERO,2026,5,3890.08,59,verificado
CAMPO SANTO PARQUE DE LA PAZ,2026,2,5355.69,4,verificado
CAMPO VIEJO EMPANADAS,2026,4,402.2,2,verificado
CAMPOSANTO SANTA ANA,2026,3,208.01,1,verificado
CAMPOSANTO SANTA ANA,2026,4,402.2,2,verificado
CANA PRODUCCIONES,2026,2,220.88,25,verificado
CANABIS GEL,2026,5,2459.4,256,verificado
CANABIS GEL,2026,6,394.66,56,verificado
CANDELARIA GRILL,2026,2,201.1,1,verificado
CANDELARIA GRILL,2026,3,493.61,3,verificado
CANDELARIA GRILL,2026,4,402.2,2,verificado
CANDELARIA GRILL,2026,5,255.95,1,verificado
CANELA,2026,1,434.4,26,verificado
CANELA,2026,2,417.7,25,verificado
CANELA,2026,3,714.25,45,verificado
CANELA,2026,4,3686.73,168,verificado
CANELA,2026,5,564.71,22,verificado
CANELA,2026,6,25.67,1,verificado
CANELA TV,2026,5,38.5,2,verificado
CANI,2026,1,29.84,7,verificado
CANI,2026,2,3020.78,15,verificado
CANI,2026,3,3784.31,20,verificado
CANIJO,2026,3,822.68,5,verificado
CANIJO,2026,4,1240.09,5,verificado
CANIJO,2026,5,280.02,1,verificado
CANNES LIONS,2026,4,10499.62,3,verificado
CANON,2026,2,603.3,3,verificado
CANON,2026,3,1151.75,7,verificado
CANON,2026,4,603.3,3,verificado
CANON,2026,5,511.89,2,verificado
CANTO BAR KARAOKE,2026,5,1023.78,4,verificado
CANTONES INTERNACIONAL,2026,3,658.14,4,verificado
CANTU,2026,3,416.03,2,verificado
CANTU,2026,4,603.3,3,verificado
CANTU,2026,6,280.02,1,verificado
CAPEIPI,2026,5,280.02,1,verificado
CAPITAN CANGREJO,2026,2,89.86,30,verificado
CAPITAN CANGREJO,2026,3,35.39,11,verificado
CAR CONNECTION,2026,5,255.95,1,verificado
CAR SHOP,2026,3,243.1,8,verificado
CARAN CERVEZA,2026,2,402.2,2,verificado
CARAN FEST,2026,2,363.63,46,verificado
CARAVANA TV,2026,2,305.67,37,verificado
CARAVANA TV,2026,3,108.88,13,verificado
CARDIO HEREDIA,2026,2,0.9,5,verificado
CARESTINO,2026,2,38938.62,166,verificado
CARESTINO,2026,3,24131.35,134,verificado
CARESTINO,2026,4,32530.95,128,verificado
CARESTINO,2026,5,29158.73,105,verificado
CARESTINO,2026,6,1047.86,4,verificado
CARFEST,2026,4,7888.83,410,verificado
CARGILL,2026,3,2468.27,2,verificado
CARGILL,2026,5,1178.95,1,verificado
CARIOCA LA ORIGINAL,2026,2,60.14,12,verificado
CARITAS,2026,2,619.37,59,verificado
CARITAS,2026,3,1594.94,152,verificado
CARLOS RODRIGUEZ,2026,5,142.3,14,verificado
CARLOS RODRIGUEZ,2026,6,6.96,1,verificado
CARLS JR.,2026,1,2050.18,220,verificado
CARLS JR.,2026,2,20888.09,675,verificado
CARLS JR.,2026,3,14769.08,799,verificado
CARLS JR.,2026,4,8834.12,481,verificado
CARLS JR.,2026,5,20300.67,750,verificado
CARLS JR.,2026,6,1095.35,69,verificado
CARMAOS CEVICHES,2026,4,402.2,2,verificado
CARNAVAL CRUCITA,2026,2,611.4,1,verificado
CARNAVAL WINDSOR,2026,2,60.14,12,verificado
CARNITAS,2026,3,624.04,3,verificado
CARNITAS,2026,4,248.02,1,verificado
CARNITAS,2026,5,1680.12,6,verificado
CARNITAS,2026,6,280.02,1,verificado
CAROLINA HERRERA,2026,6,280.02,1,verificado
CARTELERAS,2026,1,2351.2,61,verificado
CARTELERAS,2026,2,3903.24,80,verificado
CARTER´S,2026,2,2212.1,9,verificado
CARTER´S,2026,3,29.98,2,verificado
CARTER´S,2026,4,1407.69,5,verificado
CARTER´S,2026,5,1559.73,83,verificado
CARTER´S,2026,6,106.4,8,verificado
CARTIER,2026,3,1357.42,9,verificado
CARTONERA PICHINCHA,2026,2,402.2,2,verificado
CARTONERA PICHINCHA,2026,5,63.99,1,verificado
CARTOPEL S.A.,2026,2,3037.32,2,verificado
CARTOPEL S.A.,2026,3,4980.69,2,verificado
CARTOPEL S.A.,2026,4,1364.22,1,verificado
CARTOPEL S.A.,2026,5,1415.7,1,verificado
CARTOPEL S.A.,2026,6,1364.22,1,verificado
CASA CERAMICA,2026,2,663.69,3,verificado
CASA CERAMICA,2026,3,6194.48,15,verificado
CASA CERAMICA,2026,4,70174.76,122,verificado
CASA CERAMICA,2026,5,56414.28,117,verificado
CASA CERAMICA,2026,6,1991.09,3,verificado
CASA CHRONO,2026,2,1005.51,5,verificado
CASA CHRONO,2026,4,201.1,1,verificado
CASA CHRONO,2026,5,767.84,3,verificado
CASA CHRONO,2026,6,255.95,1,verificado
CASA CONFORT,2026,1,394.63,36,verificado
CASA CONFORT,2026,2,416.56,38,verificado
CASA CONFORT,2026,3,109.62,10,verificado
CASA DE LA CULTURA,2026,1,11.85,2,verificado
CASA DE LA CULTURA,2026,3,11.85,2,verificado
CASA DE LA CULTURA,2026,4,21.0,2,verificado
CASA DE LA MUSICA,2026,1,4058.02,25,verificado
CASA DE LA MUSICA,2026,2,2849.25,58,verificado
CASA DE LA MUSICA,2026,3,3828.8,10,verificado
CASA DE LA MUSICA,2026,4,3539.7,8,verificado
CASA DE LA MUSICA,2026,5,3765.29,16,verificado
CASA DE LA MUSICA,2026,6,566.35,1,verificado
CASA GANGOTENA,2026,2,5400.36,16,verificado
CASA GANGOTENA,2026,3,416.03,2,verificado
CASA GANGOTENA,2026,4,6944.44,21,verificado
CASA GANGOTENA,2026,5,4471.44,16,verificado
CASA LAGUNA URB,2026,2,1513.28,15,verificado
CASA LAGUNA URB,2026,3,2145.33,133,verificado
CASA LAGUNA URB,2026,4,1797.27,7,verificado
CASA LAGUNA URB,2026,5,3257.22,12,verificado
CASA LAGUNA URB,2026,6,255.95,1,verificado
CASA MUSICAL PARRA,2026,1,901.78,59,verificado
CASA MUSICAL PARRA,2026,2,1291.86,86,verificado
CASA MUSICAL PARRA,2026,3,12.58,1,verificado
CASA MUSICAL PARRA,2026,4,13.04,1,verificado
CASA MUSICAL PARRA,2026,5,586.77,37,verificado
CASA MUSICAL PARRA,2026,6,34.77,2,verificado
CASA MUSICAL VELASCO,2026,2,5116.67,22,verificado
CASA MUSICAL VELASCO,2026,3,7171.38,41,verificado
CASA MUSICAL VELASCO,2026,4,9009.25,39,verificado
CASA MUSICAL VELASCO,2026,5,5191.13,20,verificado
CASA NANDA,2026,2,1628.65,8,verificado
CASA NOVO,2026,3,493.61,3,verificado
CASABACA,2026,1,125.3,10,verificado
CASABACA,2026,2,137.83,11,verificado
CASABACA,2026,3,2119.29,87,verificado
CASABACA,2026,4,584.77,49,verificado
CASABACA,2026,5,8954.7,614,verificado
CASABACA,2026,6,75.47,7,verificado
CASACAS ROJAS,2026,1,118.5,30,verificado
CASACAS ROJAS,2026,2,106.65,27,verificado
CASACAS ROJAS,2026,3,94.8,24,verificado
CASACAS ROJAS,2026,4,170.37,39,verificado
CASACAS ROJAS,2026,5,78.63,18,verificado
CASAPLAN/MOTORPLAN,2026,2,1407.71,7,verificado
CASAPLAN/MOTORPLAN,2026,3,2884.46,33,verificado
CASAPLAN/MOTORPLAN,2026,4,2429.75,28,verificado
CASAPLAN/MOTORPLAN,2026,5,3974.61,19,verificado
CASAS (COSAS),2026,1,3.95,1,verificado
CASAS (COSAS),2026,2,4086.22,3,verificado
CASAS (COSAS),2026,3,4633.2,2,verificado
CASAS (COSAS),2026,4,1769.62,1,verificado
CASAS (COSAS),2026,5,1093.95,1,verificado
CASTILLO HERMANOS,2026,1,1268.76,200,verificado
CASTILLO HERMANOS,2026,2,1812.18,288,verificado
CASTILLO HERMANOS,2026,3,2643.95,421,verificado
CASTILLO HERMANOS,2026,4,4527.03,407,verificado
CASTILLO HERMANOS,2026,5,4053.18,369,verificado
CASTILLO HERMANOS,2026,6,310.84,26,verificado
CASTROL,2026,4,7249.17,31,verificado
CASTROL,2026,5,5934.42,22,verificado
CAT,2026,2,934.06,7,verificado
CAT,2026,3,4898.29,29,verificado
CAT,2026,4,4662.25,18,verificado
CAT,2026,5,1403.78,5,verificado
CATEDRAL DEL CAFE,2026,5,511.89,2,verificado
CATS RESTAURANTE,2026,2,600.04,2,verificado
CATS RESTAURANTE,2026,3,208.01,1,verificado
CAVALIERI MEN`S SUITS,2026,1,4413.39,30,verificado
CAVALIERI MEN`S SUITS,2026,2,2400.6,16,verificado
CAVALIERI MEN`S SUITS,2026,3,5218.34,36,verificado
CAVANNI DESING,2026,6,280.02,1,verificado
CAWI,2026,3,624.04,3,verificado
CAÑA MANABITA,2026,5,705.6,1,verificado
CAÑONAZO,2026,2,201.1,1,verificado
CAÑONAZO,2026,3,987.22,6,verificado
CAÑONAZO,2026,4,1548.46,7,verificado
CCMANGOS S.A.,2026,5,89.62,1,verificado
CECOMEX S.A.,2026,2,4498.2,1,verificado
CECUAMAQ C.A.,2026,3,164.54,1,verificado
CEDEPA TUNING AUDIO XTREME,2026,3,416.03,2,verificado
CEDEPA TUNING AUDIO XTREME,2026,4,1937.23,8,verificado
CEDEPA TUNING AUDIO XTREME,2026,5,535.96,2,verificado
CEISA,2026,3,1651.68,222,verificado
CEISA,2026,4,14457.6,1004,verificado
CEISA,2026,5,14788.8,1027,verificado
CEISA,2026,6,1267.2,88,verificado
CELERITY,2026,1,22819.88,1074,verificado
CELERITY,2026,2,26435.97,1494,verificado
CELERITY,2026,3,13782.31,742,verificado
CELERITY,2026,4,56537.26,1757,verificado
CELERITY,2026,5,53850.31,1331,verificado
CELERITY,2026,6,3519.49,109,verificado
CELLSHOP,2026,1,9143.75,95,verificado
CELLSHOP,2026,2,5486.25,57,verificado
CELLSHOP,2026,3,673.75,7,verificado
CELLSHOP,2026,4,10395.0,108,verificado
CELLSHOP,2026,5,10298.75,107,verificado
CELLSHOP,2026,6,770.0,8,verificado
CEMENTERIO GENERAL GUAYAQUIL,2026,5,4473.01,231,verificado
CEMENTERIO GENERAL GUAYAQUIL,2026,6,883.34,42,verificado
CEMENTO ATENAS,2026,2,6600.43,19,verificado
CEMENTO ATENAS,2026,3,2912.19,13,verificado
CEMENTO ATENAS,2026,4,2433.27,10,verificado
CEMENTO CHIMBORAZO,2026,5,1422.75,70,verificado
CEMENTO CHIMBORAZO,2026,6,304.5,15,verificado
CEMENTO SELVA ALEGRE S.A.,2026,3,1185.39,2,verificado
CEMENTO SELVA ALEGRE S.A.,2026,4,6960.36,177,verificado
CEMENTO SELVA ALEGRE S.A.,2026,5,22379.46,568,verificado
CEMENTO SELVA ALEGRE S.A.,2026,6,1769.02,53,verificado
CENMA,2026,2,6000.43,20,verificado
CENMA,2026,3,996.59,5,verificado
CENMA,2026,4,3720.27,14,verificado
CENMA,2026,5,560.04,2,verificado
CENTRAL 593,2026,1,1350.47,128,verificado
CENTRAL 593,2026,2,1410.27,133,verificado
CENTRAL 593,2026,3,1487.79,112,verificado
CENTRAL 593,2026,4,1291.09,142,verificado
CENTRAL 593,2026,5,1064.03,130,verificado
CENTRAL 593,2026,6,6.37,1,verificado
CENTRO AGRICOLA  AMBATO,2026,2,201.1,1,verificado
CENTRO ALEMAN,2026,4,8683.2,2,verificado
CENTRO COMERCIAL MALECON,2026,1,36.3,11,verificado
CENTRO COMERCIAL MALECON,2026,2,18.44,14,verificado
CENTRO COMERCIAL MALECON,2026,3,13.17,10,verificado
CENTRO COMERCIAL MALECON,2026,4,26.22,18,verificado
CENTRO COMERCIAL MALECON,2026,5,18.94,13,verificado
CENTRO COMERCIAL NACIONES UNIDAS(CCNU),2026,2,404.84,3,verificado
CENTRO CULTURAL MAMA CUCHARA,2026,5,511.89,2,verificado
CENTRO DE BIOANALISIS,2026,5,255.95,1,verificado
CENTRO DE CAPACITACION SANCHEZ AGUILAR,2026,3,2177.85,162,verificado
CENTRO DE DIAGNOSTICO CUANTICO GRAN PODE,2026,4,6.33,1,verificado
CENTRO DE DIAGNOSTICO OCULAR DR.RIVERA,2026,2,35.55,4,verificado
CENTRO DE DIAGNOSTICO OCULAR DR.RIVERA,2026,5,3254.58,3,verificado
CENTRO DE EXPOSICIONES QUITO,2026,4,523.57,2,verificado
CENTRO DE LA INDUSTRIA LACTEA,2026,3,208.01,1,verificado
CENTRO DE TERAPIAS ALTERNATIVAS HONRA,2026,4,6.33,2,verificado
CENTRO DE VIAJES ECUADOR,2026,1,682.08,80,verificado
CENTRO DE VIAJES ECUADOR,2026,2,1732.52,158,verificado
CENTRO DE VIAJES ECUADOR,2026,3,1649.7,148,verificado
CENTRO DE VIAJES ECUADOR,2026,4,2084.6,119,verificado
CENTRO DE VIAJES ECUADOR,2026,5,144.2,9,verificado
CENTRO ECUATORIANO NORTEAMERICANO,2026,2,201.1,1,verificado
CENTRO ECUATORIANO NORTEAMERICANO,2026,3,164.54,1,verificado
CENTRO ECUATORIANO NORTEAMERICANO,2026,5,280.02,1,verificado
CENTRO EDUC. NUEVO MUNDO,2026,1,37.15,7,verificado
CENTRO EDUC. NUEVO MUNDO,2026,2,532.88,95,verificado
CENTRO EDUC. NUEVO MUNDO,2026,3,674.8,115,verificado
CENTRO EDUC. NUEVO MUNDO,2026,4,11.2,1,verificado
CENTRO INTEGRAL ECUAT. DE HEMATOLOGIA,2026,2,43.45,6,verificado
CENTRO INTEGRAL ECUAT. DE HEMATOLOGIA,2026,3,86.9,11,verificado
CENTRO INTEGRAL ECUAT. DE HEMATOLOGIA,2026,4,155.34,12,verificado
CENTRO INTEGRAL ECUAT. DE HEMATOLOGIA,2026,5,98.0,7,verificado
CENTRO MEDICO CONVENIENTE PARA MI,2026,2,900.06,3,verificado
CENTRO MEDICO CONVENIENTE PARA MI,2026,3,208.01,1,verificado
CENTRO MEDICO CONVENIENTE PARA MI,2026,4,4303.52,18,verificado
CENTRO MEDICO CONVENIENTE PARA MI,2026,5,1279.73,5,verificado
CENTRO MEDICO DR. ALBUJA,2026,1,64.09,6,verificado
CENTRO MEDICO DR. ALBUJA,2026,2,149.57,11,verificado
CENTRO MEDICO DR. ALBUJA,2026,3,156.31,12,verificado
CENTRO MEDICO DR. ALBUJA,2026,4,146.61,7,verificado
CENTRO MEDICO DR. ALBUJA,2026,5,173.13,9,verificado
CENTRO MEDICO JESUS DEL GRAN PODER,2026,2,41.95,2,verificado
CENTRO MEDICO LCHAIM,2026,1,408.05,17,verificado
CENTRO MEDICO LCHAIM,2026,2,504.06,21,verificado
CENTRO MEDICO LCHAIM,2026,3,24.0,1,verificado
CENTRO NATURISTA LA HOJA VERDE,2026,1,1761.65,112,verificado
CENTRO NATURISTA LA HOJA VERDE,2026,2,2095.51,149,verificado
CENTRO NATURISTA LA HOJA VERDE,2026,3,3141.92,288,verificado
CENTRO NATURISTA LA HOJA VERDE,2026,4,4900.4,324,verificado
CENTRO NATURISTA LA HOJA VERDE,2026,5,4940.94,331,verificado
CENTRO NATURISTA LA HOJA VERDE,2026,6,493.34,32,verificado
CENTRO QUIRURGICO DAVINCI,2026,3,965.25,1,verificado
CENTRO QUIRURGICO ITECC,2026,1,48.07,3,verificado
CENTRUM,2026,2,1847.37,127,verificado
CENTRUM,2026,3,2845.75,160,verificado
CENTRUM,2026,4,3784.18,205,verificado
CENTRUM,2026,5,2292.05,103,verificado
CENTRUM,2026,6,32.8,3,verificado
CERAGEM S.A.,2026,2,3316.54,16,verificado
CERAGEM S.A.,2026,3,329.07,2,verificado
CERAGEM S.A.,2026,4,3820.91,17,verificado
CERAGEM S.A.,2026,5,511.89,2,verificado
CERAMICAS AL COSTO,2026,2,323.0,27,verificado
CERAMICAS AL COSTO,2026,3,327.18,26,verificado
CERAMICAS AL COSTO,2026,4,404.26,31,verificado
CERAMICAS AL COSTO,2026,5,26.08,2,verificado
CERAMICAS AL COSTO,2026,6,280.02,1,verificado
CERAVE,2026,3,7280.93,40,verificado
CERAVE,2026,4,10226.39,39,verificado
CERAVE,2026,5,4095.13,16,verificado
CERES ECUADOR,2026,3,624.04,3,verificado
CERVECEROS,2026,3,658.14,4,verificado
CERVECEROS,2026,5,1535.67,6,verificado
CERVEZA BAJAMAR,2026,2,1206.61,6,verificado
CERVEZA BAJAMAR,2026,3,7404.11,45,verificado
CERVEZA BAJAMAR,2026,4,1608.81,8,verificado
CERVEZA SANTA ROSA,2026,2,402.2,2,verificado
CERVEZA SOL,2026,2,3654.61,15,verificado
CERVEZA SOL,2026,3,1949.71,10,verificado
CESSIO FACTORING,2026,1,599.46,106,verificado
CESSIO FACTORING,2026,2,598.6,110,verificado
CESSIO FACTORING,2026,3,430.56,74,verificado
CESSIO FACTORING,2026,4,866.8,82,verificado
CESSIO FACTORING,2026,5,825.0,78,verificado
CESSIO FACTORING,2026,6,75.9,7,verificado
CEVI CHIROUS,2026,1,133.69,29,verificado
CEVI CHIROUS,2026,2,135.58,29,verificado
CEVICHERIA 7 MARES,2026,2,47.43,6,verificado
CEVICHERIA 7 MARES,2026,3,79.05,10,verificado
CEVICHERIA SACA LA RESAKA,2026,4,1366.75,71,verificado
CEVICHERIA SACA LA RESAKA,2026,5,77.0,4,verificado
CHAIDE Y CHAIDE,2026,1,1083.42,48,verificado
CHAIDE Y CHAIDE,2026,2,2395.03,48,verificado
CHAIDE Y CHAIDE,2026,3,9439.8,105,verificado
CHAIDE Y CHAIDE,2026,4,51692.13,489,verificado
CHAIDE Y CHAIDE,2026,5,99168.89,1765,verificado
CHAIDE Y CHAIDE,2026,6,6297.3,178,verificado
CHAMPIÑONES CEPA,2026,5,2240.15,8,verificado
CHANGAN (VEHICULO),2026,1,32477.49,1712,verificado
CHANGAN (VEHICULO),2026,2,47672.5,1137,verificado
CHANGAN (VEHICULO),2026,3,43331.45,1524,verificado
CHANGAN (VEHICULO),2026,4,40770.69,923,verificado
CHANGAN (VEHICULO),2026,5,42897.47,1461,verificado
CHANGAN (VEHICULO),2026,6,3567.57,64,verificado
CHANGOMAS,2026,1,1551.54,19,verificado
CHANTILLY (BOUTIQUE),2026,4,201.1,1,verificado
CHAR BRAY,2026,3,832.06,4,verificado
CHARDON,2026,3,4774.95,24,verificado
CHARDON,2026,4,1441.2,6,verificado
CHARROS,2026,2,201.1,1,verificado
CHARROS,2026,3,208.01,1,verificado
CHEF A DOMICILIO,2026,1,14.95,4,verificado
CHEF A DOMICILIO,2026,3,7.47,1,verificado
CHEF BOSS,2026,2,201.1,1,verificado
CHEF BOSS,2026,3,329.07,2,verificado
CHEF BOSS,2026,4,1005.5,4,verificado
CHEF BOSS,2026,5,767.84,3,verificado
CHEF CHOY,2026,1,3.74,2,verificado
CHEMICAL GUYS,2026,3,416.03,2,verificado
CHEMICAL GUYS,2026,4,603.3,3,verificado
CHEMICAL GUYS,2026,5,1432.74,56,verificado
CHEMICAL LOGISTICS,2026,5,2271.11,41,verificado
CHEMICAL PHARM,2026,2,900.06,3,verificado
CHEMPIOIL,2026,3,60.24,16,verificado
CHEMPIOIL,2026,4,141.94,27,verificado
CHEMPIOIL,2026,5,30.86,6,verificado
CHERRY,2026,2,3.26,1,verificado
CHERRY,2026,4,3.75,1,verificado
CHERUSKER,2026,3,164.54,1,verificado
CHERY (AUTO),2026,1,10536.76,567,verificado
CHERY (AUTO),2026,2,34306.51,306,verificado
CHERY (AUTO),2026,3,45824.89,824,verificado
CHERY (AUTO),2026,4,73058.99,827,verificado
CHERY (AUTO),2026,5,24289.27,792,verificado
CHERY (AUTO),2026,6,197.23,19,verificado
CHESCO PIZZERIA,2026,1,8.53,2,verificado
CHESCO PIZZERIA,2026,2,300.02,1,verificado
CHESCO PIZZERIA,2026,3,2399.84,13,verificado
CHEVIGNON,2026,2,300.02,1,verificado
CHEVIGNON,2026,3,745.1,4,verificado
CHEVIGNON,2026,5,511.89,2,verificado
CHEVROLET,2026,1,14846.16,80,verificado
CHEVROLET,2026,2,58420.23,763,verificado
CHEVROLET,2026,3,103614.58,3530,verificado
CHEVROLET,2026,4,99580.0,4102,verificado
CHEVROLET,2026,5,134005.08,5769,verificado
CHEVROLET,2026,6,3351.34,171,verificado
CHICBERRY,2026,5,895.8,4,verificado
CHIFA MAYFLOWER,2026,2,3204.55,10,verificado
CHIFA MAYFLOWER,2026,3,832.06,4,verificado
CHIFA MAYFLOWER,2026,4,248.02,1,verificado
CHIKI,2026,5,1396.25,169,verificado
CHIKI,2026,6,9.12,1,verificado
CHILIS,2026,1,1274.0,128,verificado
CHILIS,2026,2,2635.56,21,verificado
CHILIS,2026,3,953.12,5,verificado
CHILIS,2026,4,6937.87,28,verificado
CHILIS,2026,5,13606.91,50,verificado
CHILIS,2026,6,255.95,1,verificado
CHIROBET,2026,1,2907.0,229,verificado
CHIROBET,2026,2,1854.44,148,verificado
CHIVERIA,2026,2,1084.86,1,verificado
CHIVERIA,2026,3,537.09,3,verificado
CHIVERIA,2026,4,5066.41,22,verificado
CHIVERIA,2026,5,7278.05,25,verificado
CHIVERIA,2026,6,560.04,2,verificado
CHOCO DONUTS,2026,2,201.1,1,verificado
CHOCO DONUTS,2026,3,745.1,4,verificado
CHOCO DONUTS,2026,4,201.1,1,verificado
CHOCO DONUTS,2026,5,767.84,3,verificado
CHOKOLAT,2026,2,9013.68,32,verificado
CHOKOLAT,2026,3,4920.73,27,verificado
CHOKOLAT,2026,4,6642.95,28,verificado
CHOKOLAT,2026,5,6871.24,25,verificado
CHOKOLAT,2026,6,255.95,1,verificado
CHOPARD,2026,5,1567.08,1,verificado
CHRISTLAND SERVICE AND TOURING S.A.,2026,3,172.08,1,verificado
CHUB´S,2026,4,804.41,4,verificado
CHULLA VIDA RESTAURANTE,2026,2,333.43,3,verificado
CHULLA VIDA RESTAURANTE,2026,3,35.08,1,verificado
CHUPACELL,2026,3,329.07,2,verificado
CHUPACELL,2026,5,511.89,2,verificado
CIA. AGRICOLA LA JULIA S.A. (CALAJUSA),2026,3,143.4,1,verificado
CIA. AGRICOLA LA JULIA S.A. (CALAJUSA),2026,5,322.65,1,verificado
CIA. CERV. NACIONALES-CERV. ANDINA,2026,2,1178.95,1,verificado
CIA. CERVEZAS NACIONALES,2026,2,493.9,48,verificado
CIA. CERVEZAS NACIONALES,2026,5,3274.66,9,verificado
CIBER OPTICAS,2026,3,109.19,8,verificado
CIBER OPTICAS,2026,4,370.31,18,verificado
CIBER OPTICAS,2026,5,82.29,4,verificado
CICATRICURE,2026,1,70304.97,1581,verificado
CICATRICURE,2026,2,133278.5,2907,verificado
CICATRICURE,2026,3,84754.63,1951,verificado
CICATRICURE,2026,4,85176.02,1796,verificado
CICATRICURE,2026,5,82190.25,2125,verificado
CICATRICURE,2026,6,3740.41,87,verificado
CICLON,2026,1,19238.57,546,verificado
CICLON,2026,2,17864.81,623,verificado
CICLON,2026,3,18705.18,544,verificado
CICLON,2026,4,14835.1,1058,verificado
CICLON,2026,5,32581.76,962,verificado
CIERTO,2026,2,3632.66,19,verificado
CIERTO,2026,3,1316.29,8,verificado
CIERTO,2026,4,1206.61,6,verificado
CIFRUT,2026,2,3358.52,15,verificado
CIFRUT,2026,4,3016.48,10,verificado
CIFRUT,2026,5,1096.0,4,verificado
CIKLA,2026,4,603.3,3,verificado
CINEMA MALECON,2026,1,28.96,11,verificado
CINEMA MALECON,2026,2,7.9,3,verificado
CINEMA MALECON,2026,3,15.8,6,verificado
CINEMA MALECON,2026,4,29.12,10,verificado
CINEMA MALECON,2026,5,8.73,3,verificado
CINEPLANET,2026,2,201.1,1,verificado
CIRCULO MILITAR,2026,4,71.7,1,verificado
CIRCUSAN,2026,3,21121.27,416,verificado
CIRUELAX,2026,1,30261.61,364,verificado
CIRUELAX,2026,2,31718.47,424,verificado
CIRUELAX,2026,3,9565.82,702,verificado
CIRUELAX,2026,4,40399.87,1097,verificado
CIRUELAX,2026,5,37746.62,989,verificado
CIRUELAX,2026,6,1002.92,56,verificado
CIS EXPRESS,2026,2,5429.74,27,verificado
CIS EXPRESS,2026,3,2884.07,17,verificado
CIS EXPRESS,2026,4,496.04,2,verificado
CIS EXPRESS,2026,6,280.02,1,verificado
CITIBANK,2026,4,5107.32,1,verificado
CITIGROUP,2026,3,175.5,1,verificado
CITIZEN,2026,2,900.06,3,verificado
CITRAMAG,2026,1,406.85,53,verificado
CITRAMAG,2026,2,693.23,89,verificado
CITRAMAG,2026,3,819.62,106,verificado
CITRAMAG,2026,4,714.0,51,verificado
CITRATO DE MAGNESIO,2026,2,28.25,4,verificado
CITROEN,2026,2,1203.68,5,verificado
CITROEN,2026,3,4702.23,105,verificado
CITROEN,2026,4,11503.06,260,verificado
CITROEN,2026,5,70.01,1,verificado
CITROEN,2026,6,560.04,2,verificado
CITY MALL,2026,1,1270.04,134,verificado
CITY MALL,2026,2,130.04,8,verificado
CITY MALL,2026,3,196.84,30,verificado
CITY MALL,2026,4,4160.69,16,verificado
CITY MALL,2026,5,2406.33,17,verificado
CITY PET,2026,2,1905.57,8,verificado
CITY PET,2026,3,832.06,4,verificado
CITY PET,2026,4,496.04,2,verificado
CITY PET,2026,5,840.06,3,verificado
CITY PET,2026,6,840.06,3,verificado
CIUDAD CELESTE,2026,2,201.1,1,verificado
CIUDAD CELESTE,2026,3,953.12,5,verificado
CIUDAD CELESTE,2026,4,201.1,1,verificado
CIUDAD CELESTE,2026,5,560.04,2,verificado
CIUDAD DE NIEVE MUNDO MAGICO,2026,3,27.16,1,verificado
CIVIC TAXI,2026,1,62.24,2,verificado
CKCONCERTS,2026,3,2598.47,15,verificado
CKCONCERTS,2026,4,1406.49,77,verificado
CKCONCERTS,2026,5,767.84,3,verificado
CLANS,2026,2,603.3,3,verificado
CLARO,2026,1,183691.95,3844,verificado
CLARO,2026,2,236518.33,8103,verificado
CLARO,2026,3,361227.72,10390,verificado
CLARO,2026,4,544386.53,11520,verificado
CLARO,2026,5,445972.76,11812,verificado
CLARO,2026,6,26813.23,495,verificado
CLAVE FERIA DE LA VIVIENDA,2026,4,8120.48,11,verificado
CLAVE FERIA DE LA VIVIENDA,2026,6,255.95,1,verificado
CLC LIBRERIA,2026,4,402.2,2,verificado
CLC LIBRERIA,2026,5,2207.84,9,verificado
CLEANERS SERVICES,2026,3,164.54,1,verificado
CLICKDENTAL,2026,2,67.66,9,verificado
CLICKDENTAL,2026,3,237.14,32,verificado
CLINICA ALINEO,2026,3,416.03,2,verificado
CLINICA ALINEO,2026,4,402.2,2,verificado
CLINICA CERHVALENCIA,2026,1,448.69,30,verificado
CLINICA CERHVALENCIA,2026,2,482.62,32,verificado
CLINICA CERHVALENCIA,2026,3,318.9,22,verificado
CLINICA DE HERIDAS QUITO,2026,4,248.02,1,verificado
CLINICA DE LESIONES DEPORTIVAS,2026,2,201.1,1,verificado
CLINICA DE LESIONES DEPORTIVAS,2026,3,493.61,3,verificado
CLINICA DE LESIONES DEPORTIVAS,2026,4,804.41,4,verificado
CLINICA DE OJOS DR. JOSE SACOTO NAVIA,2026,3,6737.6,36,verificado
CLINICA DE OJOS DR. JOSE SACOTO NAVIA,2026,4,6737.6,36,verificado
CLINICA DE OJOS DR. JOSE SACOTO NAVIA,2026,5,6737.6,36,verificado
CLINICA DE OJOS FINLANDIA,2026,1,2659.17,299,verificado
CLINICA DE OJOS FINLANDIA,2026,2,2898.11,326,verificado
CLINICA DE OJOS FINLANDIA,2026,3,3352.75,377,verificado
CLINICA DE OJOS FINLANDIA,2026,4,4986.8,407,verificado
CLINICA DE OJOS FINLANDIA,2026,5,6242.64,540,verificado
CLINICA DE OJOS FINLANDIA,2026,6,365.18,34,verificado
CLINICA DE SOBREPESO OBESIDAD METABOLISM,2026,1,147.11,12,verificado
CLINICA DE SOBREPESO OBESIDAD METABOLISM,2026,2,330.08,22,verificado
CLINICA DE SOBREPESO OBESIDAD METABOLISM,2026,3,257.29,18,verificado
CLINICA DE SOBREPESO OBESIDAD METABOLISM,2026,4,110.43,10,verificado
CLINICA DE SOBREPESO OBESIDAD METABOLISM,2026,5,250.99,22,verificado
CLINICA DENTAL ALINEADORES,2026,2,4120.95,20,verificado
CLINICA EL BASTAN DEL POZO,2026,3,164.91,1,verificado
CLINICA ESPAÑA S.A.,2026,4,248.02,1,verificado
CLINICA ESPAÑA S.A.,2026,5,840.06,3,verificado
CLINICA FUNCIONAL,2026,5,511.89,2,verificado
CLINICA FUTURO DENTAL,2026,2,16.82,3,verificado
CLINICA GUAYAQUIL,2026,2,300.02,1,verificado
CLINICA INFES,2026,5,2240.15,8,verificado
CLINICA INTERNAC. DE LA VISION DE ECUADO,2026,2,63867.22,5085,verificado
CLINICA INTERNAC. DE LA VISION DE ECUADO,2026,3,22295.82,2747,verificado
CLINICA INTERNAC. DE LA VISION DE ECUADO,2026,4,24180.9,1744,verificado
CLINICA INTERNAC. DE LA VISION DE ECUADO,2026,5,57293.16,2471,verificado
CLINICA INTERNAC. DE LA VISION DE ECUADO,2026,6,256.34,16,verificado
CLINICA INTERNACIONAL,2026,3,965.25,1,verificado
CLINICA LA PAZ,2026,1,369.87,1,verificado
CLINICA LATINO,2026,4,744.06,3,verificado
CLINICA LATINO,2026,5,560.04,2,verificado
CLINICA OFTALMOLOGICA BOREAL,2026,3,34.32,4,verificado
CLINICA OFTALMOLOGICA CIVE,2026,2,104.68,8,verificado
CLINICA OFTALMOLOGICA CIVE,2026,4,376.42,26,verificado
CLINICA OFTALMOLOGICA CIVE,2026,5,289.56,20,verificado
CLINICA OFTALMOLOGICA CIVE,2026,6,68.98,4,verificado
CLINICA OFTALMOLOGICA MATAMOROS,2026,1,238.08,32,verificado
CLINICA OFTALMOLOGICA MATAMOROS,2026,2,66.96,9,verificado
CLINICA OFTALMOLOGICA MATAMOROS,2026,3,208.32,28,verificado
CLINICA OFTALMOLOGICA MATAMOROS,2026,4,414.27,37,verificado
CLINICA OFTALMOLOGICA MATAMOROS,2026,5,268.8,24,verificado
CLINICA PANAMERICANA,2026,1,143.36,16,verificado
CLINICA PANAMERICANA,2026,2,143.36,16,verificado
CLINICA PANAMERICANA,2026,3,80.64,9,verificado
CLINICA PANAMERICANA,2026,4,125.44,14,verificado
CLINICA PANAMERICANA,2026,5,125.44,14,verificado
CLINICA PANAMERICANA,2026,6,8.96,1,verificado
CLINICA PASTEUR,2026,4,201.1,1,verificado
CLINICA PASTEUR,2026,5,255.95,1,verificado
CLINICA POLITZER,2026,4,457.09,1,verificado
CLINICA S.O.M,2026,1,202.28,12,verificado
CLINICA S.O.M,2026,2,162.54,10,verificado
CLINICA S.O.M,2026,3,66.44,4,verificado
CLINICA S.O.M,2026,4,74.62,6,verificado
CLINICA SANCHO,2026,2,50.01,4,verificado
CLINICA SANTA LUCIA,2026,1,12.4,1,verificado
CLINICA SANTA LUCIA,2026,3,7.44,1,verificado
CLINICA SANTA MARIA,2026,3,6.44,1,verificado
CLINICA SANTIAGO,2026,2,1673.1,1,verificado
CLINICA SOMEC,2026,4,402.2,2,verificado
CLINICA TRAUMATOLOGIA QUIRURGICA,2026,1,337.13,22,verificado
CLINICA TRAUMATOLOGIA QUIRURGICA,2026,2,391.35,28,verificado
CLINICA TRAUMATOLOGIA QUIRURGICA,2026,3,219.85,16,verificado
CLINICA TRAUMATOLOGIA QUIRURGICA,2026,4,271.6,24,verificado
CLINICA TRAUMATOLOGIA QUIRURGICA,2026,5,299.6,28,verificado
CLIPP,2026,2,1200.09,4,verificado
CLOROX,2026,4,965.25,1,verificado
CLUB,2026,1,39818.56,264,verificado
CLUB,2026,2,79181.73,565,verificado
CLUB,2026,3,102743.12,980,verificado
CLUB,2026,4,54137.83,625,verificado
CLUB,2026,5,16209.63,233,verificado
CLUB,2026,6,1158.62,21,verificado
CLUB BIBLOS,2026,6,14.78,1,verificado
CLUB GENTE BONITA,2026,1,71.28,8,verificado
CLUB GENTE BONITA,2026,2,124.74,14,verificado
CLUB MAN,2026,5,19.25,1,verificado
CLUB METROPOLITANO DE GUAYAQUIL,2026,3,301.14,1,verificado
CLUB NACIONAL DE GQUIL.,2026,2,143.4,1,verificado
CLUB SOCIAL,2026,2,8763.94,112,verificado
CLUB SOCIAL,2026,3,39658.16,623,verificado
CLUB SOCIAL,2026,4,23244.88,448,verificado
CLUB SOCIAL,2026,5,24.08,4,verificado
CLUB SPORT EMELEC,2026,1,1768.5,1,verificado
CLUB SPORT EMELEC,2026,3,52.98,6,verificado
CLUB SPORT EMELEC,2026,4,1528.35,78,verificado
CNT,2026,1,5674.23,315,verificado
CNT,2026,2,14132.2,618,verificado
CNT,2026,3,4111.87,199,verificado
CNT,2026,4,405.52,59,verificado
CNT,2026,5,25556.56,686,verificado
CNT,2026,6,3686.99,124,verificado
CNT MOVIL,2026,1,44132.73,2147,verificado
CNT MOVIL,2026,2,59472.66,4461,verificado
CNT MOVIL,2026,3,528.36,93,verificado
CNT MOVIL,2026,4,2581.68,95,verificado
CNT MOVIL,2026,5,79681.84,4046,verificado
CNT MOVIL,2026,6,1789.73,192,verificado
CO AUTOS,2026,5,134.14,11,verificado
CO AUTOS,2026,6,32.83,4,verificado
COALICION MOVILIDAD SEGURA,2026,2,3022.85,27,verificado
COALICION MOVILIDAD SEGURA,2026,3,267.06,4,verificado
COALICION MOVILIDAD SEGURA,2026,5,2989.41,15,verificado
COBER CHOC,2026,3,1161.13,6,verificado
COCA COLA,2026,1,13444.0,541,verificado
COCA COLA,2026,2,39868.24,1387,verificado
COCA COLA,2026,3,35355.15,738,verificado
COCA COLA,2026,4,45913.75,922,verificado
COCA COLA,2026,5,50126.21,592,verificado
COCA COLA,2026,6,5101.9,70,verificado
COCO EXPRESS,2026,5,560.04,2,verificado
COCO FREEZE,2026,4,1146.26,5,verificado
COCO FREEZE,2026,6,255.95,1,verificado
COCOSOL,2026,2,136.11,8,verificado
COCOSOL,2026,3,162.41,8,verificado
CODEFE,2026,3,1178.95,1,verificado
CODESARROLLO,2026,4,5063.91,1,verificado
CODESARROLLO,2026,5,175.5,1,verificado
COFACE,2026,2,13085.27,3,verificado
COFFEE & CORNDOG,2026,5,319.93,2,verificado
COFFEE BOX,2026,2,300.02,1,verificado
COINTREAU,2026,5,280.02,1,verificado
COL. ARQ. DEL ECUADOR,2026,3,322.65,1,verificado
COL. ARQUITECTOS GUAYAS,2026,2,376.43,1,verificado
COL. DE ARQUITECTOS DEL ECUADOR,2026,4,430.2,1,verificado
COL. ECONOMISTAS GUAYAS,2026,1,215.1,1,verificado
COL. ECONOMISTAS GUAYAS,2026,2,143.4,1,verificado
COL. ESPIRITU SANTO,2026,1,850.26,69,verificado
COL. ESPIRITU SANTO,2026,2,823.48,68,verificado
COL. ESPIRITU SANTO,2026,3,880.89,74,verificado
COL. ESPIRITU SANTO,2026,4,1036.8,66,verificado
COL. JAN KOMENSKY,2026,3,7.91,1,verificado
COL. JOHANNES KEPLER,2026,1,213.44,27,verificado
COL. JOHANNES KEPLER,2026,2,347.82,44,verificado
COL. JOHANNES KEPLER,2026,3,442.68,56,verificado
COL. JOHANNES KEPLER,2026,4,399.94,26,verificado
COL. LETRAS Y VIDAS,2026,4,4341.6,1,verificado
COL. MEDICOS GUAYAS,2026,3,129.06,1,verificado
COL. MENOR,2026,2,201.1,1,verificado
COL. MENOR,2026,3,2070.77,11,verificado
COL. MENOR,2026,4,402.2,2,verificado
COL. PART. JOHN F. KENNEDY,2026,5,301.15,1,verificado
COL. POLITECNICO (COPOL),2026,2,1980.32,94,verificado
COL. POLITECNICO (COPOL),2026,3,1402.22,121,verificado
COL. POLITECNICO (COPOL),2026,4,1021.9,83,verificado
COL. TERRA NOVA,2026,3,6.35,1,verificado
COLCHONES ECUADOR,2026,3,164.54,1,verificado
COLCHONES ECUADOR,2026,4,1407.69,4,verificado
COLCHONES RESORPEDIC,2026,1,8411.93,137,verificado
COLCHONES RESORPEDIC,2026,2,7573.29,134,verificado
COLCHONES RESORPEDIC,2026,3,1730.72,68,verificado
COLCHONES RESORPEDIC,2026,4,4130.99,95,verificado
COLCHONES RESORPEDIC,2026,5,2567.77,70,verificado
COLCHONES RESORPEDIC,2026,6,238.88,4,verificado
COLE HANN,2026,4,402.2,2,verificado
COLEGIO JOHANNES KEPLER,2026,1,166.0,21,verificado
COLEGIO JOHANNES KEPLER,2026,2,332.01,42,verificado
COLEGIO JOHANNES KEPLER,2026,3,283.4,36,verificado
COLEGIO JOHANNES KEPLER,2026,4,30.7,2,verificado
COLGATE,2026,1,19335.6,476,verificado
COLGATE,2026,2,36917.15,1081,verificado
COLGATE,2026,3,44535.13,1073,verificado
COLGATE,2026,4,56550.87,1015,verificado
COLGATE,2026,5,52099.39,924,verificado
COLGATE,2026,6,4336.72,72,verificado
COLIBRI EXPRESS,2026,2,33.56,4,verificado
COLINEAL,2026,1,3250.33,392,verificado
COLINEAL,2026,2,15094.29,537,verificado
COLINEAL,2026,3,17255.93,1208,verificado
COLINEAL,2026,4,65196.75,1134,verificado
COLINEAL,2026,5,36721.01,795,verificado
COLINEAL,2026,6,2210.36,8,verificado
COLISEO RUMIÑAHUI,2026,4,5762.41,315,verificado
COLNATUR (SUPLEM.NUTRICIONAL),2026,2,19156.9,201,verificado
COLNATUR (SUPLEM.NUTRICIONAL),2026,3,1139.27,9,verificado
COLNATUR (SUPLEM.NUTRICIONAL),2026,4,1206.61,6,verificado
COLNATUR (SUPLEM.NUTRICIONAL),2026,5,2095.71,8,verificado
COLOMBIANA,2026,4,301.14,1,verificado
COLONEAL,2026,2,603.3,3,verificado
COLONEAL,2026,3,164.54,1,verificado
COLONEAL,2026,4,402.2,2,verificado
COLTUR,2026,1,3185.14,16,verificado
COLTUR,2026,3,21.0,1,verificado
COLTUR,2026,4,149.23,8,verificado
COLTUR,2026,5,1867.19,14,verificado
COLTUR,2026,6,176.4,1,verificado
COLUMBIA SPORTSWEAR,2026,2,300.02,1,verificado
COMAL,2026,3,164.54,1,verificado
COMANDATO,2026,2,2076.24,8,verificado
COMANDATO,2026,3,329.07,2,verificado
COMANDATO,2026,4,11513.34,419,verificado
COMANDATO,2026,5,20059.64,581,verificado
COMECSA PORTOVIEJO,2026,3,468.03,3,verificado
COMERCIAL ALVARADO,2026,4,55.28,5,verificado
COMERCIAL ALVARADO,2026,5,99.5,9,verificado
COMERCIAL ALVARADO,2026,6,11.06,1,verificado
COMERCIAL JAHER,2026,2,1327.39,4,verificado
COMERCIAL JAHER,2026,4,8555.26,26,verificado
COMERCIAL JAHER,2026,5,6533.32,16,verificado
COMERCIAL LA FERIA,2026,5,52.16,3,verificado
COMERCIAL SOLIS,2026,2,975.07,4,verificado
COMERCIAL SOLIS,2026,3,1040.07,5,verificado
COMISARIATO DEL CONSTRUCTOR S.A.,2026,1,10861.72,878,verificado
COMISARIATO DEL CONSTRUCTOR S.A.,2026,2,14246.09,960,verificado
COMISARIATO DEL CONSTRUCTOR S.A.,2026,3,13385.65,1072,verificado
COMISARIATO DEL CONSTRUCTOR S.A.,2026,4,14344.67,805,verificado
COMISARIATO DEL CONSTRUCTOR S.A.,2026,5,14438.15,904,verificado
COMISARIATO DEL CONSTRUCTOR S.A.,2026,6,471.51,34,verificado
COMISARIATO NATURISTA,2026,5,1400.1,5,verificado
COMPA,2026,5,1579.96,132,verificado
COMPASION INTERNACIONAL,2026,2,201.1,1,verificado
COMPAÑIA VERDU S.A.,2026,5,41.83,1,verificado
COMPLEJO B (LIFE),2026,2,5400.35,15,verificado
COMPLEJO DEP. MUSHUC RUNA,2026,1,1234.61,82,verificado
COMPLEJO DEP. MUSHUC RUNA,2026,2,1500.57,146,verificado
COMPLEJO DEP. MUSHUC RUNA,2026,5,381.23,20,verificado
COMPUTRON,2026,3,3784.33,23,verificado
COMPUTRON,2026,4,4518.07,22,verificado
COMPUTRON,2026,5,4519.59,17,verificado
COMPUTRON,2026,6,255.95,1,verificado
COMSUCRE,2026,2,300.02,1,verificado
COMTREX,2026,2,425.16,2,verificado
COMTREX,2026,3,412.04,2,verificado
CONAVE,2026,2,8700.62,29,verificado
CONAVE,2026,3,9245.55,46,verificado
CONAVE,2026,4,201.1,1,verificado
CONAVE,2026,5,840.06,3,verificado
CONCEGUA,2026,4,157.74,1,verificado
CONCEGUA S.A - CONORTE S.A,2026,1,26.36,7,verificado
CONCIERTOS,2026,1,6580.68,233,verificado
CONCIERTOS,2026,2,8504.04,597,verificado
CONCIERTOS,2026,3,10149.5,865,verificado
CONCIERTOS,2026,4,9708.04,636,verificado
CONCIERTOS,2026,5,18815.55,1710,verificado
CONCIERTOS,2026,6,2081.49,184,verificado
CONDADO SHOPPING,2026,3,7800.15,131,verificado
CONDADO SHOPPING,2026,4,4287.72,39,verificado
CONDADO SHOPPING,2026,5,2930.29,219,verificado
CONDADO SHOPPING,2026,6,346.68,26,verificado
CONDELPI,2026,1,192.27,14,verificado
CONDELPI,2026,3,429.05,32,verificado
CONDOMINIO EST. MONUMENTAL ISIDRO ROMERO,2026,3,263.52,1,verificado
CONDOMINIO UNICENTRO TURISTICO JABUCAM,2026,5,111.85,1,verificado
CONDOR,2026,2,4800.33,15,verificado
CONDOR,2026,4,3065.79,167,verificado
CONDOR,2026,5,3548.98,220,verificado
CONDOR,2026,6,1835.91,29,verificado
CONDU ACADEMY,2026,1,1776.27,172,verificado
CONDU ACADEMY,2026,2,1308.58,126,verificado
CONDU ACADEMY,2026,3,1614.37,155,verificado
CONDU ACADEMY,2026,4,1878.77,151,verificado
CONDU ACADEMY,2026,5,1825.57,146,verificado
CONDU ACADEMY,2026,6,131.6,11,verificado
CONDUEXPERT,2026,1,661.97,48,verificado
CONDUEXPERT,2026,2,513.64,37,verificado
CONDUEXPERT,2026,3,239.41,17,verificado
CONDUEXPERT,2026,4,464.45,28,verificado
CONECEL,2026,4,100.38,1,verificado
CONFIAMED,2026,1,7341.43,265,verificado
CONFIAMED,2026,2,8489.0,387,verificado
CONFIAMED,2026,3,21509.81,426,verificado
CONFIAMED,2026,4,5092.16,352,verificado
CONFIAMED,2026,5,11471.66,310,verificado
CONFIAMED,2026,6,296.51,31,verificado
CONFIANZA CIA. DE SEGUROS Y REASEGUROS,2026,2,1909.98,1,verificado
CONFIGOLSA,2026,3,832.06,4,verificado
CONFIGOLSA,2026,4,496.04,2,verificado
CONFITERIA DON HERNAN,2026,1,275.46,37,verificado
CONFITERIA DON HERNAN,2026,2,908.28,122,verificado
CONGRESO INTERNACIONAL DE SALUD MENTAL,2026,4,39.8,4,verificado
CONHPOL,2026,4,402.2,2,verificado
CONS. DE ASEG.DE LA CALIDAD DE LA EDUC.S,2026,3,1234.14,2,verificado
CONSEJO DE LA JUDICATURA,2026,2,280.66,1,verificado
CONSEJO NAC. ELECTORAL,2026,4,64163.75,3090,verificado
CONSEJO PROV. DE PASTAZA,2026,2,300.02,1,verificado
CONSEJO PROV. DE SANTA ELENA,2026,1,1097.29,2,verificado
CONSEJO PROV. DE SANTA ELENA,2026,3,1097.29,2,verificado
CONSEJO PROV. LOS RIOS,2026,1,1022.78,179,verificado
CONSEJO PROV. LOS RIOS,2026,2,794.89,107,verificado
CONSEJO PROV. LOS RIOS,2026,3,33.37,5,verificado
CONSEJO PROV. MANABI,2026,2,75.26,4,verificado
CONSGALILEA S.A,2026,4,100.38,1,verificado
CONSORCIO BIOCITY,2026,2,113.26,9,verificado
CONSORCIO BIOCITY,2026,3,25.17,2,verificado
CONSORCIO SGS,2026,1,1514.05,123,verificado
CONSORCIO SGS,2026,2,600.27,70,verificado
CONSORCIO SGS,2026,3,213.15,35,verificado
CONSORCIO SGS,2026,4,440.0,40,verificado
CONSORCIO SGS,2026,5,440.0,40,verificado
CONSORCIO SGS,2026,6,22.0,2,verificado
CONST. Y PRESTACIONES PETROLERAS S.A.,2026,4,88.02,1,verificado
CONSULADO DE ESTADOS UNIDOS,2026,4,1160.55,63,verificado
CONSULADO DE ESTADOS UNIDOS,2026,5,1763.22,93,verificado
CONSUPLAST,2026,2,402.2,2,verificado
CONSUR R7H,2026,2,167.43,1,verificado
CONTAC SICO,2026,1,11.85,2,verificado
CONTECON GUAYAQUIL S.A,2026,5,1673.1,1,verificado
CONTIFICO,2026,3,3681.63,14,verificado
CONTIFICO,2026,4,4860.17,18,verificado
CONTIFICO,2026,5,4418.17,11,verificado
CONTINENTAL,2026,1,2200.16,277,verificado
CONTINENTAL,2026,2,7517.43,709,verificado
CONTINENTAL,2026,3,5163.02,370,verificado
CONTINENTAL,2026,4,14977.24,588,verificado
CONTINENTAL,2026,5,55191.32,214,verificado
CONTINENTAL,2026,6,751.58,38,verificado
CONTINENTAL (ELECTRODOMESTICOS),2026,4,402.2,2,verificado
CONTINENTAL (ELECTRODOMESTICOS),2026,5,2800.19,10,verificado
CONTRALORIA GENERAL DEL ESTADO,2026,1,18016.5,18,verificado
CONTRALORIA GENERAL DEL ESTADO,2026,2,18013.88,16,verificado
CONTRALORIA GENERAL DEL ESTADO,2026,3,14268.07,15,verificado
CONTRALORIA GENERAL DEL ESTADO,2026,4,47247.6,35,verificado
CONTRALORIA GENERAL DEL ESTADO,2026,5,56147.42,30,verificado
CONTRALORIA GENERAL DEL ESTADO,2026,6,1068.22,4,verificado
CONVERSE,2026,4,1407.71,7,verificado
CONVERSE,2026,5,2559.45,9,verificado
CONVIATUR,2026,1,1349.58,130,verificado
CONVIATUR,2026,2,745.79,71,verificado
CONVIATUR,2026,3,1090.68,104,verificado
CONVIATUR,2026,4,1240.38,100,verificado
CONVIATUR,2026,5,1329.98,107,verificado
CONVIATUR,2026,6,81.2,7,verificado
COOKING CHOICE,2026,2,201.1,1,verificado
COOKING CHOICE,2026,3,728.05,5,verificado
COOKING CHOICE,2026,4,19580.04,65,verificado
COOKING CHOICE,2026,5,7816.46,28,verificado
COOL,2026,3,12.72,2,verificado
COOLBET.EC,2026,1,11.2,1,verificado
COOLBET.EC,2026,4,14.0,1,verificado
COOLBREEZE,2026,3,54.1,5,verificado
COOLBREEZE,2026,4,489.99,40,verificado
COOLBREEZE,2026,5,173.6,14,verificado
COONECTA,2026,2,965.25,1,verificado
COOP. 15 DE ABRIL,2026,1,2601.36,123,verificado
COOP. 15 DE ABRIL,2026,2,2353.12,120,verificado
COOP. 15 DE ABRIL,2026,3,2265.29,115,verificado
COOP. 15 DE ABRIL,2026,4,3170.39,125,verificado
COOP. 15 DE ABRIL,2026,5,1945.82,119,verificado
COOP. 15 DE ABRIL,2026,6,109.2,9,verificado
COOP. 23 DE JULIO,2026,1,5.92,1,verificado
COOP. 23 DE JULIO,2026,2,965.25,1,verificado
COOP. 23 DE JULIO,2026,3,685.63,1,verificado
COOP. 23 DE JULIO,2026,4,394.35,1,verificado
COOP. 29 DE JUNIO RUMICUCHO,2026,3,208.01,1,verificado
COOP. 29 DE OCTUBRE,2026,1,172.44,20,verificado
COOP. 29 DE OCTUBRE,2026,2,965.25,1,verificado
COOP. 29 DE OCTUBRE,2026,4,744.06,3,verificado
COOP. 29 DE OCTUBRE,2026,5,1525.29,3,verificado
COOP. ALIANZA DEL VALLE,2026,2,965.25,1,verificado
COOP. ALIANZA DEL VALLE,2026,5,1733.09,4,verificado
COOP. AMBATO,2026,1,597.94,59,verificado
COOP. AMBATO,2026,2,1640.54,67,verificado
COOP. AMBATO,2026,3,755.83,74,verificado
COOP. AMBATO,2026,4,814.69,87,verificado
COOP. AMBATO,2026,5,870.31,92,verificado
COOP. AMBATO,2026,6,32.72,4,verificado
COOP. ANDALUCIA,2026,2,685.63,1,verificado
COOP. ANDALUCIA,2026,3,822.76,1,verificado
COOP. ATUNTAQUI LTDA,2026,1,1541.21,114,verificado
COOP. ATUNTAQUI LTDA,2026,2,1612.22,120,verificado
COOP. ATUNTAQUI LTDA,2026,3,1929.6,135,verificado
COOP. ATUNTAQUI LTDA,2026,4,2265.13,109,verificado
COOP. ATUNTAQUI LTDA,2026,5,2772.03,123,verificado
COOP. ATUNTAQUI LTDA,2026,6,19.25,1,verificado
COOP. CACPE BIBLIAN LTDA.,2026,3,672.19,1,verificado
COOP. CACPE LOJA LTDA.,2026,5,965.25,1,verificado
COOP. CACPECO LTDA.,2026,2,3900.28,13,verificado
COOP. CACPECO LTDA.,2026,3,887.43,8,verificado
COOP. CACPECO LTDA.,2026,5,3291.03,1,verificado
COOP. CHIBULEO,2026,2,600.04,2,verificado
COOP. CHIBULEO,2026,4,248.02,1,verificado
COOP. CHONE LTDA,2026,1,210.03,1,verificado
COOP. CHONE LTDA,2026,4,779.1,2,verificado
COOP. COMERCIO LTDA.,2026,3,41.13,1,verificado
COOP. COOPAD,2026,2,965.25,1,verificado
COOP. COOPERCO,2026,3,987.22,6,verificado
COOP. COOPERCO,2026,4,3418.71,15,verificado
COOP. COOPERCO,2026,5,3839.18,14,verificado
COOP. COOPERCO,2026,6,255.95,1,verificado
COOP. COOPROGRESO,2026,1,466.05,2,verificado
COOP. COOPROGRESO,2026,2,9824.58,36,verificado
COOP. COOPROGRESO,2026,3,6995.88,24,verificado
COOP. COOPROGRESO,2026,4,3356.08,160,verificado
COOP. COOPROGRESO,2026,5,4040.99,328,verificado
COOP. COOPROGRESO,2026,6,257.87,24,verificado
COOP. CREDIYA LTDA,2026,3,1732.32,10,verificado
COOP. CREDIYA LTDA,2026,4,2010.99,7,verificado
COOP. CREDIYA LTDA,2026,5,3447.66,13,verificado
COOP. DAQUILEMA,2026,4,212.99,16,verificado
COOP. DAQUILEMA,2026,5,1547.69,40,verificado
COOP. DAQUILEMA,2026,6,47.81,3,verificado
COOP. DE LA PEQUEÑA EMPRESA GUALAQUIZA,2026,5,965.25,1,verificado
COOP. DE SERV. PUBLICO MINIST. EDUC. Y C,2026,1,322.65,1,verificado
COOP. DE TAXIS 5 DE MARZO,2026,3,143.4,1,verificado
COOP. DE TRANSPORTES SANTA,2026,5,107.55,1,verificado
COOP. DE VIVIENDA MUSCULOS Y RIELES,2026,3,1097.01,1,verificado
COOP. DE VIVIENDA PEDRO JOSE RODRIGUEZ,2026,4,572.7,1,verificado
COOP. EL SAGRARIO,2026,5,2768.61,3,verificado
COOP. EL SAGRARIO,2026,6,26.08,2,verificado
COOP. ESPERANZA Y PROGRESO DEL VALLE,2026,5,592.08,30,verificado
COOP. FINCORP,2026,4,210.0,10,verificado
COOP. FINCORP,2026,5,189.0,9,verificado
COOP. JARDIN AZUAYO,2026,2,201.1,1,verificado
COOP. JARDIN AZUAYO,2026,3,624.04,3,verificado
COOP. JARDIN AZUAYO,2026,4,3592.95,13,verificado
COOP. JARDIN AZUAYO,2026,5,5508.89,15,verificado
COOP. JARDIN AZUAYO,2026,6,815.98,3,verificado
COOP. LA DOLOROSA,2026,3,329.07,2,verificado
COOP. MANUEL ESTEBAN GODOY ORTEGA,2026,3,5266.84,1,verificado
COOP. MUSHUC RUNA,2026,1,1363.59,124,verificado
COOP. MUSHUC RUNA,2026,2,3565.0,276,verificado
COOP. MUSHUC RUNA,2026,3,17253.61,1146,verificado
COOP. MUSHUC RUNA,2026,4,14843.45,1023,verificado
COOP. MUSHUC RUNA,2026,5,11902.45,851,verificado
COOP. MUSHUC RUNA,2026,6,1089.57,75,verificado
COOP. OSCUS,2026,3,2840.59,17,verificado
COOP. OSCUS,2026,4,7554.59,27,verificado
COOP. OSCUS,2026,5,11522.98,34,verificado
COOP. PADRE JULIAN LORENTE LTDA.,2026,1,685.63,1,verificado
COOP. PASTAZA,2026,2,965.25,1,verificado
COOP. PILAHUINTIO LTDA.,2026,1,358.57,28,verificado
COOP. PILAHUINTIO LTDA.,2026,2,310.7,1,verificado
COOP. PILAHUINTIO LTDA.,2026,3,372.84,1,verificado
COOP. PILAHUINTIO LTDA.,2026,4,301.14,1,verificado
COOP. PILAHUINTIO LTDA.,2026,5,310.7,1,verificado
COOP. POLICIA NACIONAL,2026,1,282.96,1,verificado
COOP. POLICIA NACIONAL,2026,2,8931.01,33,verificado
COOP. POLICIA NACIONAL,2026,3,14187.24,81,verificado
COOP. POLICIA NACIONAL,2026,4,15078.92,65,verificado
COOP. POLICIA NACIONAL,2026,5,3095.42,12,verificado
"COOP. PREVISION, AHORRO Y DESARROLLO",2026,3,179.25,1,verificado
COOP. RIOBAMBA,2026,1,1456.21,82,verificado
COOP. RIOBAMBA,2026,4,2303.73,1,verificado
COOP. SAN FRANCISCO,2026,1,781.2,42,verificado
COOP. SAN FRANCISCO,2026,2,1116.0,60,verificado
COOP. SAN FRANCISCO,2026,3,911.4,49,verificado
COOP. SAN FRANCISCO,2026,4,42.79,2,verificado
COOP. SAN FRANCISCO DE ASIS,2026,1,39.52,5,verificado
COOP. SAN FRANCISCO DE ASIS,2026,2,15.81,2,verificado
COOP. SAN FRANCISCO DE ASIS,2026,3,79.05,10,verificado
COOP. SAN JORGE,2026,5,280.02,1,verificado
COOP. SAN JOSE LTDA.,2026,4,5107.32,1,verificado
COOP. SANFRA,2026,2,102.77,13,verificado
COOP. SANFRA,2026,3,118.58,15,verificado
COOP. SANFRA,2026,4,100.03,11,verificado
COOP. SANFRA,2026,5,1250.52,57,verificado
COOP. SANFRA,2026,6,51.34,2,verificado
COOP. SANTA,2026,5,179.25,2,verificado
COOP. TULCAN,2026,3,1453.48,116,verificado
COOP. TULCAN,2026,4,1681.17,87,verificado
COOP. TULCAN,2026,5,3179.0,116,verificado
COOP. TULCAN,2026,6,57.75,3,verificado
COOP. VICENTINA,2026,3,548.5,1,verificado
COOP. VIS ANDES,2026,2,965.25,1,verificado
COOP. VIVIENDA 13 DE ABRIL DE ITCHIMBIA,2026,5,175.5,1,verificado
COOPER TIRES,2026,1,12.96,1,verificado
COOPERATIVA JEP,2026,1,10911.66,896,verificado
COOPERATIVA JEP,2026,2,40680.21,946,verificado
COOPERATIVA JEP,2026,3,43408.31,1214,verificado
COOPERATIVA JEP,2026,4,77555.46,1234,verificado
COOPERATIVA JEP,2026,5,79345.78,1130,verificado
COOPERATIVA JEP,2026,6,3818.39,87,verificado
COOPMEGO,2026,4,1911.7,4,verificado
COPA AIRLINES,2026,1,702.75,21,verificado
COPA AIRLINES,2026,2,7268.77,36,verificado
COPA AIRLINES,2026,3,7322.03,309,verificado
COPA AIRLINES,2026,4,6508.33,324,verificado
COPA AIRLINES,2026,5,1133.39,93,verificado
COPA AIRLINES,2026,6,104.54,20,verificado
COPA ENTERTAINMENT,2026,1,193.49,19,verificado
COPPELIA,2026,5,560.04,2,verificado
COQUETTE,2026,3,2138.95,9,verificado
CORA,2026,3,208.01,1,verificado
CORA,2026,4,650.22,3,verificado
CORA,2026,5,511.89,2,verificado
CORAL HIPERMERCADO,2026,1,36254.73,2235,verificado
CORAL HIPERMERCADO,2026,2,49806.64,2338,verificado
CORAL HIPERMERCADO,2026,3,42785.93,2495,verificado
CORAL HIPERMERCADO,2026,4,63782.01,2726,verificado
CORAL HIPERMERCADO,2026,5,58840.67,2691,verificado
CORAL HIPERMERCADO,2026,6,3167.6,168,verificado
CORALITO,2026,2,300.02,1,verificado
CORALITO,2026,4,744.06,3,verificado
CORAPE,2026,3,208.01,1,verificado
CORAPE,2026,5,280.02,1,verificado
CORAZON FILMS,2026,1,545.96,90,verificado
CORAZON FILMS,2026,2,230.52,38,verificado
CORBAL (CONSTRUCTORA),2026,3,2902.82,15,verificado
CORBAL (CONSTRUCTORA),2026,4,1488.11,6,verificado
COREHOUSE FUNCTIONAL TRAINING,2026,2,202.8,37,verificado
COREHOUSE FUNCTIONAL TRAINING,2026,3,263.09,48,verificado
COREHOUSE FUNCTIONAL TRAINING,2026,4,74.97,56,verificado
CORFOCESANTIA,2026,4,1129.28,3,verificado
CORFRUIT,2026,2,402.2,2,verificado
CORFRUIT,2026,3,329.07,2,verificado
CORIVET,2026,3,832.06,4,verificado
CORIVET,2026,4,1488.11,6,verificado
CORIVET,2026,5,840.06,3,verificado
CORONA,2026,2,38088.66,226,verificado
CORONA,2026,3,43527.53,486,verificado
CORONA,2026,4,31713.54,411,verificado
CORONA,2026,5,4666.34,11,verificado
CORONA,2026,6,304.31,2,verificado
CORP. EL ROSADO S.A.,2026,4,303.39,1,verificado
CORP. ELECTRICA DEL ECUADOR,2026,1,9487.28,3,verificado
CORP. FAVORITA,2026,4,1758.14,2,verificado
CORP. FINANCIERA NACIONAL,2026,1,3849.08,10,verificado
CORP. FINANCIERA NACIONAL,2026,2,3417.71,6,verificado
CORP. FINANCIERA NACIONAL,2026,3,2041.92,9,verificado
CORP. FINANCIERA NACIONAL,2026,4,4692.33,11,verificado
CORP. FINANCIERA NACIONAL,2026,5,25538.84,17,verificado
CORP. FINANCIERA NACIONAL,2026,6,134.67,1,verificado
CORP. MEDICA MONTE SINAI,2026,5,280.02,1,verificado
CORP. MUCHO MEJOR ECUADOR,2026,1,1953.82,6,verificado
CORP. MUCHO MEJOR ECUADOR,2026,2,2172.51,4,verificado
CORP. MUCHO MEJOR ECUADOR,2026,3,1238.71,7,verificado
CORP. MUCHO MEJOR ECUADOR,2026,4,3448.85,13,verificado
CORP. MUCHO MEJOR ECUADOR,2026,5,1434.0,5,verificado
CORP. QUIPORT S.A.,2026,4,965.25,1,verificado
CORPCULTIVOS S.A.,2026,3,164.54,1,verificado
CORPORACION GALARZA,2026,3,1741.69,9,verificado
CORPORACION GALARZA,2026,4,744.06,3,verificado
CORPORACION MULTIBG,2026,1,806.62,1,verificado
CORPORACION NACIONAL DE ELECTRICIDAD,2026,3,17.67,2,verificado
CORPORAL GYM,2026,1,137.03,25,verificado
CORPORAL GYM,2026,3,54.81,10,verificado
CORPORAL GYM,2026,4,30.79,23,verificado
CORPORAL GYM,2026,5,21.42,16,verificado
CORPUS CHRISTI,2026,5,965.25,1,verificado
CORRE POR TU CASA 7.5K,2026,1,12.58,1,verificado
CORRE POR TU CASA 7.5K,2026,2,629.2,50,verificado
COSAS,2026,2,1769.62,1,verificado
COSAS,2026,3,2059.2,1,verificado
COSAS,2026,4,1715.78,2,verificado
COSENTINO,2026,5,1480.05,1,verificado
COSHEAL,2026,4,603.3,3,verificado
COSTA DI AMALFI,2026,4,1808.46,1,verificado
COSTA DI AMALFI,2026,5,1808.46,1,verificado
COSTA PLAZA,2026,4,1476.36,1,verificado
COSTA SIERRA RESTAURANTE,2026,1,893.21,51,verificado
COSTA SIERRA RESTAURANTE,2026,2,350.28,20,verificado
COSTA SIERRA RESTAURANTE,2026,3,385.31,22,verificado
COSTA SOL,2026,2,13897.32,27,verificado
COSTA SOL,2026,3,15043.75,31,verificado
COSTA SOL,2026,4,15530.48,21,verificado
COSTA SOL,2026,5,12890.24,18,verificado
COSTA SOL,2026,6,995.55,2,verificado
COSTANERA,2026,4,1488.11,6,verificado
COSTANERA,2026,5,280.02,1,verificado
COURIER 4 YOU,2026,4,992.08,4,verificado
COURTYARD BY MARRIOTT,2026,2,965.25,1,verificado
CRAFT,2026,4,959.02,75,verificado
CRAFT,2026,5,4049.6,126,verificado
CRATER ROOFTOP BAR,2026,3,416.03,2,verificado
CRAYOLA,2026,2,1602.29,6,verificado
CRAYOLA,2026,3,9945.44,50,verificado
CRAYOLA,2026,4,8365.63,33,verificado
CRAYOLA,2026,5,8365.42,32,verificado
CRAZY WAFFLES,2026,1,242.93,41,verificado
CRAZY WAFFLES,2026,2,266.62,45,verificado
CRAZY WAFFLES,2026,3,432.52,73,verificado
CRAZY WAFFLES,2026,4,546.0,52,verificado
CRAZY WAFFLES,2026,5,441.0,42,verificado
CRAZY WAFFLES,2026,6,21.0,2,verificado
CREAR ONLINE,2026,5,703.79,62,verificado
CREAR ONLINE,2026,6,68.11,6,verificado
CRECIMIENTO LA NUEVA PRIORIDAD,2026,5,1768.5,1,verificado
CRECOS,2026,1,910.81,97,verificado
CRECOS,2026,2,17160.48,103,verificado
CRECOS,2026,3,12589.28,124,verificado
CRECOS,2026,4,28195.99,474,verificado
CRECOS,2026,5,31316.98,346,verificado
CREDIFINSA S.A.,2026,2,5.61,2,verificado
CREDIFINSA S.A.,2026,3,2.8,1,verificado
CREDITO FAVORITO,2026,1,2549.96,16,verificado
CREDITO FAVORITO,2026,2,14.0,1,verificado
CREDITO FAVORITO,2026,5,280.02,1,verificado
CREMA DERM,2026,1,3111.07,280,verificado
CREMA DERM,2026,2,4224.1,329,verificado
CREMA DERM,2026,3,8844.75,452,verificado
CREMA DERM,2026,4,9352.49,517,verificado
CREMA DERM,2026,5,2593.35,187,verificado
CREMA DERM,2026,6,264.08,22,verificado
CREPERIA EL MEDIODIA,2026,5,280.02,1,verificado
CREPES WAFFLES,2026,1,59.25,10,verificado
CREPIER,2026,3,1974.43,11,verificado
CREPIER,2026,4,804.41,4,verificado
CREPIER,2026,5,535.96,2,verificado
CRETA COFFE & BAKERY,2026,2,201.1,1,verificado
CRETA COFFE & BAKERY,2026,3,493.61,3,verificado
CRETA COFFE & BAKERY,2026,5,767.84,3,verificado
CRETA RESTAURANTE,2026,4,402.2,2,verificado
CRIOLLO,2026,4,209.35,10,verificado
CRIOLLO,2026,5,6357.47,173,verificado
CRISAL,2026,2,2100.14,6,verificado
CRISAL,2026,3,3536.24,16,verificado
CRISAL,2026,5,280.02,1,verificado
CRISAL,2026,6,280.02,1,verificado
CRISFE FUND.,2026,2,6355.32,13,verificado
CRISTAL COLORS,2026,3,7072.49,34,verificado
CROCS,2026,2,1305.53,6,verificado
CROCS,2026,3,3275.37,17,verificado
CROCS,2026,4,5.64,1,verificado
CROCS,2026,5,255.95,1,verificado
CROFFERS (TOSCANA),2026,2,12975.89,41,verificado
CROKETOON,2026,1,12.58,1,verificado
CROKITOS,2026,2,1902.31,7,verificado
CROKITOS,2026,3,1533.68,8,verificado
CROPLIFE ECUADOR,2026,3,1604.1,11,verificado
CROPLIFE ECUADOR,2026,4,2446.68,17,verificado
CROQUETAS DEL CHUCHITO,2026,3,71.28,14,verificado
CROSSOVER,2026,5,709.14,32,verificado
CROSSOVER,2026,6,177.28,8,verificado
CRUZ AZUL,2026,1,6116.01,492,verificado
CRUZ AZUL,2026,2,11643.51,603,verificado
CRUZ AZUL,2026,3,22549.24,960,verificado
CRUZ AZUL,2026,4,25282.03,1070,verificado
CRUZ AZUL,2026,5,29671.73,1200,verificado
CRUZ AZUL,2026,6,325.36,30,verificado
CRUZ ROJA DE PICHINCHA,2026,2,2100.15,7,verificado
CRUZ ROJA ECUATORIANA,2026,2,5004.69,16,verificado
CRUZ ROJA ECUATORIANA,2026,3,8838.85,35,verificado
CRUZ ROJA ECUATORIANA,2026,4,3472.27,14,verificado
CUBA SANDUCHE,2026,1,6.28,1,verificado
CUBATA,2026,2,7176.59,24,verificado
CUBATA,2026,3,4368.3,21,verificado
CUBATA,2026,4,13421.37,41,verificado
CUBATA,2026,5,4727.39,18,verificado
CUBITT,2026,3,493.61,3,verificado
CUENCA MUEBLES,2026,3,537.09,3,verificado
CUENCA MUEBLES,2026,5,210.02,3,verificado
CUERPO DE BOMBEROS DE PEDRO MONCAYO,2026,3,416.03,2,verificado
CUERPO DE BOMBEROS SAMBORONDON,2026,1,420.21,78,verificado
CUERPO DE BOMBEROS SAMBORONDON,2026,2,663.81,124,verificado
CUERPO DE BOMBEROS SAMBORONDON,2026,3,732.63,138,verificado
CUERPO DE BOMBEROS SAMBORONDON,2026,4,1482.47,153,verificado
CUERPO DE BOMBEROS SAMBORONDON,2026,5,1755.6,174,verificado
CUERPO DE BOMBEROS SAMBORONDON,2026,6,132.0,12,verificado
CUMBATRANS S.A.,2026,4,1440.72,1,verificado
CUNALANDIA,2026,5,560.04,2,verificado
CUNINGHAM,2026,3,745.1,4,verificado
CUORE MIO,2026,3,329.07,2,verificado
CURA MED,2026,2,402.2,2,verificado
CURAPROX,2026,2,2805.64,11,verificado
CURAPROX,2026,4,402.2,2,verificado
CURAPROX,2026,5,1631.97,6,verificado
CURE BAND,2026,4,1438.01,3,verificado
CUSI,2026,5,1400.1,5,verificado
CUSI,2026,6,280.02,1,verificado
CUTE,2026,3,416.03,2,verificado
CVIALCO,2026,2,300.02,1,verificado
CVIALCO,2026,3,1040.07,5,verificado
CVIALCO,2026,4,7440.52,26,verificado
CYBERDAY.EC,2026,4,3263.95,213,verificado
CYRANO,2026,1,472.5,60,verificado
CYRANO,2026,3,1214.53,193,verificado
CYRANO,2026,4,323.0,42,verificado
CYRANO,2026,5,975.75,2,verificado
CYRANO Y CORFU,2026,3,19.52,3,verificado
CYRANO Y CORFU,2026,5,10.5,1,verificado
CYS CONTROL,2026,4,73.5,7,verificado
CYS CONTROL,2026,5,157.5,13,verificado
CYZONE,2026,3,2797.1,15,verificado
CYZONE,2026,4,5831.91,24,verificado
CYZONE,2026,5,15420.69,58,verificado
CYZONE,2026,6,255.95,1,verificado
D LIRIOS EVENTOS,2026,3,235.07,8,verificado
D PISAR D PISAR,2026,1,384.28,107,verificado
D PISAR D PISAR,2026,2,1758.85,125,verificado
D PISAR D PISAR,2026,3,630.13,59,verificado
D PISAR D PISAR,2026,4,1546.63,68,verificado
D PISAR D PISAR,2026,5,2004.76,39,verificado
D PISAR D PISAR,2026,6,926.92,8,verificado
DABSEG SEGURIDAD PRIVADA CIA. LTDA,2026,5,310.5,18,verificado
DABSEG SEGURIDAD PRIVADA CIA. LTDA,2026,6,98.67,6,verificado
DACAR,2026,1,3240.36,407,verificado
DACAR,2026,2,2834.28,348,verificado
DACAR,2026,3,3056.12,406,verificado
DACAR,2026,4,4757.1,449,verificado
DACAR,2026,5,4659.67,426,verificado
DACAR,2026,6,322.61,33,verificado
DAILY PASAJERO,2026,4,781.61,92,verificado
DAILY PASAJERO,2026,5,2361.83,278,verificado
DAILY PASAJERO,2026,6,178.41,21,verificado
DALIA,2026,2,24858.26,95,verificado
DALIA,2026,3,23419.4,106,verificado
DALIA,2026,4,34112.77,119,verificado
DALIA,2026,5,31438.12,105,verificado
DALIA,2026,6,1071.93,4,verificado
DAMEN SHIPYARDS,2026,4,496.04,2,verificado
DANDY,2026,2,975.06,3,verificado
DANDY,2026,4,3472.23,11,verificado
DANIEL NOBOA AZIN,2026,2,1704.47,7,verificado
DANIEL NOBOA AZIN,2026,4,402.2,2,verificado
DANIEL NOBOA AZIN,2026,5,2327.57,7,verificado
DANY,2026,2,402.2,2,verificado
DANY,2026,3,2961.64,17,verificado
DANY,2026,4,1809.91,9,verificado
DANY,2026,5,2607.6,10,verificado
DANZAS JAZZ,2026,2,603.3,3,verificado
DARK HUNTER,2026,4,402.2,2,verificado
DATABET,2026,6,70.01,1,verificado
DATU DELI,2026,4,2480.16,8,verificado
DATU DELI,2026,5,1023.78,4,verificado
DAYTONA,2026,2,20909.06,68,verificado
DAYTONA,2026,3,12142.36,52,verificado
DAYTONA,2026,4,24399.95,100,verificado
DAYTONA,2026,5,18623.15,63,verificado
DAYTONA,2026,6,840.06,3,verificado
DAZZLE,2026,3,20.08,4,verificado
DAZZLE,2026,4,499.34,88,verificado
DAZZLE,2026,5,1433.22,261,verificado
DAZZLE,2026,6,88.34,16,verificado
DE MUJERES,2026,2,1503.37,6,verificado
DE MUJERES,2026,3,1785.17,9,verificado
DE MUJERES,2026,4,1052.42,5,verificado
DE MUJERES,2026,5,1936.06,7,verificado
DE MUJERES,2026,6,350.03,2,verificado
DE PRATI,2026,1,36390.93,873,verificado
DE PRATI,2026,2,109592.7,2042,verificado
DE PRATI,2026,3,98610.51,2102,verificado
DE PRATI,2026,4,98484.07,2788,verificado
DE PRATI,2026,5,76177.77,1906,verificado
DE PRATI,2026,6,2385.14,102,verificado
DECAMERON,2026,1,11765.24,453,verificado
DECAMERON,2026,2,13897.06,760,verificado
DECAMERON,2026,3,35216.77,1000,verificado
DECAMERON,2026,4,19878.5,921,verificado
DECAMERON,2026,5,11566.61,544,verificado
DECAMERON,2026,6,734.58,19,verificado
DECOCENTRO,2026,2,72.44,5,verificado
DECOCENTRO,2026,3,18.94,3,verificado
DECOCENTRO,2026,4,17.05,3,verificado
DECOCENTRO,2026,5,14.29,2,verificado
DECOKASA,2026,3,3725.5,20,verificado
DECOKASA,2026,4,3546.05,16,verificado
DECOKASA,2026,5,2071.64,8,verificado
DECORTEJA,2026,4,17.92,2,verificado
DEEPAL,2026,3,4812.77,13,verificado
DEEPAL,2026,4,992.08,4,verificado
DEEPAL,2026,5,280.02,1,verificado
DEFFENDOR,2026,2,201.1,1,verificado
DEGRALER,2026,3,208.01,1,verificado
DEGRALER,2026,4,1655.71,3,verificado
DEGRALER,2026,5,560.04,2,verificado
DEGRALER,2026,6,280.02,1,verificado
DEL KIOSKO,2026,2,25860.19,97,verificado
DEL KIOSKO,2026,3,7953.98,41,verificado
DEL KIOSKO,2026,5,7479.43,27,verificado
DEL MONTE AGUARDIENTE,2026,3,822.68,5,verificado
DELENCANTO,2026,2,100.55,2,verificado
DELENCANTO,2026,3,329.07,2,verificado
DELFOS CENT. DE ESTUDIOS,2026,2,1206.61,6,verificado
DELFOS CENT. DE ESTUDIOS,2026,3,788.58,4,verificado
DELFOS CENT. DE ESTUDIOS,2026,4,5440.94,6,verificado
DELFOS CENT. DE ESTUDIOS,2026,5,791.91,3,verificado
DELI ANDINO,2026,5,437.5,28,verificado
DELICATTO PIGGIS,2026,4,201.1,1,verificado
DELICATTO PIGGIS,2026,5,255.95,1,verificado
DELPHIN,2026,1,86.42,6,verificado
DELPORTAL CARNISARIATO,2026,3,1342.45,75,verificado
DELPORTAL CARNISARIATO,2026,4,2500.33,10,verificado
DELPORTAL CARNISARIATO,2026,5,1120.08,4,verificado
DELPORTAL CARNISARIATO,2026,6,280.02,1,verificado
DEMACO,2026,3,493.61,3,verificado
DEMACO,2026,4,402.2,2,verificado
DEMACO,2026,5,560.04,2,verificado
DENT SMILE,2026,2,14.95,4,verificado
DENT WIZARD,2026,3,14.78,1,verificado
DENTAL BROWN,2026,3,208.01,1,verificado
DENTAL CENTER,2026,3,10.77,2,verificado
DENTAL CORPORE,2026,3,2912.2,14,verificado
DENTAL CORPORE,2026,4,3472.23,11,verificado
DENTAL CORPORE,2026,5,2380.15,8,verificado
DENTAL CORPORE,2026,6,560.04,2,verificado
DENTAL RUEDA V,2026,2,1200.09,4,verificado
DENTAL RUEDA V,2026,3,416.03,2,verificado
DENTAL RUEDA V,2026,4,1240.09,5,verificado
DENTAL SONRIS,2026,3,1013.24,78,verificado
DENTAL SONRIS,2026,4,1056.0,88,verificado
DENTAL SONRIS,2026,5,1152.0,96,verificado
DENTAL SONRIS,2026,6,72.0,6,verificado
DENTALASER,2026,1,3837.46,74,verificado
DENTALASER,2026,2,2862.14,77,verificado
DENTALASER,2026,3,4252.4,122,verificado
DENTALASER,2026,4,3641.25,118,verificado
DENTALASER,2026,5,4183.01,121,verificado
DENTALASER,2026,6,404.8,6,verificado
DENTRIX,2026,1,7.91,1,verificado
DEPIL SPA,2026,5,767.84,3,verificado
DEPOSITO DEL CONSTRUCTOR,2026,3,822.68,4,verificado
DEPOSITO DEL CONSTRUCTOR,2026,4,201.1,1,verificado
DERECHO ECUADOR.COM,2026,5,122.47,1,verificado
DERMA-ESTHETIC,2026,3,1148.58,104,verificado
DERMA-ESTHETIC,2026,4,3044.9,141,verificado
DERMA-ESTHETIC,2026,5,2353.86,109,verificado
DERMA-ESTHETIC,2026,6,172.76,8,verificado
DERMAGE,2026,2,3085.0,14,verificado
DERMAGE,2026,3,9313.74,46,verificado
DERMAGE,2026,4,854.68,5,verificado
DERMAGE,2026,5,1791.62,7,verificado
DERMEDICA,2026,3,416.03,2,verificado
DERMOTIENDA SHOPPING,2026,3,607.0,3,verificado
DESCUENTON OUTLET,2026,3,208.01,1,verificado
DESCUENTOS Y VENTAJAS,2026,2,600.04,2,verificado
DESCUENTOS Y VENTAJAS,2026,3,416.03,2,verificado
DESCUENTOS Y VENTAJAS,2026,5,2032.92,157,verificado
DESPECHO FEST,2026,5,11830.5,45,verificado
DESPECHO FEST,2026,6,255.95,1,verificado
DESPEGAR.COM,2026,2,974.79,47,verificado
DESPEGAR.COM,2026,3,1100.52,22,verificado
DESPEGAR.COM,2026,4,105.51,17,verificado
DESPEGAR.COM,2026,5,204.45,12,verificado
DETALLES (FLORERIA),2026,2,8.53,2,verificado
DETAN,2026,1,670.87,82,verificado
DETAN,2026,2,262.4,32,verificado
DETAN,2026,3,1775.14,46,verificado
DETAN,2026,4,192.64,19,verificado
DETAN,2026,5,262.08,26,verificado
DETAN,2026,6,31.36,3,verificado
DEWALT,2026,3,164.54,1,verificado
DEWALT,2026,5,255.95,1,verificado
DFSK,2026,1,23264.61,115,verificado
DFSK,2026,2,52499.3,262,verificado
DFSK,2026,3,49471.53,450,verificado
DFSK,2026,4,34971.38,374,verificado
DFSK,2026,5,58223.3,338,verificado
DFSK,2026,6,6002.53,34,verificado
DGALIA,2026,5,840.06,3,verificado
DHL,2026,2,201.1,1,verificado
DI MARIA,2026,3,1940.31,11,verificado
DIAMOND FILMS,2026,4,300.43,35,verificado
DIANA QUINTANA CLUB DEPORTIVO,2026,2,896.25,1,verificado
DIARIO EL MERCURIO,2026,1,273.85,5,verificado
DIARIO EL MERCURIO,2026,2,6890.0,28,verificado
DIARIO EL MERCURIO,2026,3,7098.36,30,verificado
DIARIO EL MERCURIO,2026,4,5685.49,23,verificado
DIARIO EL MERCURIO,2026,5,2365.36,17,verificado
DIARIO EXPRESO,2026,1,32474.12,37,verificado
DIARIO EXPRESO,2026,2,35276.07,39,verificado
DIARIO EXPRESO,2026,3,58485.5,64,verificado
DIARIO EXPRESO,2026,4,55771.48,69,verificado
DIARIO EXPRESO,2026,5,52875.15,68,verificado
DIARIO EXPRESO,2026,6,2430.05,3,verificado
DIARIO EXTRA,2026,2,1649.39,3,verificado
DIARIO EXTRA,2026,3,4678.43,5,verificado
DIARIO EXTRA,2026,4,18027.4,12,verificado
DIARIO EXTRA,2026,5,21941.99,13,verificado
DIARIO EXTRA,2026,6,2710.26,1,verificado
DIAVOLO ROSSO,2026,3,822.68,5,verificado
DIAVOLO ROSSO,2026,4,402.2,2,verificado
DIBEAL,2026,2,402.2,2,verificado
DIBEAL,2026,3,2138.97,13,verificado
DIBEAL,2026,4,1407.71,7,verificado
DIBEAL,2026,5,3071.34,12,verificado
DIBLU 88.9 FM,2026,1,52.24,6,verificado
DIBLU 88.9 FM,2026,2,35.84,4,verificado
DIBLU 88.9 FM,2026,3,1192.63,55,verificado
DIBLU 88.9 FM,2026,4,69.44,7,verificado
DIBLU 88.9 FM,2026,5,922.87,93,verificado
DIBLU 88.9 FM,2026,6,163.52,17,verificado
DICENTRO,2026,1,188.15,21,verificado
DICENTRO,2026,2,322.55,36,verificado
DICENTRO,2026,3,286.71,32,verificado
DICENTRO,2026,4,310.45,21,verificado
DICENTRO,2026,5,354.81,24,verificado
DICENTRO,2026,6,29.57,2,verificado
DICORNE,2026,5,3360.23,12,verificado
DIEGO C. DELGADO JARA,2026,1,1828.35,1,verificado
DIFARE S.A.,2026,2,1638.12,1,verificado
DIFARE S.A.,2026,3,965.25,1,verificado
DIFARE S.A.,2026,5,1178.95,1,verificado
DILICSUR,2026,2,201.1,1,verificado
DILIPA,2026,4,933.9,90,verificado
DILIPA,2026,5,932.25,90,verificado
DILYTE,2026,2,1506.63,7,verificado
DILYTE,2026,5,2303.51,9,verificado
DIMASPORT,2026,2,2100.14,6,verificado
DIMETAL,2026,3,658.14,4,verificado
DINATEK S.C.,2026,3,245.52,33,verificado
DINATEK S.C.,2026,4,2692.8,187,verificado
DINATEK S.C.,2026,5,2577.6,179,verificado
DINATEK S.C.,2026,6,230.4,16,verificado
DINERS CLUB,2026,1,67302.5,1160,verificado
DINERS CLUB,2026,2,77545.62,649,verificado
DINERS CLUB,2026,3,112022.5,992,verificado
DINERS CLUB,2026,4,120399.48,1410,verificado
DINERS CLUB,2026,5,100820.93,1212,verificado
DINERS CLUB,2026,6,8933.32,102,verificado
DIPASO S.A.,2026,2,2887.39,44,verificado
DIPASO S.A.,2026,3,2296.7,152,verificado
DIPASO S.A.,2026,4,263.69,3,verificado
DIPASO S.A.,2026,5,1663.15,61,verificado
DIPASO S.A.,2026,6,31.37,5,verificado
DIPIUR ACCESORIOS,2026,3,658.14,4,verificado
DIPLOMADO DE PERIODISMO DEPORTIVO,2026,2,332.55,40,verificado
DIPLOMADO DE PERIODISMO DEPORTIVO,2026,3,196.8,24,verificado
DIPPING BRUNCH,2026,2,5700.4,18,verificado
DIPPING BRUNCH,2026,3,6032.4,27,verificado
DIPPING BRUNCH,2026,4,1736.13,7,verificado
DIPPING BRUNCH,2026,5,560.04,2,verificado
DIPPING COOKIES,2026,3,208.01,1,verificado
DIPPING COOKIES,2026,5,280.02,1,verificado
DIRECTV,2026,1,1700.87,282,verificado
DIRECTV,2026,2,13432.93,645,verificado
DIRECTV,2026,3,33346.34,3821,verificado
DIRECTV,2026,4,2762.73,171,verificado
DIRECTV,2026,5,12061.49,690,verificado
DIRECTV,2026,6,1104.35,41,verificado
DISCABAR,2026,2,300.02,1,verificado
DISCABAR,2026,6,280.02,1,verificado
DISCOTECA BARUT,2026,3,0.93,1,verificado
DISCOVER (CASHBACK),2026,2,3786.07,77,verificado
DISCOVER (CASHBACK),2026,3,656.36,30,verificado
DISCOVER (CASHBACK),2026,4,2059.2,1,verificado
DISCOVERY FOOT WEAR,2026,3,329.07,2,verificado
DISCOVERY FOOT WEAR,2026,4,201.1,1,verificado
DISENSA,2026,1,2645.64,108,verificado
DISENSA,2026,2,8999.76,34,verificado
DISENSA,2026,3,6886.79,28,verificado
DISENSA,2026,4,5336.15,21,verificado
DISENSA,2026,5,2393.71,121,verificado
DISENSA,2026,6,583.45,26,verificado
DISER MEDICAL,2026,5,280.02,1,verificado
DISEÑOS TIENDA MODA,2026,1,514.9,5,verificado
DISEÑOS TIENDA MODA,2026,2,725.18,7,verificado
DISEÑOS TIENDA MODA,2026,3,700.61,7,verificado
DISEÑOS TIENDA MODA,2026,4,736.21,9,verificado
DISEÑOS TIENDA MODA,2026,5,535.71,7,verificado
DISNEY PELICULAS,2026,1,2472.64,274,verificado
DISNEY PELICULAS,2026,2,2504.22,247,verificado
DISNEY PELICULAS,2026,3,5775.03,318,verificado
DISNEY PELICULAS,2026,4,3101.54,251,verificado
DISNEY PELICULAS,2026,5,5110.68,383,verificado
DISNEY PELICULAS,2026,6,145.6,10,verificado
DISNEY PLUS,2026,1,2779.96,227,verificado
DISNEY PLUS,2026,2,10545.38,320,verificado
DISNEY PLUS,2026,3,8930.68,307,verificado
DISNEY PLUS,2026,4,8071.9,293,verificado
DISNEY PLUS,2026,5,4212.8,268,verificado
DISNEY PLUS,2026,6,223.71,15,verificado
DISPROVEF,2026,2,402.2,2,verificado
DISPROVEF,2026,3,1248.09,6,verificado
DISPROVEF,2026,4,992.08,4,verificado
DISPROVEF,2026,5,840.06,3,verificado
DISTRIBUFARMPLUS,2026,4,1240.09,5,verificado
DISTRIBUFARMPLUS,2026,5,6720.45,23,verificado
DISTRIBUIDORA CASTRO,2026,5,69.55,2,verificado
DISTRIBUIDORA DE CARNES ANCISA,2026,1,423.62,29,verificado
DISTRIBUIDORA DE CARNES ANCISA,2026,2,467.79,39,verificado
DISTRIBUIDORA DE CARNES ANCISA,2026,3,569.62,49,verificado
DISTRIBUIDORA DE CARNES ANCISA,2026,4,898.74,55,verificado
DISTRIBUIDORA DE CARNES ANCISA,2026,5,570.83,38,verificado
DISTRIDENTAL,2026,3,208.01,1,verificado
DISTRIHOME,2026,2,201.1,1,verificado
DISTRILLANTAS,2026,2,1602.29,6,verificado
DISTRILLANTAS,2026,3,3120.22,15,verificado
DISTRIMUSIC,2026,2,600.04,2,verificado
DISTRIMUSIC,2026,5,560.04,2,verificado
DISTRIPAN,2026,5,127.97,2,verificado
DISTRITO 5,2026,2,603.3,3,verificado
DISTRITO 5,2026,6,255.95,1,verificado
DISTRITO METROPOLITANO DE QUITO,2026,1,2135.65,41,verificado
DISTRITO METROPOLITANO DE QUITO,2026,2,7686.28,80,verificado
DISTRITO METROPOLITANO DE QUITO,2026,3,23849.8,39,verificado
DISTRITO METROPOLITANO DE QUITO,2026,4,39808.16,2044,verificado
DISTRITO METROPOLITANO DE QUITO,2026,5,53378.99,1889,verificado
DISTRITO METROPOLITANO DE QUITO,2026,6,10677.56,382,verificado
DJI,2026,3,416.03,2,verificado
DJI,2026,4,402.2,2,verificado
DJI,2026,5,560.04,2,verificado
DK CENTER,2026,3,416.03,2,verificado
DK MANAGEMENT,2026,1,4906.76,68,verificado
DK PARTS,2026,4,2480.19,10,verificado
DLEN S.A.,2026,1,100.38,1,verificado
DOBO,2026,2,2502.35,9,verificado
DOBO,2026,3,416.03,2,verificado
DOCTOR PELO,2026,1,479.11,55,verificado
DOCTOR PELO,2026,2,464.23,53,verificado
DOCTOR PELO,2026,3,80.09,12,verificado
DOCTOR PELO,2026,4,8.96,1,verificado
DOCTOR PIE,2026,3,537.09,3,verificado
DOCTORES DE LA RISA,2026,2,4034.66,161,verificado
DOCTORES DE LA RISA,2026,3,1353.24,54,verificado
DOLCE INCONTRO,2026,2,2004.49,8,verificado
DOLCE INCONTRO,2026,3,1480.82,8,verificado
DOLCE INCONTRO,2026,4,496.04,2,verificado
DOLCE INCONTRO,2026,5,1960.13,7,verificado
DOLCE INCONTRO,2026,6,280.02,1,verificado
DOLLAR STORE,2026,1,813.82,93,verificado
DOLLAR STORE,2026,2,816.45,5,verificado
DOLLAR STORE,2026,3,3319.87,297,verificado
DOLLAR STORE,2026,4,239.81,7,verificado
DOLLAR STORE,2026,5,995.55,3,verificado
DOLMEN,2026,5,560.04,2,verificado
DOLMEN,2026,6,280.02,1,verificado
DOLUPA,2026,2,3000.21,10,verificado
DOLUPA,2026,4,1984.15,8,verificado
DOLUPA,2026,5,2143.86,8,verificado
DOLUPA,2026,6,280.02,1,verificado
DON CAFE,2026,2,852.4,1,verificado
DON CAFE,2026,3,1222.94,1,verificado
DON CAFE,2026,4,424.76,1,verificado
DON CHUZO,2026,3,25.36,3,verificado
DON DIEGO,2026,2,477.21,3,verificado
DON DIEGO,2026,3,8663.36,29,verificado
DON DIEGO,2026,4,27680.89,50,verificado
DON DIEGO,2026,5,15638.6,29,verificado
DON DOG,2026,1,1151.78,112,verificado
DON DOG,2026,2,1010.18,98,verificado
DON DOG,2026,3,1253.34,122,verificado
DON DOG,2026,4,1353.5,113,verificado
DON DOG,2026,5,1303.92,105,verificado
DON DOG,2026,6,84.0,7,verificado
DON KILO,2026,4,496.04,2,verificado
DON KILO,2026,5,560.04,2,verificado
DON KILO,2026,6,630.04,3,verificado
DON VITTORIO,2026,1,7999.26,36,verificado
DON VITTORIO,2026,2,8090.77,39,verificado
DON VITTORIO,2026,3,9016.13,46,verificado
DON VITTORIO,2026,4,2495.15,18,verificado
DONA FUTURO,2026,5,959.88,1,verificado
DONDE ROSSY,2026,6,28.0,2,verificado
DONGFENG,2026,1,11447.94,266,verificado
DONGFENG,2026,2,45348.71,972,verificado
DONGFENG,2026,3,56824.66,687,verificado
DONGFENG,2026,4,30549.94,512,verificado
DONGFENG,2026,5,27819.6,699,verificado
DONGFENG,2026,6,3967.59,90,verificado
DORADO BET,2026,1,3204.84,420,verificado
DORADO BET,2026,2,8018.97,618,verificado
DORADO BET,2026,3,44309.51,3778,verificado
DORADO BET,2026,4,39768.55,3227,verificado
DORADO BET,2026,5,42846.53,2750,verificado
DORADO BET,2026,6,4878.72,260,verificado
DORMEL,2026,2,5027.53,24,verificado
DORMEL,2026,3,987.22,6,verificado
DORMILEON,2026,4,402.2,2,verificado
DOS HEMISFERIOS (VINO),2026,2,6125.42,26,verificado
DOS HEMISFERIOS (VINO),2026,3,4948.87,24,verificado
DOS HEMISFERIOS (VINO),2026,4,8432.53,24,verificado
DOS HEMISFERIOS (VINO),2026,5,1279.73,5,verificado
DOS SUCRES,2026,3,822.68,5,verificado
DOS SUCRES,2026,5,575.88,3,verificado
DOT HOUSE,2026,5,255.95,1,verificado
DOT SUSHI,2026,2,201.1,1,verificado
DOT SUSHI,2026,3,329.07,2,verificado
DOVE,2026,3,84739.78,988,verificado
DOVE,2026,4,90107.09,1007,verificado
DOVE,2026,5,137364.04,1582,verificado
DOVE,2026,6,2812.86,5,verificado
DOYO NIKKEI LOUNGE,2026,5,560.04,2,verificado
DOÑA GUSTA,2026,2,614.83,1,verificado
DOÑA GUSTA,2026,4,1230.03,1,verificado
DP WORLD,2026,2,402.2,2,verificado
DP WORLD,2026,3,5718.69,29,verificado
DP WORLD,2026,4,744.06,3,verificado
DP WORLD,2026,6,280.02,1,verificado
DR. ANIMAL,2026,1,734.51,56,verificado
DR. ANIMAL,2026,2,865.68,66,verificado
DR. ANIMAL,2026,3,826.33,63,verificado
DR. ANIMAL,2026,4,864.0,72,verificado
DR. ANIMAL,2026,5,312.0,26,verificado
DR. BYRON VACA E.,2026,1,522.25,36,verificado
DR. BYRON VACA E.,2026,2,632.66,44,verificado
DR. BYRON VACA E.,2026,3,305.61,22,verificado
DR. BYRON VACA E.,2026,4,302.44,26,verificado
DR. BYRON VACA E.,2026,5,290.67,26,verificado
DR. CRISTHIAN GARCIA,2026,1,10.68,1,verificado
DR. CRISTHIAN GARCIA,2026,5,19.24,1,verificado
DR. DRY (CREMAS CORPORALES),2026,2,9688.74,26,verificado
DR. DRY (CREMAS CORPORALES),2026,3,10279.33,39,verificado
DR. DRY (CREMAS CORPORALES),2026,4,16014.76,47,verificado
DR. DRY (CREMAS CORPORALES),2026,5,11411.08,28,verificado
DR. DRY (CREMAS CORPORALES),2026,6,815.98,3,verificado
DR. FELIPE LARREA,2026,3,1125.82,86,verificado
DR. FELIPE LARREA,2026,4,881.25,97,verificado
DR. FELIPE LARREA,2026,5,948.75,103,verificado
DR. FELIPE LARREA,2026,6,37.5,4,verificado
DR. FREDDY AYALA,2026,1,11.29,3,verificado
DR. GEORGE HIDALGO,2026,3,16.16,1,verificado
DR. HERNANDO SANTILLAN,2026,1,35.55,6,verificado
DR. HERNANDO SANTILLAN,2026,2,130.35,22,verificado
DR. HERNANDO SANTILLAN,2026,3,29.62,5,verificado
DR. JOSE SACOTO NAVIA,2026,1,54.65,2,verificado
DR. JUAN CARLOS RUIZ,2026,1,239.94,32,verificado
DR. JUAN CARLOS RUIZ,2026,2,81.84,10,verificado
DR. JUAN CARLOS RUIZ,2026,3,178.56,24,verificado
DR. JUAN CARLOS RUIZ,2026,4,403.2,36,verificado
DR. JUAN CARLOS RUIZ,2026,5,260.4,23,verificado
DR. JUAN CARLOS RUIZ CABEZA,2026,1,9.3,1,verificado
DR. JUAN CARLOS RUIZ CABEZA,2026,3,65.1,6,verificado
DR. JUAN CARLOS RUIZ CABEZA,2026,5,18.67,1,verificado
DR. LEONARDO MOYA,2026,1,524.35,6,verificado
DR. LEONARDO MOYA,2026,2,244.31,3,verificado
DR. LEONARDO MOYA,2026,3,156.78,2,verificado
DR. LEONARDO ZAMBRANO,2026,5,2522.5,31,verificado
DR. LUIS VALAREZO CH.,2026,3,58.45,1,verificado
DR. MARCOS ALBUJA,2026,2,40.79,3,verificado
DR. MAURICIO HEREDIA,2026,2,225.06,2,verificado
DR. MAURICIO HEREDIA,2026,4,358.16,4,verificado
DR. MIGUEL ANGEL SALAMEA AREVALO,2026,1,89.28,12,verificado
DR. MIGUEL ANGEL SALAMEA AREVALO,2026,2,7.44,1,verificado
DR. MIGUEL ANGEL SALAMEA AREVALO,2026,3,66.96,9,verificado
DR. MIGUEL ANGEL SALAMEA AREVALO,2026,4,89.6,8,verificado
DR. MIGUEL ANGEL SALAMEA AREVALO,2026,5,78.4,7,verificado
DR. NAPOLEON SALGADO,2026,1,108.81,13,verificado
DR. NAPOLEON SALGADO,2026,2,535.68,64,verificado
DR. NAPOLEON SALGADO,2026,3,167.4,20,verificado
DR. NAPOLEON SALGADO,2026,4,289.24,12,verificado
DR. NAPOLEON SALGADO,2026,5,265.66,12,verificado
DR. NEXAR R. GANCHOZO MACIAS,2026,1,358.9,6,verificado
DR. NEXAR R. GANCHOZO MACIAS,2026,2,162.88,3,verificado
DR. NEXAR R. GANCHOZO MACIAS,2026,3,104.52,2,verificado
DR. OMAR RIVERA,2026,1,2191.63,126,verificado
DR. OMAR RIVERA,2026,2,1215.34,69,verificado
DR. OMAR RIVERA,2026,3,1911.57,109,verificado
DR. PELO,2026,1,1708.46,126,verificado
DR. PELO,2026,2,1464.43,110,verificado
DR. PELO,2026,3,562.67,47,verificado
DR. PELO,2026,4,1246.93,72,verificado
DR. PELO,2026,5,1195.98,69,verificado
DR. PELO,2026,6,120.57,7,verificado
DR. PET,2026,1,14.78,1,verificado
DR. PET,2026,3,3.95,1,verificado
DR. PET,2026,4,126.69,29,verificado
DR. PET,2026,5,131.05,30,verificado
DR. PET,2026,6,17.47,4,verificado
DR. WILLIAM DUQUE LOPEZ,2026,5,21.0,1,verificado
DRA. EVELIN REDROVAN,2026,1,431.52,58,verificado
DRA. EVELIN REDROVAN,2026,2,431.52,58,verificado
DRA. EVELIN REDROVAN,2026,3,409.2,55,verificado
DRA. EVELIN REDROVAN,2026,4,694.4,62,verificado
DRA. EVELIN REDROVAN,2026,5,672.0,60,verificado
DRA. EVELIN REDROVAN,2026,6,33.6,3,verificado
DRA. FRANCISCA CIFUENTES,2026,2,17.77,3,verificado
DRA. FRANCISCA CIFUENTES,2026,3,23.7,4,verificado
DRA. GABRIELA ZAPATA,2026,5,545.63,4,verificado
DRA. JULIANA NAVARRETE,2026,1,92.17,10,verificado
DRA. KATHYA SOTOMAYOR,2026,1,84.1,30,verificado
DRA. KATHYA SOTOMAYOR,2026,2,47.65,17,verificado
DRA. KATHYA SOTOMAYOR,2026,3,114.93,41,verificado
DRA. KATHYA SOTOMAYOR,2026,4,245.43,37,verificado
DRA. KATHYA SOTOMAYOR,2026,5,205.63,31,verificado
DRA. KATHYA SOTOMAYOR,2026,6,26.53,4,verificado
DRA. LOYRA RONQUILLO,2026,1,46.08,7,verificado
DRAKON,2026,2,201.1,1,verificado
DREX ENERGY,2026,2,1191.6,46,verificado
DRK AUTOPARTS,2026,2,3405.67,12,verificado
DRK AUTOPARTS,2026,3,10108.64,83,verificado
DRK AUTOPARTS,2026,4,4162.75,16,verificado
DRK AUTOPARTS,2026,5,1493.18,12,verificado
DRK AUTOPARTS,2026,6,791.91,3,verificado
DROCARAS,2026,5,135.36,1,verificado
DROPI,2026,3,416.03,2,verificado
DROPI,2026,4,496.04,2,verificado
DUET,2026,2,600.04,2,verificado
DUKARE,2026,2,402.2,2,verificado
DUKARE,2026,3,1151.75,7,verificado
DULAC S,2026,3,1456.1,7,verificado
DULAC S,2026,4,1798.14,8,verificado
DULAC S,2026,5,560.04,2,verificado
DULCAMARE,2026,1,305.99,14,verificado
DULCAMARE,2026,3,85.8,4,verificado
DULCAMARE,2026,4,44.8,2,verificado
DULCAMARE,2026,5,56.0,2,verificado
DULCERIA LA PALMA,2026,5,511.89,2,verificado
DULCO,2026,2,402.2,2,verificado
DULCOLAX,2026,2,5409.79,25,verificado
DULCOLAX,2026,3,5559.7,26,verificado
DULCOLAX,2026,4,4024.23,17,verificado
DUNKIN DONUT´S,2026,2,501.12,2,verificado
DUNLOP,2026,3,1040.07,5,verificado
DUNLOP,2026,4,2976.21,11,verificado
DUNLOP,2026,5,2800.19,10,verificado
DUNLOP,2026,6,280.02,1,verificado
DURAGAS,2026,1,5354.39,193,verificado
DURAGAS,2026,2,22904.94,369,verificado
DURAGAS,2026,3,22671.75,526,verificado
DURAGAS,2026,4,13867.93,181,verificado
DURAGAS,2026,5,1178.95,1,verificado
DURAGAS,2026,6,331.85,1,verificado
DURAKO,2026,2,300.02,1,verificado
DURAKO,2026,3,1030.69,6,verificado
DURAKO,2026,4,4021.98,14,verificado
DURAN BUSINESS CENTER & LOGISTICS,2026,1,34.1,4,verificado
DURAN BUSINESS CENTER & LOGISTICS,2026,2,68.21,8,verificado
DURAN BUSINESS CENTER & LOGISTICS,2026,3,17.05,2,verificado
DURAN CITY,2026,5,511.89,2,verificado
DURATECHO,2026,1,1854.44,180,verificado
DUTY FREE,2026,2,85.05,6,verificado
DUTY FREE,2026,3,48.26,6,verificado
DUTY FREE,2026,4,38.51,6,verificado
DUTY FREE,2026,5,225.52,13,verificado
DUTY FREE,2026,6,72.68,5,verificado
D´ CONTADITO,2026,4,183.09,35,verificado
D´ CONTADITO,2026,5,61.72,12,verificado
D´ALEXA,2026,3,164.54,1,verificado
E&A NAIL ART,2026,5,511.89,2,verificado
EASY TRAVEL,2026,2,201.1,1,verificado
EASY TRAVEL,2026,4,603.3,3,verificado
EASYPAGOS,2026,2,12.44,1,verificado
ECAUTE,2026,1,301.14,1,verificado
ECHO,2026,2,2700.19,9,verificado
ECHO,2026,3,2288.15,10,verificado
ECHO,2026,4,4960.34,17,verificado
ECHO,2026,5,280.02,1,verificado
ECKO MUSIC,2026,3,6749.38,35,verificado
ECO LINE,2026,5,9903.65,25,verificado
ECOFROZ,2026,4,376.43,1,verificado
ECOFROZ,2026,5,100.38,1,verificado
ECOGRAFOS,2026,2,7982.14,39,verificado
ECOGRAFOS,2026,3,11245.13,65,verificado
ECOGRAFOS,2026,4,7521.14,33,verificado
ECOGRAFOS,2026,5,6958.19,24,verificado
ECOGRAFOS,2026,6,791.91,3,verificado
ECOMOVE,2026,3,82.27,2,verificado
ECOMUNDO CENTRO DE ESTUDIOS,2026,1,59.68,14,verificado
ECOMUNDO CENTRO DE ESTUDIOS,2026,2,1005.51,5,verificado
ECOMUNDO CENTRO DE ESTUDIOS,2026,3,518.33,60,verificado
ECOMUNDO CENTRO DE ESTUDIOS,2026,4,675.35,61,verificado
ECOMUNDO CENTRO DE ESTUDIOS,2026,5,11.07,1,verificado
ECOMUNDO UNID. EDUC.,2026,2,2011.01,10,verificado
ECOMUNDO UNID. EDUC.,2026,3,2502.62,89,verificado
ECOMUNDO UNID. EDUC.,2026,4,9924.24,87,verificado
ECOTEL TRAVEL,2026,5,2306.78,30,verificado
ECOTEL TRAVEL,2026,6,10.29,2,verificado
ECU 911,2026,1,29.9,8,verificado
ECU 911,2026,2,29.9,8,verificado
ECU 911,2026,3,653.32,35,verificado
ECU 911,2026,4,108.38,18,verificado
ECU 911,2026,5,72.25,12,verificado
ECU 911,2026,6,6.02,1,verificado
ECUA AMERICAN,2026,1,626.08,91,verificado
ECUA AMERICAN,2026,2,570.77,83,verificado
ECUA AMERICAN,2026,3,752.44,112,verificado
ECUA AMERICAN,2026,4,1109.5,91,verificado
ECUA AMERICAN,2026,5,1029.0,84,verificado
ECUA AMERICAN,2026,6,77.0,6,verificado
ECUA FEST,2026,2,41.95,2,verificado
ECUA FEST,2026,3,20.98,1,verificado
ECUA-WAGEN,2026,1,687.68,120,verificado
ECUA-WAGEN,2026,2,311.88,55,verificado
ECUA-WAGEN,2026,4,1015.26,114,verificado
ECUACOMEX,2026,2,1206.6,5,verificado
ECUACOMEX,2026,5,1071.93,4,verificado
ECUADOR EN POSITIVO,2026,4,5422.04,24,verificado
ECUADOR EN POSITIVO,2026,5,10587.67,76,verificado
ECUADOR EN POSITIVO,2026,6,74.93,4,verificado
ECUADOR EXTREME TOUR,2026,2,300.02,1,verificado
ECUADOR NEGOCIOS OPORTUNIDADES         E,2026,2,11.95,1,verificado
ECUADOR PIPOL,2026,1,701.95,69,verificado
ECUADOR PIPOL,2026,2,841.44,83,verificado
ECUADOR PIPOL,2026,3,52.13,8,verificado
ECUADOR TRAVEL,2026,5,231.0,15,verificado
ECUADOR TRAVEL COURRIER,2026,5,7.7,1,verificado
ECUADOR TV,2026,2,4.14,1,verificado
ECUADORIAN HANDS,2026,5,255.95,1,verificado
ECUADORIAN PILOT SERVICE S.A.,2026,4,548.5,1,verificado
ECUAENVASES,2026,5,511.89,2,verificado
ECUAGEN,2026,1,383.67,90,verificado
ECUAGEN,2026,2,298.41,70,verificado
ECUAGEN,2026,3,362.36,85,verificado
ECUAGEN,2026,4,746.9,97,verificado
ECUAGEN,2026,5,577.5,75,verificado
ECUAGEN,2026,6,46.2,6,verificado
ECUAGENERA,2026,4,1707.32,2,verificado
ECUAGOLD S.A.,2026,1,86.42,6,verificado
ECUAGOLD S.A.,2026,3,72.01,5,verificado
ECUAGOLD S.A.,2026,4,63.0,3,verificado
ECUAGOLD S.A.,2026,5,105.0,5,verificado
ECUAIRE,2026,5,2947.23,1,verificado
ECUAMANGUERAS,2026,2,1104.43,5,verificado
ECUAMAQ,2026,3,329.07,2,verificado
ECUAMAQ,2026,4,201.1,1,verificado
ECUANET,2026,2,11603.13,186,verificado
ECUANET,2026,3,35161.25,637,verificado
ECUANET,2026,4,22300.06,181,verificado
ECUANET,2026,5,46462.98,468,verificado
ECUANET,2026,6,2565.16,59,verificado
ECUAPOLIZAS,2026,5,511.89,2,verificado
ECUAPRIMAS,2026,2,965.25,1,verificado
ECUAQUIMICA,2026,2,422.33,2,verificado
ECUAQUIMICA,2026,3,5049.05,25,verificado
ECUAQUIMICA,2026,4,5296.4,21,verificado
ECUAQUIMICA,2026,5,5967.83,22,verificado
ECUAQUIMICA,2026,6,280.02,1,verificado
ECUASANITAS,2026,1,436.5,65,verificado
ECUASANITAS,2026,2,2094.34,330,verificado
ECUASANITAS,2026,3,3900.52,412,verificado
ECUASANITAS,2026,4,6321.89,476,verificado
ECUASANITAS,2026,5,4691.8,406,verificado
ECUASANITAS,2026,6,360.31,33,verificado
ECUATICS,2026,2,402.2,2,verificado
ECUATICS,2026,3,658.14,4,verificado
ECUAVALLAS,2026,1,161.95,41,verificado
ECUAVALLAS,2026,2,389.73,99,verificado
ECUAVALLAS,2026,3,425.28,109,verificado
ECUAVALLAS,2026,4,476.16,113,verificado
ECUAVALLAS,2026,5,471.79,110,verificado
ECUAVALLAS,2026,6,43.68,10,verificado
ECUAVICHE,2026,3,5.39,1,verificado
ECUAVISA,2026,1,624558.83,11473,verificado
ECUAVISA,2026,2,762302.22,9729,verificado
ECUAVISA,2026,3,707325.23,10404,verificado
ECUAVISA,2026,4,1009099.65,10642,verificado
ECUAVISA,2026,5,1008282.81,12551,verificado
ECUAVISA,2026,6,69509.83,745,verificado
EDAL LONCERIA & CRISTALERIA,2026,1,252.03,1,verificado
EDCA BRAND,2026,2,4675.61,24,verificado
EDCA BRAND,2026,3,2303.5,14,verificado
EDCA BRAND,2026,4,1407.71,7,verificado
EDCA BRAND,2026,5,767.84,3,verificado
EDCASPORT S.A,2026,2,3167.35,18,verificado
EDCASPORT S.A,2026,3,1316.29,8,verificado
EDCASPORT S.A,2026,4,2815.42,14,verificado
EDCASPORT S.A,2026,5,511.89,2,verificado
EDDY S,2026,2,1757.05,131,verificado
EDDY S,2026,3,3744.41,25,verificado
EDDY S,2026,4,1689.22,7,verificado
EDDY S,2026,5,9540.3,36,verificado
EDDY S,2026,6,280.02,1,verificado
EDESA,2026,4,918.75,1,verificado
EDIASA,2026,4,1451.07,5,verificado
EDIASA,2026,5,88.2,1,verificado
EDIF. PLATINIUM,2026,5,179.25,1,verificado
EDIFICA,2026,3,8226.8,50,verificado
EDIFICA,2026,4,2423.0,222,verificado
EDIFICA,2026,5,4477.16,279,verificado
EDIMCA,2026,3,208.01,1,verificado
EDIMCA,2026,5,280.02,1,verificado
EDOPLAST S.A.,2026,2,14.95,8,verificado
EDOPLAST S.A.,2026,3,3.74,2,verificado
EDOPLAST S.A.,2026,4,13.27,3,verificado
EDUARDO CARMIGNIANI VALENCIA,2026,1,28252.19,4,verificado
EDUARDO CARMIGNIANI VALENCIA,2026,2,1554.1,1,verificado
EDUARDO CARMIGNIANI VALENCIA,2026,4,1097.01,1,verificado
EF,2026,2,1407.71,7,verificado
EF,2026,3,329.07,2,verificado
EF,2026,5,511.89,2,verificado
EFIT ECUADOR,2026,5,511.89,2,verificado
EGALI INTERCAMBIO,2026,5,255.95,1,verificado
EGO,2026,4,61601.57,268,verificado
EGO,2026,5,22138.82,209,verificado
EGO,2026,6,1869.07,20,verificado
EKA CORPORACION S.A.,2026,3,416.03,2,verificado
EKA CORPORACION S.A.,2026,4,402.2,2,verificado
EKA CORPORACION S.A.,2026,5,3495.8,12,verificado
EKOS,2026,1,610.27,103,verificado
EKOS,2026,2,6469.28,145,verificado
EKOS,2026,3,10678.61,193,verificado
EKOS,2026,4,12653.09,130,verificado
EKOS,2026,5,3845.24,63,verificado
EKOS,2026,6,248.97,5,verificado
EKS GRUPO INMOB.,2026,4,201.1,1,verificado
EL ALABADO,2026,2,201.1,1,verificado
EL AMBATEÑO,2026,3,624.04,3,verificado
EL AMBATEÑO,2026,4,496.04,2,verificado
EL ARBOLITO (MUEBLES),2026,2,201.1,1,verificado
EL ARBOLITO (MUEBLES),2026,4,402.2,2,verificado
EL BARRIL BAR REST.,2026,5,1023.78,4,verificado
EL BODEGON,2026,2,2011.01,10,verificado
EL BODEGON,2026,3,13619.8,69,verificado
EL BODEGON,2026,4,603.3,3,verificado
EL BODEGON,2026,5,840.06,3,verificado
EL BOSQUE,2026,1,1513.23,174,verificado
EL BOSQUE,2026,2,7596.44,107,verificado
EL BOSQUE,2026,3,5338.12,151,verificado
EL BOSQUE,2026,4,9318.41,258,verificado
EL BOSQUE,2026,5,4461.82,68,verificado
EL BOSQUE,2026,6,319.93,2,verificado
EL CANAL DEL FUTBOL.COM,2026,1,603.29,102,verificado
EL CANAL DEL FUTBOL.COM,2026,2,1705.22,315,verificado
EL CANAL DEL FUTBOL.COM,2026,3,1772.5,58,verificado
EL CHACAL PARRILLA,2026,1,51.55,8,verificado
EL CHACAL PARRILLA,2026,2,83.77,13,verificado
EL CHACAL PARRILLA,2026,3,180.43,28,verificado
EL CHACAL PARRILLA,2026,4,354.27,29,verificado
EL CHACAL PARRILLA,2026,5,268.76,22,verificado
EL CHACAL PARRILLA,2026,6,36.65,3,verificado
EL CHAGRILLO,2026,2,201.1,1,verificado
EL CHANCHITO DE BERTHITA,2026,1,108.39,58,verificado
EL CHANCHITO DE BERTHITA,2026,2,63.54,34,verificado
EL CHANCHITO DE BERTHITA,2026,3,156.98,84,verificado
EL CHANCHITO DE BERTHITA,2026,4,349.36,79,verificado
EL CHANCHITO DE BERTHITA,2026,5,265.33,60,verificado
EL CHANCHITO DE BERTHITA,2026,6,35.38,8,verificado
EL CHARRITO,2026,2,1800.12,5,verificado
EL COCINERO,2026,2,12.5,1,verificado
EL COCINERO,2026,4,20844.28,389,verificado
EL COCINERO,2026,5,12860.75,403,verificado
EL COCINERO,2026,6,653.44,10,verificado
EL COMERCIO,2026,1,378.84,63,verificado
EL COMERCIO,2026,2,574.79,119,verificado
EL COMERCIO,2026,3,537.13,106,verificado
EL COMERCIO,2026,4,769.5,116,verificado
EL COMERCIO,2026,5,653.48,95,verificado
EL COMERCIO,2026,6,51.02,7,verificado
EL CONQUISTADOR,2026,2,201.1,1,verificado
EL CORREO,2026,1,2555.55,10,verificado
EL CORREO,2026,2,9028.71,21,verificado
EL CORREO,2026,3,8181.91,19,verificado
EL CORREO,2026,4,16960.32,44,verificado
EL CORREO,2026,5,10798.51,35,verificado
EL CORREO,2026,6,22.03,1,verificado
EL CORTE STEAK HOUSE,2026,2,9250.64,43,verificado
EL CORTE STEAK HOUSE,2026,3,10201.18,50,verificado
EL CORTE STEAK HOUSE,2026,4,7641.84,36,verificado
EL CORTE STEAK HOUSE,2026,5,9214.03,35,verificado
EL CORTE STEAK HOUSE,2026,6,511.89,2,verificado
EL CORTEZ STEAKHOUSE,2026,1,36.54,6,verificado
EL DIAN,2026,1,6276.82,32,verificado
EL DIAN,2026,2,6001.5,30,verificado
EL DIARIO,2026,1,2393.8,9,verificado
EL DIARIO,2026,2,2686.67,22,verificado
EL DIARIO,2026,3,7548.5,50,verificado
EL DIARIO,2026,4,16945.98,73,verificado
EL DIARIO,2026,5,6120.01,40,verificado
EL DIARIO DE PORTOVIEJO,2026,1,336.04,1,verificado
EL DOBLEZ,2026,2,201.1,1,verificado
EL DOBLEZ,2026,3,658.14,4,verificado
EL DOLAR,2026,4,804.4,3,verificado
EL EMPAQUE,2026,3,208.01,1,verificado
EL EMPAQUE,2026,4,248.02,1,verificado
EL EMPAQUE,2026,6,280.02,1,verificado
EL ESPAÑOL GOURMET,2026,2,5100.37,17,verificado
EL ESPAÑOL GOURMET,2026,3,3328.23,16,verificado
EL ESPAÑOL GOURMET,2026,4,2138.34,9,verificado
EL ESPAÑOL GOURMET,2026,5,3239.86,12,verificado
EL ESPAÑOL GOURMET,2026,6,560.04,2,verificado
EL FAROL BISTRO LOUNGE,2026,2,201.1,1,verificado
EL GANSO,2026,2,201.1,1,verificado
EL GANSO,2026,3,493.61,3,verificado
EL GATO PORTOVEJENSE,2026,2,17.05,1,verificado
EL GOLPE,2026,5,1120.08,4,verificado
EL GOLPE,2026,6,560.04,2,verificado
EL GRAN REMATE,2026,4,17942.31,529,verificado
EL GRAN REMATE,2026,5,1042.98,43,verificado
EL HORNERO REST,2026,2,603.3,3,verificado
EL HORNERO REST,2026,3,1872.12,8,verificado
EL HORNERO REST,2026,4,744.06,3,verificado
EL HORNERO REST,2026,5,767.84,3,verificado
EL MAESTRO,2026,1,918.46,71,verificado
EL MAESTRO,2026,2,33.9,4,verificado
EL MAESTRO,2026,5,1023.78,4,verificado
EL MANANTIAL BAR,2026,4,402.2,2,verificado
EL MAX,2026,2,5007.97,19,verificado
EL MAX,2026,3,3949.91,18,verificado
EL MAX,2026,4,3050.01,14,verificado
EL MAX,2026,5,3360.22,11,verificado
EL MERKATO.COM,2026,3,416.03,2,verificado
EL MONTADERO,2026,3,164.54,1,verificado
EL OFICIAL,2026,2,201.1,1,verificado
EL ORDEÑO,2026,2,804.41,4,verificado
EL PADRINO PIZZERIA,2026,5,767.84,3,verificado
EL PALACIO DEL PERFUME,2026,2,201.1,1,verificado
EL PARTIDO DE LA HISTORIA,2026,1,120964.98,1071,verificado
EL PARTIDO DE LA HISTORIA,2026,2,68665.6,549,verificado
EL PARTIDO DE TU VIDA,2026,1,9389.35,473,verificado
EL PASEO SHOPPING,2026,1,319.27,96,verificado
EL PASEO SHOPPING,2026,2,1960.95,49,verificado
EL PASEO SHOPPING,2026,3,815.02,22,verificado
EL PASEO SHOPPING,2026,4,895.03,80,verificado
EL PASEO SHOPPING,2026,5,1319.32,124,verificado
EL PASEO SHOPPING,2026,6,315.86,5,verificado
EL PORTEÑO (RESTAURANTE),2026,5,255.95,1,verificado
EL RANCHO,2026,2,39.24,14,verificado
EL RANCHO,2026,3,117.73,42,verificado
EL RANCHO,2026,4,271.97,41,verificado
EL RANCHO,2026,5,133.4,19,verificado
EL REBAJON,2026,2,600.04,2,verificado
EL REBAJON,2026,3,537.09,3,verificado
EL REBAJON,2026,4,496.03,1,verificado
EL REY DE LAS MENESTRAS,2026,3,329.07,2,verificado
EL REY DE LAS MENESTRAS,2026,4,248.02,1,verificado
EL SALONCITO,2026,4,248.02,1,verificado
EL TEATRO SCALA CUMBAYA,2026,1,1066.57,9,verificado
EL TEATRO SCALA CUMBAYA,2026,2,1769.62,1,verificado
EL TEATRO SCALA CUMBAYA,2026,4,477.54,6,verificado
EL TEATRO SCALA CUMBAYA,2026,5,3095.78,98,verificado
EL TERNERITO,2026,1,83.89,2,verificado
EL TERNERITO,2026,2,335.56,8,verificado
EL TESORO,2026,1,5106.04,45,verificado
EL TESORO,2026,2,850.21,8,verificado
EL TOKTE,2026,2,9675.63,28,verificado
EL TOKTE,2026,3,8112.5,31,verificado
EL TOKTE,2026,4,496.04,2,verificado
EL TROMPO,2026,4,2614.31,12,verificado
EL UNIVERSO,2026,1,341432.21,359,verificado
EL UNIVERSO,2026,2,272795.77,308,verificado
EL UNIVERSO,2026,3,316497.99,277,verificado
EL UNIVERSO,2026,4,332335.41,314,verificado
EL UNIVERSO,2026,5,330294.28,274,verificado
EL UNIVERSO,2026,6,19001.86,15,verificado
ELANCO PETS,2026,2,300.02,1,verificado
ELECTRO AMERICA,2026,2,804.41,4,verificado
ELECTRO AMERICA,2026,3,987.22,6,verificado
ELECTRO CABLES C.A.,2026,1,16744.72,366,verificado
ELECTRO CABLES C.A.,2026,2,9917.55,442,verificado
ELECTRO CABLES C.A.,2026,3,10090.34,634,verificado
ELECTRO CABLES C.A.,2026,4,10688.68,598,verificado
ELECTRO CABLES C.A.,2026,5,9090.7,581,verificado
ELECTRO CABLES C.A.,2026,6,468.99,48,verificado
ELECTRO CABLES-TUBOS PACIFICOS,2026,2,1178.95,1,verificado
ELECTRO CABLES-TUBOS PACIFICOS,2026,4,943.21,1,verificado
ELECTRO CABLES-TUBOS PACIFICOS,2026,5,2265.35,3,verificado
ELECTRO OFERTAS,2026,2,201.1,1,verificado
ELECTRO OFERTAS,2026,5,1535.67,6,verificado
ELECTRO TECH,2026,4,2.21,1,verificado
ELECTRO TIENDA,2026,2,201.1,1,verificado
ELECTROLIT,2026,4,201.1,1,verificado
ELECTROLUX,2026,2,1991.08,5,verificado
ELECTROLUX,2026,3,1991.08,9,verificado
ELECTROLUX,2026,4,1883.62,18,verificado
ELECTROLUX,2026,5,3985.69,79,verificado
ELECTROLUX,2026,6,791.83,6,verificado
ELECTROMART,2026,2,201.1,1,verificado
ELECTROMART,2026,4,201.1,1,verificado
ELECTRONICA HIPER,2026,1,168.19,30,verificado
ELECTRONICA HIPER,2026,2,95.31,17,verificado
ELECTRONICA HIPER,2026,3,235.47,42,verificado
ELECTRONICA HIPER,2026,4,358.2,27,verificado
ELECTROQUIL S.A,2026,4,250.95,1,verificado
ELECTRORAL,2026,2,259.85,84,verificado
ELECTRORAL,2026,3,233.58,73,verificado
ELECTRORAL,2026,4,130.45,35,verificado
ELECTRORAL,2026,5,16.06,5,verificado
ELEMENTS TEA,2026,3,624.04,3,verificado
ELEMENTS TEA,2026,4,201.1,1,verificado
ELEMENTS TEA,2026,5,1023.78,4,verificado
ELEVEN BAR,2026,5,7.7,1,verificado
ELEXIAL,2026,2,639.03,93,verificado
ELEXIAL,2026,3,1102.1,154,verificado
ELEXIAL,2026,4,808.5,77,verificado
ELEXIAL,2026,5,273.0,26,verificado
ELEXIAL,2026,6,254.55,18,verificado
ELIT,2026,2,442.46,2,verificado
ELITE (PAPEL HIGIENICO),2026,2,3702.43,12,verificado
ELITE (PAPEL HIGIENICO),2026,3,832.05,3,verificado
ELIXIR WELLNESS,2026,3,329.07,2,verificado
ELIXIR WELLNESS,2026,4,1005.51,5,verificado
ELLE HOME,2026,5,1680.12,6,verificado
ELVIVE,2026,2,1846.91,8,verificado
ELVIVE,2026,3,4012.82,21,verificado
ELVIVE,2026,4,1725.61,6,verificado
ELVIVE,2026,5,10391.44,22,verificado
ELYON MEDICAL AESTHETICS,2026,2,59.01,5,verificado
EMAPA,2026,2,25.17,2,verificado
EMAPA,2026,3,62.92,5,verificado
EMAPA,2026,4,65.2,5,verificado
EMAPA,2026,5,78.24,6,verificado
EMAPAG,2026,1,175.47,28,verificado
EMAPAG,2026,3,5640.34,787,verificado
EMAPAG,2026,4,2901.82,191,verificado
EMAPAG,2026,5,1863.4,121,verificado
EMBUTIDOS DE LOS FRAILES,2026,2,978.33,5,verificado
EMBUTIDOS DE LOS FRAILES,2026,3,1983.81,11,verificado
EMBUTIDOS DE LOS FRAILES,2026,4,744.06,3,verificado
EMBUTIDOS DE LOS FRAILES,2026,5,1303.8,5,verificado
EMETEBE AIRLINES,2026,2,603.3,3,verificado
EMETEBE AIRLINES,2026,3,1161.13,6,verificado
EMETEBE AIRLINES,2026,6,280.02,1,verificado
EMP.PUBLICA METROPOL.DE AGUA POTAB.SANEA,2026,4,8695.43,762,verificado
EMP.PUBLICA METROPOL.DE AGUA POTAB.SANEA,2026,5,5588.55,470,verificado
EMP.PUBLICA METROPOL.DE AGUA POTAB.SANEA,2026,6,1894.07,93,verificado
EMPACADORA DEL LITORAL EMPACAR S.A.,2026,3,114.72,1,verificado
EMPACADORA TROPICAL S.A.,2026,3,114.72,1,verificado
EMPAPATE,2026,2,201.1,1,verificado
EMPORIO LUXURY MOTELS,2026,2,10.74,1,verificado
EMPRESA ELECT. RIOBAMBA,2026,5,483.98,1,verificado
EMPRESA METROP. ASEO DE CALLES (EMASEO),2026,4,2204.77,1,verificado
EMPRM,2026,2,201.1,1,verificado
EMPROVIT,2026,3,1040.07,5,verificado
EN LINEA,2026,2,201.1,1,verificado
ENCEBOLLADOS PICUAZO,2026,3,214.89,31,verificado
ENCIDENT,2026,1,4964.75,382,verificado
ENCIDENT,2026,2,3918.26,300,verificado
ENCIDENT,2026,3,4748.86,364,verificado
ENCIDENT,2026,4,2947.0,164,verificado
ENCUENTRO MATRIMONIAL,2026,2,5.92,1,verificado
ENERGIZER,2026,5,280.02,1,verificado
ENERGIZER,2026,6,560.04,2,verificado
ENERGY AMPER,2026,4,179028.86,1355,verificado
ENERGY AMPER,2026,5,124638.73,934,verificado
ENERGY AMPER,2026,6,8672.29,72,verificado
ENFAGROW,2026,2,1942.57,7,verificado
ENFAGROW,2026,3,3757.48,18,verificado
ENFAGROW,2026,4,6358.8,25,verificado
ENFAGROW,2026,5,280.02,1,verificado
ENFOQUE,2026,3,4607.46,2,verificado
ENFOQUE,2026,4,2303.73,1,verificado
ENI LUBRICANTES,2026,3,10192.71,49,verificado
ENI LUBRICANTES,2026,4,20444.73,75,verificado
ENI LUBRICANTES,2026,5,9168.41,33,verificado
ENI LUBRICANTES,2026,6,280.02,1,verificado
ENIGMA STHETIC CENTER,2026,2,1943.37,1,verificado
ENIGMA STHETIC CENTER,2026,3,2123.55,1,verificado
ENIGMA STHETIC CENTER,2026,6,1866.15,1,verificado
ENJOY IT SHOW,2026,2,882.09,5,verificado
ENJOY PRODUCCIONES EC,2026,1,446.8,55,verificado
ENJOY PRODUCCIONES EC,2026,2,2250.61,183,verificado
ENLACE NEGOCIOS FIDUCIARIOS S.A.,2026,4,215.1,1,verificado
ENSURE,2026,1,43023.07,254,verificado
ENSURE,2026,2,29487.49,207,verificado
ENSURE,2026,4,63499.68,519,verificado
ENSURE,2026,5,26057.1,260,verificado
ENSURE,2026,6,1646.73,9,verificado
ENTEREX,2026,2,201.1,1,verificado
ENTEROGERMINA,2026,2,69599.88,2326,verificado
ENTEROGERMINA,2026,3,63897.97,2370,verificado
ENTEROGERMINA,2026,4,69306.66,2207,verificado
ENTEROGERMINA,2026,5,65440.46,1693,verificado
ENTEROGERMINA,2026,6,3645.67,31,verificado
ENTERPRISE,2026,4,804.41,4,verificado
ENTERPRISE,2026,6,255.95,1,verificado
ENTERPRISE MOTORS,2026,3,164.54,1,verificado
ENV,2026,4,4830.3,3,verificado
ENVAMET S.A,2026,4,50.19,1,verificado
ENVASADORA ECUATORIANA S.A.,2026,4,200.76,1,verificado
ENVATUB S.A.,2026,4,496.04,2,verificado
ENVOY,2026,1,15.58,2,verificado
EPSILON SPORT ZONE,2026,1,32.22,5,verificado
EPSILON SPORT ZONE,2026,2,238.43,37,verificado
EPSILON SPORT ZONE,2026,3,463.97,72,verificado
EPSILON SPORT ZONE,2026,4,855.14,70,verificado
EPSILON SPORT ZONE,2026,5,757.41,62,verificado
EPSILON SPORT ZONE,2026,6,85.51,7,verificado
EPSON,2026,1,94.8,16,verificado
EPSON,2026,2,1686.19,54,verificado
EPSON,2026,3,931.63,23,verificado
EPSON,2026,4,216.04,4,verificado
EPSON,2026,5,255.95,1,verificado
EPSON,2026,6,280.02,1,verificado
EQPETS,2026,2,603.3,3,verificado
EQPETS,2026,3,745.1,4,verificado
EQPETS,2026,4,248.02,1,verificado
EQPETS,2026,5,1680.12,6,verificado
EQUIBRAL,2026,2,16513.98,165,verificado
EQUIBRAL,2026,3,10248.02,81,verificado
EQUIBRAL,2026,4,11576.65,49,verificado
EQUIBRAL,2026,5,15638.74,85,verificado
EQUIFAX S.A.,2026,2,2409.95,10,verificado
EQUIFAX S.A.,2026,3,866.16,5,verificado
EQUIFAX S.A.,2026,4,2614.3,8,verificado
EQUINOX S.A.,2026,3,754.56,1,verificado
EQUISUIZA SEGUROS,2026,1,3.26,1,verificado
EQUISUIZA SEGUROS,2026,2,37572.24,191,verificado
EQUISUIZA SEGUROS,2026,3,10108.4,39,verificado
EQUISUIZA SEGUROS,2026,4,11159.57,32,verificado
EQUISUIZA SEGUROS,2026,5,10640.73,38,verificado
EQUISUIZA SEGUROS,2026,6,840.06,3,verificado
EQUITRANSA,2026,2,2011.01,10,verificado
ERKE,2026,2,1407.71,7,verificado
ERKE,2026,3,5100.62,31,verificado
ERKE,2026,5,2703.9,10,verificado
ERRETZ,2026,4,603.3,3,verificado
ESADE BUSINESS SCHOOL,2026,2,1991.08,6,verificado
ESADE BUSINESS SCHOOL,2026,3,221.23,1,verificado
ESADE BUSINESS SCHOOL,2026,4,2013.21,7,verificado
ESC. DE AVIACION AVIACIONESAV,2026,3,5776.93,222,verificado
ESC. DE AVIACION AVIACIONESAV,2026,4,3696.01,99,verificado
ESC. DE AVIACION PASTAZA,2026,2,100.24,8,verificado
ESC. DE AVIACION PASTAZA,2026,3,187.95,15,verificado
ESC. DE CONDUCCION UEES,2026,5,280.02,1,verificado
ESCOBAR BEER,2026,3,416.03,2,verificado
ESCOSAN,2026,2,179.0,17,verificado
ESCOSAN,2026,3,85.8,8,verificado
ESCOSAN,2026,4,123.2,11,verificado
ESCOSAN,2026,5,89.6,8,verificado
ESCRIBE,2026,2,6000.42,19,verificado
ESCRIBE,2026,3,208.01,1,verificado
ESCRIBE,2026,4,1628.69,91,verificado
ESCRIBE,2026,5,645.53,36,verificado
ESCUALEM S.A.,2026,2,119.5,1,verificado
ESCUALEM S.A.,2026,3,301.14,1,verificado
ESCUALEM S.A.,2026,5,143.4,1,verificado
ESCUELA DE PILOTOS AVIACIONES ESAV,2026,3,576.07,24,verificado
ESCUELA DE PILOTOS AVIACIONES ESAV,2026,4,1735.94,48,verificado
ESCUELA DE PILOTOS AVIACIONES ESAV,2026,5,314.98,9,verificado
ESCUELA PARA HUMANOS,2026,1,363.63,46,verificado
ESCUELA PARA HUMANOS,2026,2,648.21,82,verificado
ESCUELA PARA HUMANOS,2026,3,711.45,90,verificado
ESCUELA PARA HUMANOS,2026,4,1089.67,71,verificado
ESCUELA POLITECNICA DE MANABI,2026,1,210.03,1,verificado
ESCUELA POLITECNICA NACIONAL,2026,5,4686.94,207,verificado
ESCUELA POLITECNICA NACIONAL,2026,6,69.16,5,verificado
ESCULAPIO S.A.,2026,5,125.47,1,verificado
ESIKA,2026,2,43310.5,93,verificado
ESIKA,2026,3,76627.16,864,verificado
ESIKA,2026,4,62240.1,530,verificado
ESIKA,2026,5,27405.07,66,verificado
ESIKA,2026,6,2427.08,6,verificado
ESPN,2026,1,220.0,18,verificado
ESPN,2026,3,24.44,2,verificado
ESPOL,2026,2,1200.09,4,verificado
ESPOL,2026,3,5310.82,13,verificado
ESPOL,2026,4,984.15,6,verificado
ESPOL,2026,5,2520.17,9,verificado
ESPRIT,2026,2,4002.45,12,verificado
ESPRIT,2026,4,402.2,2,verificado
ESTELAR,2026,4,3143.84,14,verificado
ESTELAR,2026,5,2469.81,10,verificado
ESTHER RESTAURANT,2026,3,624.04,3,verificado
ESTILO,2026,2,201.1,1,verificado
ESTILO,2026,4,1423.36,93,verificado
ESTILO,2026,5,3953.72,129,verificado
ESTRELLA,2026,3,442.46,2,verificado
ESTRELLA,2026,4,965.25,1,verificado
ESTRUSA,2026,5,511.89,2,verificado
ESTUDIO JURIDICO BRITO & BRITO,2026,2,434.97,45,verificado
ESTUDIO JURIDICO BRITO & BRITO,2026,3,618.62,64,verificado
ESTUDIO JURIDICO BRITO & BRITO,2026,4,1172.77,64,verificado
ESTUDIO JURIDICO BRITO & BRITO,2026,5,1081.15,59,verificado
ESTUDIO JURIDICO BRITO & BRITO,2026,6,109.95,6,verificado
ESTUDIO JURIDICO LITASE,2026,3,3.95,1,verificado
ESTUDIO JURIDICO LITASE,2026,4,144.16,33,verificado
ESTUDIO JURIDICO LITASE,2026,5,131.05,30,verificado
ESTUDIO JURIDICO LITASE,2026,6,17.47,4,verificado
ESTUDIO JURIDICO R & A,2026,1,52.33,14,verificado
ESTUDIO JURIDICO R & A,2026,2,29.9,8,verificado
ESTUDIO JURIDICO R & A,2026,3,37.38,10,verificado
ESTUDIO JURIDICO R & A,2026,4,391.57,28,verificado
ESTUDIO JURIDICO R & A,2026,5,196.67,18,verificado
ESTUDIO JURIDICO R & A,2026,6,17.69,2,verificado
ETAFASHION,2026,1,86086.3,264,verificado
ETAFASHION,2026,2,106229.94,400,verificado
ETAFASHION,2026,3,110141.14,671,verificado
ETAFASHION,2026,4,120734.79,924,verificado
ETAFASHION,2026,5,154835.89,1114,verificado
ETAFASHION,2026,6,2618.36,14,verificado
ETAPA,2026,2,391.33,1,verificado
ETAPA,2026,3,302.93,4,verificado
ETAPA,2026,4,275.56,1,verificado
ETAPA,2026,5,462.33,1,verificado
ETERNIA DERMA CENTER,2026,1,80.8,5,verificado
ETERNIT,2026,5,280.02,1,verificado
ETERNO PARAISO,2026,1,145.53,1,verificado
ETIMET,2026,4,25.2,2,verificado
ETIMET,2026,5,635.59,53,verificado
ETIMET,2026,6,58.8,5,verificado
ETNIKER,2026,3,416.03,2,verificado
ETNIKER,2026,4,496.04,2,verificado
ETNIKER,2026,6,560.04,2,verificado
EUCERIN,2026,2,13960.73,54,verificado
EUCERIN,2026,3,16198.38,64,verificado
EUCERIN,2026,4,15394.28,53,verificado
EUCERIN,2026,5,14341.87,48,verificado
EUCERIN,2026,6,511.89,2,verificado
EUDE,2026,2,1019.88,6,verificado
EUDE,2026,3,1490.2,7,verificado
EUDE,2026,4,3797.42,18,verificado
EUDE,2026,5,1023.78,4,verificado
EUDE,2026,6,280.02,1,verificado
EUPHORIE ENTERTAINMENT,2026,1,717.36,117,verificado
EUPHORIE ENTERTAINMENT,2026,2,3197.35,447,verificado
EUPHORIE ENTERTAINMENT,2026,3,6848.32,180,verificado
EUROBLINDS,2026,1,55.42,13,verificado
EUROBLINDS,2026,2,83.8,45,verificado
EUROBLINDS,2026,3,4.68,4,verificado
EUROBLINDS,2026,4,1.26,4,verificado
EUROBUILDING,2026,1,17.05,4,verificado
EUROFARMA,2026,3,658.14,4,verificado
EUROPCAR,2026,2,2150.33,20,verificado
EUROPCAR,2026,3,3583.86,25,verificado
EUROPCAR,2026,4,2481.12,6,verificado
EUROPCAR,2026,5,8821.8,46,verificado
EUROPCAR,2026,6,1102.72,3,verificado
EVACARE,2026,3,1533.68,8,verificado
EVACARE,2026,4,992.08,4,verificado
EVACARE,2026,5,6416.36,22,verificado
EVACARE,2026,6,840.06,3,verificado
EVACOPA,2026,2,402.2,2,verificado
EVACOPA,2026,3,1638.97,3,verificado
EVACOPA,2026,4,1595.38,7,verificado
EVACOPA,2026,5,1400.1,5,verificado
EVACOPA,2026,6,280.02,1,verificado
EVEREADY,2026,5,6778.3,575,verificado
EVEREADY,2026,6,691.93,63,verificado
EXIBAL,2026,1,981.44,60,verificado
EXIBAL,2026,2,1539.27,110,verificado
EXIBAL,2026,3,1002.41,64,verificado
EXIMIA,2026,2,300.02,1,verificado
EXPLORER,2026,2,1203.35,5,verificado
EXPLORER,2026,3,329.07,2,verificado
EXPLORER,2026,4,15.4,2,verificado
EXPLORER,2026,5,1709.73,137,verificado
EXPLORER,2026,6,30.7,2,verificado
EXPO AUTO,2026,2,392.7,40,verificado
EXPO CARNAVAL ATUNTAQUI,2026,2,246.05,18,verificado
EXPO CONSTRUCCION & VIVIENDA,2026,4,462.67,3,verificado
EXPO ENERGIA,2026,2,82.95,14,verificado
EXPO ENERGIA,2026,3,177.75,30,verificado
EXPO FERIA NACIONAL MUSHUC RUNA,2026,1,3563.88,238,verificado
EXPO FERIA NACIONAL MUSHUC RUNA,2026,2,6369.35,460,verificado
EXPO HOLISTICA BIO,2026,3,43.44,146,verificado
EXPO MAMA HOGAR Y FAMILIA,2026,4,1660.19,145,verificado
EXPO MAMA HOGAR Y FAMILIA,2026,5,296.63,23,verificado
EXPO MOTOR SUR,2026,3,87.71,7,verificado
EXPO NAVIDAD,2026,5,18.0,3,verificado
EXPO PESCA,2026,3,987.22,6,verificado
EXPO PESCA,2026,4,201.1,1,verificado
EXPO PLAN,2026,4,63.06,6,verificado
EXPO PLAN,2026,5,99.64,9,verificado
EXPO TIENDA,2026,5,836.5,43,verificado
EXPOFERIA 2 RUEDAS,2026,4,496.04,2,verificado
EXPOGOL,2026,3,745.1,4,verificado
EXPOGOL,2026,4,898.24,4,verificado
EXPOPLAZA,2026,5,57.91,4,verificado
EXPREG S.A.,2026,4,1488.11,6,verificado
EXPREG S.A.,2026,5,2240.15,7,verificado
F.F.A.A.,2026,2,431.0,49,verificado
F.F.A.A.,2026,3,62295.21,2485,verificado
F.F.A.A.,2026,4,65106.57,1985,verificado
F.F.A.A.,2026,5,249.82,2,verificado
FAB,2026,2,8674.25,688,verificado
FAB,2026,3,4859.79,70,verificado
FAB,2026,4,1206.61,6,verificado
FABULOSO,2026,2,10915.6,370,verificado
FABULOSO,2026,3,16630.57,578,verificado
FACTURERO MOVIL,2026,2,1608.81,8,verificado
FACTURERO MOVIL,2026,3,2138.97,13,verificado
FACTURERO MOVIL,2026,4,3961.68,19,verificado
FACTURERO MOVIL,2026,6,280.02,1,verificado
FACUNDO,2026,2,801.14,3,verificado
FACUNDO,2026,3,1524.3,9,verificado
FACUNDO,2026,5,1984.81,2,verificado
FAINA,2026,1,3164.8,228,verificado
FAINA,2026,2,1777.41,123,verificado
FAINA,2026,3,1927.34,137,verificado
FAINA,2026,4,2619.55,150,verificado
FAINA,2026,5,1327.71,50,verificado
FAINA,2026,6,203.78,8,verificado
FAIR ZERO WASTE,2026,2,201.1,1,verificado
FAKULTI,2026,2,497.2,36,verificado
FAKULTI,2026,4,496.04,2,verificado
FALKEN,2026,2,201.1,1,verificado
FALKEN,2026,4,3224.25,13,verificado
FALKEN,2026,5,2030.14,8,verificado
FAMILIA,2026,3,416.03,2,verificado
FAMILIA,2026,4,496.04,2,verificado
FAMILIA,2026,5,37485.72,786,verificado
FAMILIA,2026,6,3116.85,65,verificado
FANTA,2026,4,8332.11,30,verificado
FANTA,2026,5,7319.78,27,verificado
FARBIO PHARMA,2026,4,1240.09,5,verificado
FARFETCH,2026,3,329.07,2,verificado
FARMACIA 911,2026,3,2582.28,14,verificado
FARMACIA 911,2026,4,697.14,3,verificado
FARMACIA 911,2026,6,280.02,1,verificado
FARMACIA MIA,2026,5,511.89,2,verificado
FARMACIA MIA,2026,6,280.02,1,verificado
FARMACIA SANASANA,2026,1,7830.65,1033,verificado
FARMACIA SANASANA,2026,2,12572.61,706,verificado
FARMACIA SANASANA,2026,3,20285.51,1720,verificado
FARMACIA SANASANA,2026,4,13949.36,712,verificado
FARMACIA SANASANA,2026,5,14710.35,750,verificado
FARMACIA SANASANA,2026,6,1675.38,27,verificado
FARMACIAS COMUNITARIAS,2026,3,1664.12,8,verificado
FARMACIAS COMUNITARIAS,2026,4,248.02,1,verificado
FARMACIAS COMUNITARIAS,2026,5,840.06,3,verificado
FARMACIAS COMUNITARIAS,2026,6,560.04,2,verificado
FARMACIAS CUXIBAMBA,2026,4,2976.23,12,verificado
FARMACIAS ECONOMICAS,2026,1,5284.44,170,verificado
FARMACIAS ECONOMICAS,2026,2,27561.06,976,verificado
FARMACIAS ECONOMICAS,2026,3,38124.94,1209,verificado
FARMACIAS ECONOMICAS,2026,4,38409.94,721,verificado
FARMACIAS ECONOMICAS,2026,5,66299.88,923,verificado
FARMACIAS ECONOMICAS,2026,6,1694.32,78,verificado
FARMACIAS KEYLA,2026,5,511.89,2,verificado
FARMACIAS SAN GREGORIO,2026,1,484.77,54,verificado
FARMACIAS SAN GREGORIO,2026,2,4126.29,49,verificado
FARMACIAS SAN GREGORIO,2026,3,5541.98,24,verificado
FARMACIAS SAN GREGORIO,2026,4,2339.44,10,verificado
FARMACIAS SAN GREGORIO,2026,5,2095.71,8,verificado
FARMACIAS STA. MARTHA,2026,4,248.02,1,verificado
FARMACIAS STA. MARTHA,2026,5,1400.09,4,verificado
FARMACIAS SU SALUD,2026,5,560.04,2,verificado
FARMACIAS SU SALUD,2026,6,280.02,1,verificado
FARMACORAL,2026,2,4867.08,13,verificado
FARMACORAL,2026,3,221.23,1,verificado
FARMAENLACE,2026,3,965.25,1,verificado
FARMAENLACE,2026,5,175.5,1,verificado
FARMAGRO,2026,1,1014.06,122,verificado
FARMAGRO,2026,2,9931.72,108,verificado
FARMAGRO,2026,3,9069.51,149,verificado
FARMAGRO,2026,4,9313.5,142,verificado
FARMAGRO,2026,5,11578.0,243,verificado
FARMAGRO,2026,6,239.23,18,verificado
FARMASAR,2026,5,83.26,7,verificado
FARMASI,2026,3,16.52,2,verificado
FARMASI,2026,5,28.0,1,verificado
FARMAYALA,2026,2,201.1,1,verificado
FARMAYALA,2026,4,402.2,2,verificado
FARMAYOR,2026,2,12831.41,35,verificado
FARMAYOR,2026,4,2151.77,10,verificado
FARMAYOR,2026,5,2940.2,12,verificado
FARO ALTO,2026,3,208.01,1,verificado
FARO ALTO,2026,4,7440.51,25,verificado
FARO DEL PORTO,2026,5,767.84,3,verificado
FARUK MORAN,2026,2,8.41,3,verificado
FARUK MORAN,2026,3,5.61,2,verificado
FARUK MORAN,2026,5,6.63,1,verificado
FASINARM,2026,3,21328.92,240,verificado
FASINARM,2026,4,16545.78,156,verificado
FAST LINE,2026,4,4.34,1,verificado
FATOSLA,2026,3,247.5,3,verificado
FAW,2026,3,111.6,15,verificado
FAW,2026,4,1151.5,67,verificado
FAW,2026,5,849.6,59,verificado
FAW,2026,6,86.4,6,verificado
FAYER WAYER,2026,1,5963.89,5,verificado
FAYER WAYER,2026,2,1704.79,1,verificado
FAYER WAYER,2026,3,1704.8,2,verificado
FAYER WAYER,2026,4,5114.36,3,verificado
FED. DEPORTIVA DE ESMERALDAS,2026,4,163.3,1,verificado
FED. ECUAT. DE BADMINTON,2026,3,200.76,1,verificado
FED. ECUAT. DE BEISBOL,2026,3,83.65,1,verificado
FED. ECUATORIANA DE FUTBOL,2026,3,384.94,32,verificado
FED. ECUATORIANA DE FUTBOL,2026,4,174.06,14,verificado
FED. HOTELERA DEL ECUADOR,2026,5,254.86,1,verificado
FEDENADOR,2026,3,250.95,1,verificado
FEDERAL TIRE,2026,2,201.1,1,verificado
FEDEX,2026,2,3147.31,15,verificado
FEDEX,2026,3,4277.93,24,verificado
FEDEX,2026,4,4330.64,14,verificado
FEDEX,2026,5,4015.06,15,verificado
FEDEXPOR,2026,4,175.5,1,verificado
FEEL THE CLUB,2026,2,201.1,1,verificado
FEEL THE CLUB,2026,3,1480.82,9,verificado
FEEL THE CLUB,2026,4,6870.85,21,verificado
FEEL THE CLUB,2026,5,255.95,1,verificado
FEEL THE TICKETS,2026,2,201.1,1,verificado
FEMSA,2026,2,1178.95,1,verificado
FEMSA,2026,4,803.31,3,verificado
FEMSA,2026,5,1852.23,38,verificado
FEMSA,2026,6,68.92,1,verificado
FENECSA,2026,3,37.2,5,verificado
FENECSA,2026,4,288.0,20,verificado
FENECSA,2026,5,288.0,20,verificado
FENECSA,2026,6,28.8,2,verificado
FER ROMAN BEAUTY STUDIO,2026,1,20.56,5,verificado
FER ROMAN BEAUTY STUDIO,2026,2,291.51,63,verificado
FER ROMAN BEAUTY STUDIO,2026,3,295.25,59,verificado
FER ROMAN BEAUTY STUDIO,2026,4,52.18,14,verificado
FERIA DE AMBATO,2026,1,10522.0,163,verificado
FERIA DE AMBATO,2026,2,19745.08,407,verificado
FERIA DE LA VIVIENDA MI CASA CLAVE,2026,3,978.49,130,verificado
FERIA DE LA VIVIENDA MI CASA CLAVE,2026,4,2986.1,295,verificado
FERIA DE LA VIVIENDA MI CASA CLAVE,2026,5,2426.18,272,verificado
FERIA DE LA VIVIENDA MI CASA CLAVE,2026,6,441.17,54,verificado
FERIA DE PORCENALA CHINA ANDY,2026,5,896.25,1,verificado
FERIA DEL MUEBLE Y DECORACION,2026,3,509.55,68,verificado
FERIA DEL MUEBLE Y DECORACION,2026,4,157.5,15,verificado
FERIA MAMA,2026,5,313.06,1,verificado
FERNANDEZ,2026,3,210.16,26,verificado
FERNANDEZ,2026,4,239.68,24,verificado
FERRERO ROCHER,2026,2,2239.38,1,verificado
FERRERO ROCHER,2026,4,27907.84,373,verificado
FERRERO ROCHER,2026,5,16681.65,177,verificado
FERRETERIA ESPINOZA,2026,2,10293.97,17,verificado
FERRETERIA ESPINOZA,2026,3,13219.65,44,verificado
FERRETERIA ESPINOZA,2026,4,21701.81,46,verificado
FERRETERIA ESPINOZA,2026,5,995.54,1,verificado
FERRETERIA METALHIERRO,2026,3,624.04,3,verificado
FERRETERIA METALHIERRO,2026,4,744.06,3,verificado
FERRETERIA METALHIERRO,2026,5,560.04,2,verificado
FERRETERIA ORIENTAL,2026,5,511.89,2,verificado
FERRISARIATO DE MI COMISARIATO,2026,1,1772.48,246,verificado
FERRISARIATO DE MI COMISARIATO,2026,2,7330.12,246,verificado
FERRISARIATO DE MI COMISARIATO,2026,3,18185.38,593,verificado
FERRISARIATO DE MI COMISARIATO,2026,4,38839.2,560,verificado
FERRISARIATO DE MI COMISARIATO,2026,5,40165.24,838,verificado
FERRISARIATO DE MI COMISARIATO,2026,6,4970.27,70,verificado
FERROMAX,2026,2,12187.64,28,verificado
FERROMAX,2026,3,20849.9,43,verificado
FERROMAX,2026,4,11158.06,26,verificado
FERROMAX,2026,5,6010.32,22,verificado
FERROMAX,2026,6,815.98,3,verificado
FERRUCCI,2026,2,702.22,3,verificado
FERRUCCI,2026,3,2685.43,15,verificado
FERRUCCI,2026,4,650.22,3,verificado
FERRUCCI,2026,5,255.95,1,verificado
FERTISA,2026,2,2679.06,6,verificado
FERTISA,2026,3,1804.06,5,verificado
FERTISA,2026,4,1736.13,7,verificado
FERTISA,2026,5,3979.14,11,verificado
FESTINA,2026,2,900.06,3,verificado
FESTIVANIMAL,2026,2,2271.15,3,verificado
FGM DENTAL,2026,2,2607.8,11,verificado
FGM DENTAL,2026,3,2815.87,15,verificado
FGM DENTAL,2026,5,1023.78,4,verificado
FIAT,2026,2,663.69,3,verificado
FIAT,2026,3,699.77,53,verificado
FIAT,2026,4,280.33,5,verificado
FIAT,2026,5,287.14,2,verificado
FIBRA OPTICA,2026,5,8.96,1,verificado
FIBRA OPTICA,2026,6,5.14,1,verificado
FIBRAMASTER,2026,5,3253.42,694,verificado
FIBRAMASTER,2026,6,195.41,60,verificado
FIBRAMAX,2026,1,22610.31,2419,verificado
FIBRAMAX,2026,2,14894.96,2023,verificado
FIBRAMAX,2026,3,21206.57,2825,verificado
FIBRAMAX,2026,4,23423.99,2557,verificado
FIBRAMAX,2026,5,22128.04,2521,verificado
FIBRAMAX,2026,6,1506.45,180,verificado
FIDEOS CAYAMBE,2026,4,9.95,1,verificado
FIDEOS TOSCANA,2026,2,6804.66,20,verificado
FIDEOS TOSCANA,2026,3,9922.44,46,verificado
FIDEOS TOSCANA,2026,4,6673.24,26,verificado
FIDEOS TOSCANA,2026,5,3727.19,12,verificado
FIDEOS TOSCANA,2026,6,255.95,1,verificado
FIDEVAL,2026,1,2640.83,418,verificado
FIDEVAL,2026,2,23166.46,804,verificado
FIDEVAL,2026,3,33354.8,734,verificado
FIDEVAL,2026,4,9211.49,59,verificado
FIDEVAL,2026,5,5799.88,30,verificado
FIDEVAL,2026,6,280.02,1,verificado
FIDUCIA S.A.,2026,1,567.33,94,verificado
FIDUCIA S.A.,2026,2,2283.75,405,verificado
FIDUCIA S.A.,2026,3,2090.56,364,verificado
FIDUCIA S.A.,2026,4,2877.5,285,verificado
FIDUCIA S.A.,2026,5,3486.03,315,verificado
FIDUCIA S.A.,2026,6,290.75,29,verificado
FIDUCIARIA ATLANTIDA,2026,2,201.1,1,verificado
FIESTA RETRO,2026,2,392.45,105,verificado
FIESTA RETRO,2026,3,1557.64,343,verificado
FIESTA RETRO,2026,4,4134.78,374,verificado
FIESTA RETRO,2026,5,4156.89,376,verificado
FIESTA RETRO,2026,6,375.89,34,verificado
FIGRAMPA,2026,4,897.44,25,verificado
FILETTO STEAKHOUSE,2026,4,1206.61,6,verificado
FILETTO STEAKHOUSE,2026,5,255.95,1,verificado
FILORMO,2026,4,248.02,1,verificado
FINALIN,2026,2,6333.07,31,verificado
FINALIN,2026,3,10738.26,53,verificado
FINALIN,2026,4,4008.59,18,verificado
FINALIN,2026,5,9174.75,35,verificado
FINALIN,2026,6,511.89,2,verificado
FINAN COOP,2026,3,685.63,1,verificado
FINANCOOP,2026,4,685.63,1,verificado
FINCA YARUQUI,2026,5,511.89,2,verificado
FIRENZE PROFESSIONAL,2026,2,1809.91,9,verificado
FIRMAS ELECTRONICAS ECUADOR,2026,2,603.3,3,verificado
FIRMAS ELECTRONICAS.EC,2026,1,148.23,17,verificado
FIRMAS ELECTRONICAS.EC,2026,2,34.88,4,verificado
FIRMAS ELECTRONICAS.EC,2026,4,402.2,2,verificado
FISIO,2026,5,6.37,1,verificado
FISIO MEDICO,2026,5,76.46,9,verificado
FISIOGER TERAPIA FISICA Y REHABILITACION,2026,4,2.91,1,verificado
FISIOL UB,2026,2,1200.09,4,verificado
FISIOL UB,2026,4,992.08,4,verificado
FISIOL UB,2026,5,767.84,3,verificado
FISIOLIFE,2026,3,2132.15,11,verificado
FISIOPRO,2026,2,300.02,1,verificado
FIVE CONDONS (PRESERVATIVO),2026,2,7800.53,24,verificado
FIVE CONDONS (PRESERVATIVO),2026,3,19005.77,62,verificado
FIVE CONDONS (PRESERVATIVO),2026,4,16564.56,40,verificado
FIVE CONDONS (PRESERVATIVO),2026,5,7840.54,28,verificado
FLACSO SEDE ECUADOR,2026,2,603.3,3,verificado
FLACSO SEDE ECUADOR,2026,3,329.07,2,verificado
FLACSO SEDE ECUADOR,2026,4,3902.1,16,verificado
FLACSO SEDE ECUADOR,2026,5,49.51,8,verificado
FLACSO SEDE ECUADOR,2026,6,280.02,1,verificado
FLASH THE TICKETS,2026,5,280.02,1,verificado
FLASH THE TICKETS,2026,6,840.06,3,verificado
FLIPS,2026,2,2212.12,11,verificado
FLOGERMINA,2026,5,331.85,1,verificado
FLOR DE CAÑA,2026,3,208.01,1,verificado
FLORATIL,2026,5,8758.52,67,verificado
FLORATIL,2026,6,2390.74,15,verificado
FLOYDS SPECIALTY COFFEE,2026,1,54.81,9,verificado
FLUIMEC,2026,4,862.8,2,verificado
FLUIMEC,2026,5,1327.4,3,verificado
FM MUNDO 98.1,2026,1,1704.79,1,verificado
FM MUNDO 98.1,2026,2,860.3,2,verificado
FM MUNDO 98.1,2026,3,852.4,1,verificado
FOCA,2026,1,289.88,68,verificado
FOCA,2026,2,285.62,67,verificado
FOCA,2026,3,306.94,72,verificado
FOCA,2026,4,392.7,51,verificado
FOCA,2026,5,331.1,43,verificado
FOCA,2026,6,30.8,4,verificado
FOGEL,2026,4,744.06,3,verificado
FOGEL,2026,5,1047.86,4,verificado
FOGON DEL BETO,2026,3,1282.19,7,verificado
FOLIGAIN,2026,2,5317.77,22,verificado
FOLIGAIN,2026,4,4826.37,17,verificado
FOLIGAIN,2026,5,3583.23,14,verificado
FONDO BIOCORREDOR AMAZONICO,2026,4,3183.03,191,verificado
FONDO BIOCORREDOR AMAZONICO,2026,5,5023.61,319,verificado
FONDO PARA LA PROTECCION DEL AGUA,2026,2,600.04,2,verificado
FONDOS VANGUARDIA,2026,5,37.4,4,verificado
FONTACTIV,2026,2,300.02,1,verificado
FONTACTIV,2026,4,744.06,3,verificado
FONTACTIV,2026,5,840.06,3,verificado
FOOD COURT,2026,2,965.25,1,verificado
FOOD PRODUCTS,2026,1,100.24,5,verificado
FOOD PRODUCTS,2026,2,300.72,15,verificado
FOOD PRODUCTS,2026,3,340.82,17,verificado
FORBES ECUADOR,2026,1,669.79,106,verificado
FORBES ECUADOR,2026,2,565.85,89,verificado
FORBES ECUADOR,2026,3,696.43,115,verificado
FORBES ECUADOR,2026,4,596.7,101,verificado
FORBES ECUADOR,2026,5,589.2,101,verificado
FORBES ECUADOR,2026,6,52.2,9,verificado
FORBET,2026,2,117.93,8,verificado
FORBET,2026,3,118.48,16,verificado
FORBET,2026,4,184.65,25,verificado
FORBET,2026,5,129.93,12,verificado
FORBET,2026,6,275.0,6,verificado
FORD,2026,1,2046.66,296,verificado
FORD,2026,2,26968.72,657,verificado
FORD,2026,3,33847.34,1102,verificado
FORD,2026,4,56233.77,1029,verificado
FORD,2026,5,28369.46,612,verificado
FORD,2026,6,2338.32,52,verificado
FORESTEA,2026,2,402.2,2,verificado
FORESTEA,2026,3,329.07,2,verificado
FORESTEA,2026,4,804.4,3,verificado
FORLAND,2026,2,4769.43,19,verificado
FORLAND,2026,3,3546.41,12,verificado
FORLAND,2026,4,3248.28,16,verificado
FORLAND,2026,5,793.27,12,verificado
FORTIA,2026,3,467.51,44,verificado
FORTIA,2026,4,1899.06,140,verificado
FORTIA,2026,5,1811.75,134,verificado
FORTIUS,2026,4,50.19,1,verificado
FORTUNE MEDICAL,2026,2,1031.75,6,verificado
FORTUNE MEDICAL,2026,3,219.69,3,verificado
FORTUNE MEDICAL,2026,4,5.84,1,verificado
FORTUNE MEDICAL,2026,5,855.42,5,verificado
FORTY,2026,3,9.53,1,verificado
FOSFORERA ECUATORIANA S.A.,2026,5,767.84,3,verificado
FOSFOSE,2026,4,11.2,1,verificado
FOSFOSE,2026,5,11.2,1,verificado
FOTON,2026,2,7048.87,526,verificado
FOTON,2026,3,10445.36,686,verificado
FOTON,2026,4,12607.34,308,verificado
FOTON,2026,5,3983.15,51,verificado
FOUR LOKO,2026,2,804.41,4,verificado
FOUR LOKO,2026,3,3744.26,18,verificado
FOUR LOKO,2026,4,496.04,2,verificado
FRAC,2026,2,300.02,1,verificado
FRANQUICIA PLUS,2026,3,1524.3,9,verificado
FRANUI,2026,2,603.3,3,verificado
FRANUI,2026,3,164.54,1,verificado
FRANUI,2026,5,255.95,1,verificado
FRANZ VIEGENER,2026,5,1480.05,1,verificado
FRECUENTO.COM,2026,2,22391.81,100,verificado
FRECUENTO.COM,2026,3,4841.45,30,verificado
FRECUENTO.COM,2026,4,10497.39,48,verificado
FRECUENTO.COM,2026,5,14438.1,54,verificado
FRECUENTO.COM,2026,6,535.96,2,verificado
FREDERIQUE CONSTANT,2026,6,1364.22,1,verificado
FRENO SEGURO,2026,2,650.32,3,verificado
FRENO SEGURO,2026,3,1872.13,9,verificado
FRENO SEGURO,2026,4,2480.19,10,verificado
FRENO SEGURO,2026,5,4200.28,14,verificado
FRENO SEGURO,2026,6,1120.08,4,verificado
FRESH GREEK,2026,4,1206.61,6,verificado
FRIDAYS,2026,2,193.27,35,verificado
FRIDAYS,2026,3,16.57,3,verificado
FRIDAYS,2026,4,402.2,2,verificado
FRIDAYS,2026,5,305.19,25,verificado
FRIO VESA,2026,5,511.89,2,verificado
FRITEGA S.A.,2026,2,402.2,2,verificado
FRITEGA S.A.,2026,4,804.4,3,verificado
FRITZ,2026,2,1809.9,8,verificado
FRITZ,2026,3,362.38,3,verificado
FRITZ,2026,4,1488.11,6,verificado
FRITZ,2026,5,1120.07,3,verificado
FRUTA GOLOSA,2026,2,1407.71,7,verificado
FRUTA GOLOSA,2026,3,822.68,4,verificado
FRUTA GOLOSA,2026,4,1407.71,7,verificado
FRUTABAR,2026,2,1648.2,59,verificado
FRUTABAR,2026,3,4398.83,78,verificado
FRUTABAR,2026,4,6992.68,85,verificado
FRUTABAR,2026,5,4746.04,69,verificado
FRUTABAR,2026,6,243.94,6,verificado
FRUTOLAND,2026,4,248.02,1,verificado
FTC LIVE,2026,1,1893.29,93,verificado
FTC LIVE,2026,2,3332.76,270,verificado
FTC LIVE,2026,3,4428.77,230,verificado
FTC LIVE,2026,4,8132.91,288,verificado
FTC LIVE,2026,5,16939.07,1178,verificado
FTC LIVE,2026,6,2203.94,180,verificado
FUJINO JAPONES,2026,2,201.1,1,verificado
FULMINA TOS,2026,2,12578.39,512,verificado
FULMINA TOS,2026,3,16706.31,706,verificado
FULMINA TOS,2026,4,6581.09,708,verificado
FULMINA TOS,2026,5,5878.66,550,verificado
FUMICAR,2026,4,88.02,1,verificado
FUMITEC,2026,1,319.92,79,verificado
FUMITEC,2026,2,688.75,70,verificado
FUMITEC,2026,3,800.03,78,verificado
FUMITEC,2026,4,970.51,78,verificado
FUMITEC,2026,5,2553.64,155,verificado
FUMITEC,2026,6,56.58,11,verificado
FUNCION JUDICIAL,2026,5,192.78,1,verificado
FUND. FRANZ WEBER,2026,2,37.59,1,verificado
FUND. MALECON 2000,2026,3,208.01,1,verificado
FUND. MANUEL MORA JAIME,2026,2,14.02,3,verificado
FUND. MEDICA CMS,2026,5,280.02,1,verificado
FUND. NAHIM ISAIAS B.,2026,1,177.87,13,verificado
FUND. NAHIM ISAIAS B.,2026,2,231.74,17,verificado
FUND. NAHIM ISAIAS B.,2026,3,305.11,23,verificado
FUND. NAHIM ISAIAS B.,2026,5,77.0,4,verificado
FUND. NIÑOS CON FUTURO,2026,5,1938.59,2,verificado
FUND. PORFINSINDEUDAS S.A,2026,3,93.21,1,verificado
FUND. PROSPERAR SALUD,2026,1,295.95,31,verificado
FUND. PROSPERAR SALUD,2026,2,568.43,54,verificado
FUND. PROSPERAR SALUD,2026,3,718.9,62,verificado
FUND. PROSPERAR SALUD,2026,4,994.0,51,verificado
FUND. PROSPERAR SALUD,2026,5,1176.0,53,verificado
FUND. PROSPERAR SALUD,2026,6,42.0,3,verificado
FUND. REINA DE QUITO,2026,3,1154.85,33,verificado
FUND. REINA DE QUITO,2026,5,853.74,2,verificado
FUND. REINA DE REINAS CIROI,2026,1,127.31,9,verificado
FUND. TEATRO NACIONAL SUCRE,2026,2,21.92,4,verificado
FUND. THE BRITISH SCHOOL,2026,3,59.75,1,verificado
FUND. VISTA PARA TODOS,2026,3,1627.52,34,verificado
FUND. VISTA PARA TODOS,2026,4,2100.02,42,verificado
FUND. VISTA PARA TODOS,2026,5,1725.77,30,verificado
FUND. VISTA PARA TODOS,2026,6,146.25,4,verificado
FUNDACION JOSE BARCIA,2026,6,280.02,1,verificado
FUNDACION NUEVO AMANECER,2026,2,2700.19,9,verificado
FUNDACION NUEVO AMANECER,2026,3,1248.09,6,verificado
FUNDACION NUEVO AMANECER,2026,4,2728.21,11,verificado
FUNDACION NUEVO AMANECER,2026,5,560.04,2,verificado
FUNDACION REDNI,2026,2,5004.71,18,verificado
FUNDACION REDNI,2026,3,3734.86,17,verificado
FUNDACION REDNI,2026,4,6671.28,26,verificado
FUNDACION REDNI,2026,5,4963.15,202,verificado
FUNDACION REDNI,2026,6,8.03,6,verificado
FUNGIREX,2026,1,614.39,74,verificado
FUNGIREX,2026,2,413.4,52,verificado
FUNGIREX,2026,3,5194.26,152,verificado
FUNGIREX,2026,4,5086.48,105,verificado
FUNGIREX,2026,5,11412.15,70,verificado
FUNGIREX,2026,6,31.36,3,verificado
FUNKETE,2026,2,129.0,49,verificado
FUNKY FISH,2026,2,1005.51,5,verificado
FUNKY FISH,2026,3,5128.75,28,verificado
FUNKY FISH,2026,4,248.02,1,verificado
FURGOTRANS S.A,2026,4,226.54,1,verificado
FURY ENERGY,2026,1,375.9,30,verificado
FURY ENERGY,2026,2,463.61,37,verificado
FURY ENERGY,2026,4,11235.74,49,verificado
FURY ENERGY,2026,5,18605.55,85,verificado
FURY ENERGY,2026,6,791.91,3,verificado
FUSO,2026,2,402.2,2,verificado
FUSO,2026,4,804.41,4,verificado
FUTUAGUITAS S.A,2026,1,424.76,1,verificado
FUTURO CASA DE VALORES,2026,4,804.41,4,verificado
FV- AREA ANDINA S.A.,2026,3,537.09,3,verificado
FYBECA,2026,1,11153.64,113,verificado
FYBECA,2026,2,36945.44,735,verificado
FYBECA,2026,3,31537.52,556,verificado
FYBECA,2026,4,39571.85,378,verificado
FYBECA,2026,5,48690.27,290,verificado
FYBECA,2026,6,1293.12,12,verificado
G MOTOS,2026,3,208.01,1,verificado
G MOTOS,2026,4,3083.46,10,verificado
G MOTOS,2026,5,9375.88,53,verificado
G MOTOS,2026,6,625.81,8,verificado
GAC MOTOR,2026,2,12044.01,43,verificado
GAC MOTOR,2026,3,47692.65,181,verificado
GAC MOTOR,2026,4,130188.93,411,verificado
GAC MOTOR,2026,5,58697.88,233,verificado
GAC MOTOR,2026,6,1701.97,7,verificado
GAES CENTRO AUDITIVOS,2026,1,8573.97,548,verificado
GAES CENTRO AUDITIVOS,2026,2,26830.08,664,verificado
GAES CENTRO AUDITIVOS,2026,3,17199.94,691,verificado
GAES CENTRO AUDITIVOS,2026,4,2507.05,12,verificado
GAES CENTRO AUDITIVOS,2026,5,4119.2,16,verificado
GAES CENTRO AUDITIVOS,2026,6,280.02,1,verificado
GALA IMPORTACIONES,2026,2,643.56,3,verificado
GALACTIC GAMES,2026,4,3016.48,9,verificado
GALAPESCA,2026,3,414.84,1,verificado
GALARCORP,2026,2,1206.61,6,verificado
GALARCORP,2026,5,2047.56,8,verificado
GALAXIA SUPER STEREO 88.5 FM,2026,3,8.14,1,verificado
GALERIAS PLAZA,2026,4,1407.69,5,verificado
GALERIAS QUEZADA,2026,2,201.1,1,verificado
GALJOSA,2026,4,248.02,1,verificado
GALLETA PECOSA,2026,4,248.02,1,verificado
GALU SAPATARIA,2026,1,1618.24,13,verificado
GALU SAPATARIA,2026,2,550.14,4,verificado
GAMA TV,2026,1,212709.05,10406,verificado
GAMA TV,2026,2,184927.05,9212,verificado
GAMA TV,2026,3,185987.73,9194,verificado
GAMA TV,2026,4,208253.47,9219,verificado
GAMA TV,2026,5,190568.32,9765,verificado
GAMA TV,2026,6,16574.9,862,verificado
GAMBOA BOXIM CENTER,2026,2,1691.15,151,verificado
GAMIX MUSIC,2026,2,50.12,4,verificado
GAMMA KNIFE,2026,3,1294.32,3,verificado
GAMMA KNIFE,2026,5,255.95,1,verificado
GANACELL,2026,3,624.04,3,verificado
"GANADAL, NOBOA Y CIA.",2026,1,114.72,1,verificado
"GANADAL, NOBOA Y CIA.",2026,3,143.4,1,verificado
GANADERA EL TEJANO,2026,2,114.72,1,verificado
GANADERA EL TEJANO,2026,3,143.4,1,verificado
GANADERA RIO PLAYON S.A.,2026,2,114.72,1,verificado
GANADERA RIO PLAYON S.A.,2026,3,143.4,1,verificado
GANCHOS,2026,2,1005.51,5,verificado
GANCHOS,2026,3,329.07,2,verificado
GANCHOS,2026,4,201.1,1,verificado
GAP,2026,3,3267.72,17,verificado
GAP,2026,4,201.1,1,verificado
GAP,2026,5,1863.84,7,verificado
GAP,2026,6,280.02,1,verificado
GARDEN PET CENTER,2026,2,603.3,3,verificado
GARDEN PET CENTER,2026,3,329.07,2,verificado
GARMIN,2026,4,248.02,1,verificado
GARNIER,2026,2,1608.81,8,verificado
GARNIER,2026,3,5049.46,29,verificado
GARNIER,2026,4,11694.17,55,verificado
GARZA,2026,2,2212.12,11,verificado
GARZA,2026,4,2011.01,10,verificado
GARZA,2026,5,2047.56,8,verificado
GARZA ROJA PARQUE CLUB,2026,3,595.11,60,verificado
GARZA ROJA PARQUE CLUB,2026,4,5509.54,287,verificado
GARZA ROJA PARQUE CLUB,2026,5,5528.74,288,verificado
GARZA ROJA PARQUE CLUB,2026,6,460.73,24,verificado
GASTRO CENTER,2026,2,2007.75,9,verificado
GASTRO CENTER,2026,3,822.68,5,verificado
GASTRO CENTER,2026,4,1976.52,33,verificado
GASTRO CENTER,2026,5,552.44,20,verificado
GASTRO CENTER,2026,6,280.02,1,verificado
GASTROFAST,2026,1,43823.23,891,verificado
GASTROFAST,2026,2,55531.14,1990,verificado
GASTROFAST,2026,3,59948.1,2010,verificado
GASTROFAST,2026,4,92938.52,2673,verificado
GASTROFAST,2026,5,100300.59,2926,verificado
GASTROFAST,2026,6,6992.29,271,verificado
GATORADE,2026,2,521.25,2,verificado
GATORADE,2026,3,5824.4,28,verificado
GATORADE,2026,4,1240.09,5,verificado
GATUCO,2026,3,3948.86,24,verificado
GAVIRIA & GAVIRIA AGENTES NAC. DE ADUANA,2026,2,804.41,4,verificado
GAVIRIA & GAVIRIA AGENTES NAC. DE ADUANA,2026,3,2772.39,15,verificado
GEA ECUADOR,2026,2,965.25,1,verificado
GEELY,2026,4,31359.85,100,verificado
GEELY,2026,5,58346.34,168,verificado
GEELY,2026,6,4922.4,12,verificado
GEL HADA,2026,2,2100.13,5,verificado
GEL HADA,2026,3,1040.07,5,verificado
GEL HADA,2026,5,3080.21,11,verificado
GEL HADA,2026,6,560.04,2,verificado
GENERAC ECUADOR,2026,1,4.26,1,verificado
GENERAC ECUADOR,2026,2,402.2,2,verificado
GENERAL TIRE,2026,3,329.07,2,verificado
GENERALI,2026,3,685.63,1,verificado
GENERATRUST,2026,1,142.2,36,verificado
GENERATRUST,2026,2,438.45,111,verificado
GENESIS FONDOS,2026,3,832.06,4,verificado
GENESIS FONDOS,2026,4,1240.09,5,verificado
GENESIS MED,2026,3,77.03,10,verificado
GENESIS MED,2026,4,140.0,10,verificado
GENESIS MED,2026,5,98.0,7,verificado
GENFAR,2026,2,9959.33,41,verificado
GENFAR,2026,3,221.23,1,verificado
GEO CERRADURAS,2026,3,6153.39,42,verificado
GEO CERRADURAS,2026,4,10744.97,58,verificado
GEO CERRADURAS,2026,5,7677.62,55,verificado
GEO CERRADURAS,2026,6,361.67,16,verificado
GEOBIENES,2026,5,840.06,3,verificado
GEOBOX,2026,3,208.01,1,verificado
GEOCONCRET SA,2026,4,402.2,2,verificado
GEORGINA CHICAGO STILE PIZZA,2026,2,900.06,3,verificado
GERARDO ORTIZ & HIJOS,2026,1,868.24,66,verificado
GERARDO ORTIZ & HIJOS,2026,2,603.3,3,verificado
GERARDO ORTIZ & HIJOS,2026,4,1206.59,4,verificado
GESTION,2026,3,8.6,1,verificado
GIANCARLO WINE,2026,5,511.89,2,verificado
GILLETTE,2026,2,2192.18,10,verificado
GILLETTE,2026,3,2705.92,11,verificado
GILLETTE,2026,4,1973.63,7,verificado
GILLETTE,2026,5,1687.48,6,verificado
GINGIVIT,2026,1,13765.27,70,verificado
GINGIVIT,2026,4,12735.71,76,verificado
GINGIVIT,2026,5,34515.98,171,verificado
GINGIVIT,2026,6,1866.15,1,verificado
GINSAC,2026,2,300.02,1,verificado
GIRASOL,2026,1,15483.11,142,verificado
GIRASOL,2026,2,48413.32,766,verificado
GIRASOL,2026,3,60857.12,997,verificado
GIRASOL,2026,4,49831.16,1583,verificado
GIRASOL,2026,5,50974.21,1247,verificado
GIRASOL,2026,6,3116.24,34,verificado
GIRASOLI,2026,4,2670.56,5,verificado
GIRO MOTOS,2026,6,8.96,1,verificado
GISIS S.A.,2026,1,358.5,1,verificado
GLADE,2026,5,15292.54,258,verificado
GLADE,2026,6,1764.44,34,verificado
GLAMOUR PELUQUERIA,2026,5,19.84,2,verificado
GLAMOURT,2026,1,171.63,8,verificado
GLAMOURT,2026,2,150.04,10,verificado
GLAMOURT,2026,3,193.27,12,verificado
GLAMOURT,2026,4,119.39,8,verificado
GLAMOURT,2026,5,79.37,6,verificado
GLIN,2026,2,300.02,1,verificado
GLOBAL PLAN,2026,2,300.02,1,verificado
GLOBAL PLAN,2026,4,402.2,2,verificado
GLOBAL TOURING,2026,2,600.03,1,verificado
GLOBAL TRAVEL,2026,1,37.65,10,verificado
GLOBAL66,2026,5,4.42,2,verificado
GLOBALTECH,2026,2,600.04,2,verificado
GLOBALTECH,2026,4,496.04,2,verificado
GLOBOS COMETA ECUADOR,2026,5,15.48,7,verificado
GLOBOS COMETA ECUADOR,2026,6,4.42,2,verificado
GLOBOS PAYASO,2026,5,4.42,1,verificado
GLORANTA CARAMELOS,2026,1,327.99,40,verificado
GLORIA SALTOS,2026,5,43.2,3,verificado
GLS CONSTRUCTORES,2026,2,5512.35,22,verificado
GLS CONSTRUCTORES,2026,3,4548.18,24,verificado
GLS CONSTRUCTORES,2026,4,5127.99,22,verificado
GLS CONSTRUCTORES,2026,5,1376.02,5,verificado
GLUCERNA,2026,2,47.6,2,verificado
GLUCERNA,2026,4,32.4,2,verificado
GLUCERNA,2026,5,120.44,4,verificado
GMP ENTERTAINER & CONSULTING,2026,1,864.9,124,verificado
GMP ENTERTAINER & CONSULTING,2026,3,1556.08,89,verificado
GMP ENTERTAINER & CONSULTING,2026,4,2015.5,126,verificado
GMP ENTERTAINER & CONSULTING,2026,5,2159.46,135,verificado
GMP ENTERTAINER & CONSULTING,2026,6,111.97,7,verificado
GO HOTEL,2026,3,208.01,1,verificado
GO RASTREO SATELITAL,2026,2,16.78,1,verificado
GO RASTREO SATELITAL,2026,3,553.63,33,verificado
GO RASTREO SATELITAL,2026,5,317.32,24,verificado
GO TRAVEL,2026,6,280.02,1,verificado
GOA BOTANICA,2026,2,4625.33,23,verificado
GOA BOTANICA,2026,3,2511.52,15,verificado
GOA BOTANICA,2026,4,7286.52,30,verificado
GOA BOTANICA,2026,5,4655.16,16,verificado
GOB. DEL CANTON SALINAS,2026,4,903.43,3,verificado
GOB. MUNIC. DEL CANTON PANGUA,2026,2,358.5,1,verificado
GOBIERNO PROV. DE PICHINCHA,2026,3,880.36,80,verificado
GOBIERNO PROVINCIAL DE LOS RIOS,2026,1,2813.8,436,verificado
GOBIERNO PROVINCIAL DE LOS RIOS,2026,2,2072.45,265,verificado
GOBIERNO PROVINCIAL DE LOS RIOS,2026,3,396.18,44,verificado
GOBIERNO PROVINCIAL DE LOS RIOS,2026,5,412.5,36,verificado
GOBIERNO PROVINCIAL DE MANABI,2026,1,2153.51,76,verificado
GOBIERNO PROVINCIAL DE MANABI,2026,2,11319.74,690,verificado
GOBIERNO PROVINCIAL DE MANABI,2026,3,13316.29,748,verificado
GOBIERNO PROVINCIAL DE MANABI,2026,4,4222.23,738,verificado
GOBIERNO PROVINCIAL DE MANABI,2026,5,5065.27,758,verificado
GOBIERNO PROVINCIAL DE MANABI,2026,6,285.56,56,verificado
GOBIERNO PROVINCIAL DEL GUAYAS,2026,1,29725.34,3007,verificado
GOBIERNO PROVINCIAL DEL GUAYAS,2026,2,31144.73,3703,verificado
GOBIERNO PROVINCIAL DEL GUAYAS,2026,3,25239.92,3259,verificado
GOBIERNO PROVINCIAL DEL GUAYAS,2026,4,25613.43,2536,verificado
GOBIERNO PROVINCIAL DEL GUAYAS,2026,5,20298.31,2608,verificado
GOBIERNO PROVINCIAL DEL GUAYAS,2026,6,402.17,70,verificado
GOD SAVE THE QUEEN,2026,5,2153.86,4,verificado
GODADDY,2026,2,402.2,2,verificado
GOL (DETERGENTE),2026,5,511.89,2,verificado
GOLDEN,2026,1,24.86,4,verificado
GOLDEN,2026,2,53.11,8,verificado
GOLDEN (ALIMENTOS PARA MASCOTAS),2026,3,2212.31,6,verificado
GOLDEN (ALIMENTOS PARA MASCOTAS),2026,4,535.62,2,verificado
GOLDEN BEAR,2026,1,3518.03,280,verificado
GOLDEN BEAR,2026,2,392.32,31,verificado
GOLDEN BEAR,2026,5,4200.29,15,verificado
GOLDEN BEAR,2026,6,560.04,2,verificado
GOLDEN PRAGUE,2026,2,201.51,4,verificado
GOLDEN PRAGUE,2026,3,987.22,6,verificado
GOLDEN PRAGUE,2026,4,3820.92,18,verificado
GOLDEN PRAGUE,2026,5,511.89,2,verificado
GOLI NUTRITION,2026,4,804.41,4,verificado
GOMASDIN,2026,1,126.48,17,verificado
GOMASDIN,2026,2,29.76,4,verificado
GOMASDIN,2026,3,119.04,16,verificado
GOMASDIN,2026,4,123.2,11,verificado
GOMASDIN,2026,5,78.4,7,verificado
GOMASDIN,2026,6,22.4,2,verificado
GONET,2026,3,3432.19,13,verificado
GONET,2026,5,3032.06,11,verificado
GONET,2026,6,280.02,1,verificado
GONG EL SARTEN CHINO,2026,2,4210.09,17,verificado
GONG EL SARTEN CHINO,2026,3,1819.26,7,verificado
GONZHAUS,2026,4,402.2,2,verificado
GOODYEAR,2026,4,402.2,2,verificado
GORDITOS GRILL,2026,3,164.54,1,verificado
GORFFIN,2026,2,1178.95,1,verificado
GOTAS DE SEDA,2026,3,658.14,3,verificado
GOTUURI,2026,4,201.1,1,verificado
GOURMANDISES,2026,1,36.54,6,verificado
GOURMANDISES,2026,3,1117.65,6,verificado
GOURMEET,2026,3,822.68,5,verificado
GOURMET DELI,2026,1,8.53,2,verificado
GRAFICAS ORTEGA,2026,5,56.17,6,verificado
GRAFICOS NACIONALES,2026,4,777.05,1,verificado
GRAIMAN,2026,2,1045.77,5,verificado
GRAIMAN,2026,3,4728.89,220,verificado
GRAIMAN,2026,4,7108.87,125,verificado
GRAIMAN,2026,5,14939.82,281,verificado
GRAIMAN,2026,6,205.89,14,verificado
GRAN FERIA DE ADOPCION,2026,2,538.79,43,verificado
GRAN FERIA DE ADOPCION,2026,3,639.03,51,verificado
GRAN HOGAR,2026,2,201.1,1,verificado
GRAN HOGAR,2026,3,416.03,2,verificado
GRAN PEÑA BAILABLE,2026,1,123.34,22,verificado
GRAN PEÑA BAILABLE,2026,2,44.85,8,verificado
GRAN PIAZZA,2026,2,804.41,4,verificado
GRAN PIAZZA,2026,3,663.93,3,verificado
GRAN PIAZZA,2026,4,603.3,3,verificado
GRAN PIAZZA,2026,5,2564.31,9,verificado
GRANCAT,2026,1,180.4,22,verificado
GRANCAT,2026,2,58.16,7,verificado
GRANCAT,2026,3,110.4,13,verificado
GRANCAT,2026,4,8.96,1,verificado
GRANCAT,2026,5,185.92,19,verificado
GRANCAT,2026,6,8.96,1,verificado
GRAND VIEW,2026,3,2632.8,3,verificado
GRAND VIEW,2026,5,896.25,1,verificado
GREAT PLACE TO WORK,2026,2,1930.5,2,verificado
GREAT PLACE TO WORK,2026,3,1930.5,2,verificado
GREAT PLACE TO WORK,2026,4,1930.5,2,verificado
GREAT WALL,2026,2,2085.01,8,verificado
GREDY DENTAL CENTER,2026,3,52.0,1,verificado
GREEN FROST,2026,1,5418.66,34,verificado
GREEN FROST,2026,2,6129.63,42,verificado
GREEN FROST,2026,3,2657.49,20,verificado
GREEN FROST,2026,4,1313.24,12,verificado
GREEN FROST,2026,5,767.84,3,verificado
GREEN LIFE,2026,4,3229.59,14,verificado
GREEN LIFE,2026,5,1874.29,8,verificado
GREEN SAVONE,2026,2,5088.31,14,verificado
GREEN SAVONE,2026,3,3982.16,11,verificado
GREEN SAVONE,2026,4,11216.46,19,verificado
GREEN SAVONE,2026,5,10951.0,21,verificado
GREEN TREE,2026,2,1809.91,9,verificado
GREEN TREE,2026,3,1645.36,10,verificado
GREENLIFE,2026,4,2102.53,120,verificado
GREENLIFE,2026,5,1253.41,78,verificado
GRIFINE CERAMICS,2026,1,1754.35,192,verificado
GRIFINE CERAMICS,2026,2,907.46,41,verificado
GRIFINE CERAMICS,2026,3,1800.39,90,verificado
GRIFINE CERAMICS,2026,4,5421.78,435,verificado
GRIFINE CERAMICS,2026,5,4018.51,373,verificado
GRILE,2026,3,1872.13,9,verificado
GRILE,2026,4,1099.34,5,verificado
GRILE,2026,5,1887.91,7,verificado
GRUPASA,2026,2,3611.24,3,verificado
GRUPASA,2026,3,4107.79,6,verificado
GRUPASA,2026,4,3968.29,15,verificado
GRUPASA - GRUPO PAPELESA,2026,1,8375.43,1,verificado
GRUPASA - GRUPO PAPELESA,2026,5,1415.7,1,verificado
GRUPO AZUCARERO EQ2 S.A.,2026,4,140.53,1,verificado
GRUPO CALDERON,2026,2,2614.32,13,verificado
GRUPO CALDERON,2026,3,822.68,5,verificado
GRUPO CTO,2026,5,840.06,3,verificado
GRUPO DEGFER,2026,5,1415.7,1,verificado
GRUPO DIFARE,2026,3,8329.2,2,verificado
GRUPO ELECTMB S. A.,2026,5,904.2,67,verificado
GRUPO ELECTMB S. A.,2026,6,105.6,8,verificado
GRUPO ENTREGAS,2026,2,1178.95,1,verificado
GRUPO FJ,2026,5,159.6,13,verificado
GRUPO FUTURO S.A.,2026,2,2405.2,116,verificado
GRUPO HANASKA,2026,2,175.5,1,verificado
GRUPO IMAR S.A.,2026,3,658.14,4,verificado
GRUPO IMAR S.A.,2026,4,402.2,2,verificado
GRUPO MEDI,2026,2,201.1,1,verificado
GRUPO NOVATECH,2026,3,965.25,1,verificado
GRUPO PAPELESA,2026,1,7150.25,1,verificado
GRUPO PAPELESA,2026,5,3989.25,2,verificado
GRUPO SPURRIER,2026,1,1984.72,3,verificado
GRUPO SPURRIER,2026,5,1078.92,3,verificado
GRUPO VILASECA,2026,4,614.8,1,verificado
GUARO,2026,2,1401.19,5,verificado
GUAYAQUIL FOOD SHOW,2026,5,560.04,2,verificado
GUAYAQUIL TENIS CLUB,2026,4,358.5,1,verificado
GUAYAQUIL TENIS CLUB,2026,5,685.63,1,verificado
GUAYHOST S.A.,2026,3,200.76,1,verificado
GUILLERMO LASSO,2026,5,1447.32,5,verificado
GUILLERMO VAZQUES S.A,2026,3,745.1,4,verificado
GUITIG,2026,2,501.12,2,verificado
GUITIG,2026,3,1040.07,5,verificado
GUITIG,2026,4,5676.75,451,verificado
GUITIG,2026,5,2785.87,372,verificado
GUITIG,2026,6,1432.93,46,verificado
GULF,2026,1,1981.68,401,verificado
GULF,2026,2,392.2,80,verificado
GULF,2026,3,579.48,107,verificado
GULF,2026,4,3227.58,325,verificado
GULF,2026,5,3403.48,336,verificado
GULF,2026,6,262.08,26,verificado
GUS,2026,2,2100.14,6,verificado
GUS,2026,3,3120.22,15,verificado
GUS,2026,4,992.08,4,verificado
GUS,2026,6,280.02,1,verificado
GUSTA ITALIAN KITCHEN,2026,3,832.06,4,verificado
GUSTA ITALIAN KITCHEN,2026,4,744.06,3,verificado
GUSTADINA,2026,1,2868.7,14,verificado
GUSTADINA,2026,2,12177.34,72,verificado
GUSTADINA,2026,3,17575.65,138,verificado
GUSTADINA,2026,4,20051.73,197,verificado
GUSTADOR,2026,1,880.88,70,verificado
GUSTADOR,2026,2,755.04,60,verificado
GUSTADOR,2026,3,151.01,12,verificado
GUSTADOR,2026,4,547.7,42,verificado
GUSTADOR,2026,5,408.61,32,verificado
GYPLAC,2026,3,15476.61,79,verificado
GYPLAC,2026,4,13091.39,49,verificado
H&M,2026,2,1146.16,28,verificado
H&M,2026,3,6287.24,184,verificado
H&M,2026,4,5612.73,56,verificado
H&M,2026,5,5678.64,25,verificado
H&M,2026,6,14.81,1,verificado
H.A. CARGO,2026,1,188.79,31,verificado
H.A. CARGO,2026,2,158.34,26,verificado
H.A. CARGO,2026,3,214.96,36,verificado
H.A. CARGO,2026,4,540.63,60,verificado
H.A. CARGO,2026,5,55.0,5,verificado
HA CARGO,2026,1,54.81,9,verificado
HA CARGO,2026,2,48.72,8,verificado
HA CARGO,2026,3,99.25,17,verificado
HA CARGO,2026,4,239.74,23,verificado
HA CARGO,2026,5,679.8,55,verificado
HA CARGO,2026,6,61.6,4,verificado
HABITAT REAL,2026,2,229.76,1,verificado
HABITAT REAL,2026,3,323.69,7,verificado
HADASSAH SPA,2026,5,511.89,2,verificado
HALLADOS,2026,2,201.1,1,verificado
HAMBURGUESAS EL CORRAL,2026,2,6790.71,28,verificado
HAMBURGUESAS EL CORRAL,2026,3,2738.29,14,verificado
HAMBURGUESAS EL CORRAL,2026,4,2989.66,13,verificado
HAMBURGUESAS EL CORRAL,2026,5,1960.13,7,verificado
HAMBURGUESAS EL CORRAL,2026,6,1120.08,4,verificado
HAMS,2026,4,402.2,2,verificado
HAPPY,2026,5,280.02,1,verificado
HAPPY BABY DE MANZANILLA,2026,1,392.23,47,verificado
HAPPY BABY DE MANZANILLA,2026,2,293.83,35,verificado
HAPPY HOPPERS,2026,5,2047.56,8,verificado
HAPY OUTLET,2026,2,804.41,4,verificado
HAPY OUTLET,2026,3,658.14,4,verificado
HAPY OUTLET,2026,4,201.1,1,verificado
HAPY OUTLET,2026,5,255.95,1,verificado
HARD ROCK BUCKETS,2026,1,745.59,72,verificado
HARD ROCK BUCKETS,2026,2,598.49,57,verificado
HARINA PAN,2026,2,201.1,1,verificado
HARINA SANTA LUCIA,2026,6,280.02,1,verificado
HARMONY CENTER,2026,1,276.58,74,verificado
HARMONY CENTER,2026,2,111.65,30,verificado
HARMONY CENTRO ESTETICA FACIAL Y CORPORA,2026,1,4998.06,435,verificado
HARMONY CENTRO ESTETICA FACIAL Y CORPORA,2026,2,4509.8,544,verificado
HARMONY CENTRO ESTETICA FACIAL Y CORPORA,2026,3,4189.65,503,verificado
HARMONY CENTRO ESTETICA FACIAL Y CORPORA,2026,4,6194.08,681,verificado
HARMONY CENTRO ESTETICA FACIAL Y CORPORA,2026,5,4195.67,507,verificado
HARMONY CENTRO ESTETICA FACIAL Y CORPORA,2026,6,100.39,7,verificado
HARMONY VISION,2026,1,213.04,57,verificado
HARMONY VISION,2026,2,78.49,21,verificado
HASK,2026,3,832.06,4,verificado
HASK,2026,4,248.02,1,verificado
HASK,2026,6,280.02,1,verificado
HASTA LA VUELTA  SEÑOR,2026,4,201.1,1,verificado
HAVOLINE,2026,1,7617.74,757,verificado
HAVOLINE,2026,2,7659.22,760,verificado
HAVOLINE,2026,3,8612.45,901,verificado
HAVOLINE,2026,4,11852.37,1037,verificado
HAVOLINE,2026,5,10897.45,960,verificado
HAVOLINE,2026,6,823.89,74,verificado
HB COUTURE,2026,1,45.53,8,verificado
HB DENTAL,2026,1,19.58,6,verificado
HBO,2026,2,4014.49,293,verificado
HBO,2026,3,485.27,72,verificado
HBO,2026,4,63.17,10,verificado
HD DERMO COSMETIC,2026,3,329.07,2,verificado
HEAD & SHOULDERS,2026,1,6627.29,85,verificado
HEAD & SHOULDERS,2026,2,13044.24,170,verificado
HEAD & SHOULDERS,2026,3,11794.94,146,verificado
HEAD & SHOULDERS,2026,4,15130.21,249,verificado
HEAD & SHOULDERS,2026,5,11844.21,193,verificado
HEAD & SHOULDERS,2026,6,1942.19,21,verificado
HEALTHY GIRL,2026,5,2047.56,8,verificado
HEALTHY LIFE,2026,2,71.14,9,verificado
HEALTHY LIFE,2026,3,110.67,14,verificado
HEALTHY LIFE,2026,4,63.65,7,verificado
HEALTHY LIFE,2026,5,575.54,9,verificado
HEIDY HELADERIA,2026,2,801.14,3,verificado
HEIDY HELADERIA,2026,5,560.04,2,verificado
HEINEKEN,2026,1,11867.78,214,verificado
HEINEKEN,2026,2,27461.92,267,verificado
HEINEKEN,2026,3,13795.51,136,verificado
HEINEKEN,2026,4,44987.68,608,verificado
HEINEKEN,2026,5,39762.68,635,verificado
HEINEKEN,2026,6,2787.15,33,verificado
HELIOCARE,2026,2,15208.66,50,verificado
HELIOCARE,2026,3,208.01,1,verificado
HELIOCARE,2026,4,12816.46,43,verificado
HELIOCARE,2026,5,6720.46,24,verificado
HEPACOLIN,2026,2,1203.35,5,verificado
HEPACOLIN,2026,4,603.3,3,verificado
HEPADOL,2026,1,179726.47,1486,verificado
HEPADOL,2026,2,275660.51,1395,verificado
HEPADOL,2026,3,241380.15,1605,verificado
HEPADOL,2026,4,322794.88,4377,verificado
HEPADOL,2026,5,221482.75,5719,verificado
HEPADOL,2026,6,16913.45,362,verificado
HEPAGEN,2026,2,1902.31,7,verificado
HEPAGEN,2026,3,1906.23,10,verificado
HEPALIVE,2026,2,402.2,2,verificado
HEPALIVE,2026,4,5283.23,18,verificado
HERBAL ESSENSES,2026,2,2775.35,12,verificado
HERBAL ESSENSES,2026,3,5931.87,22,verificado
HERBAL ESSENSES,2026,4,3274.07,11,verificado
HERBALIFE,2026,2,402.2,2,verificado
HERBALIFE,2026,3,24.16,2,verificado
HERBALIFE,2026,4,4940.28,18,verificado
HERBALIFE,2026,5,19.84,2,verificado
HERBALMAX,2026,1,18.77,2,verificado
HERBALMAX,2026,2,25727.62,700,verificado
HERBALMAX,2026,3,36685.41,888,verificado
HERBALMAX,2026,4,37767.03,572,verificado
HERBALMAX,2026,5,41635.28,714,verificado
HERBALMAX,2026,6,99.64,3,verificado
HERENCIA DEL VALLE,2026,4,449.12,2,verificado
HERENCIA DEL VALLE,2026,5,1096.0,4,verificado
HERENCIA DEL VALLE,2026,6,840.06,3,verificado
HERO MOTOS,2026,3,5409.69,31,verificado
HERO MOTOS,2026,4,13960.77,189,verificado
HERTZ,2026,2,12.64,1,verificado
HIDRA LIFE,2026,3,523.9,72,verificado
HIDRA LIFE,2026,4,668.64,49,verificado
HIDRA LIFE,2026,5,682.08,48,verificado
HIDRA LIFE,2026,6,56.2,4,verificado
HIDRATOPS,2026,2,8324.51,35,verificado
HIDRATOPS,2026,3,13740.82,64,verificado
HIDRATOPS,2026,4,18567.9,60,verificado
HIDRATOPS,2026,5,20050.78,91,verificado
HIDRATOPS,2026,6,815.98,3,verificado
HIERRO ANDEC,2026,1,4175.78,491,verificado
HIERRO ANDEC,2026,2,2706.7,206,verificado
HIERRO ANDEC,2026,3,3908.63,432,verificado
HIERRO ANDEC,2026,4,685.63,1,verificado
HIFLY,2026,4,248.02,1,verificado
HIFLY,2026,5,280.02,1,verificado
HIGER,2026,3,1558.15,123,verificado
HIGER,2026,4,1971.98,141,verificado
HIGER,2026,5,1975.54,140,verificado
HIKVISION,2026,2,442.46,2,verificado
HILARY NATURE RESORT & SPA,2026,1,328.56,77,verificado
HILARY NATURE RESORT & SPA,2026,2,341.36,80,verificado
HILARY NATURE RESORT & SPA,2026,3,524.84,123,verificado
HILARY NATURE RESORT & SPA,2026,4,1172.7,81,verificado
HILLARY NATURE RESORT,2026,2,300.02,1,verificado
HILLARY NATURE RESORT,2026,3,329.07,2,verificado
HILLARY NATURE RESORT,2026,4,603.3,3,verificado
HILTON COLON,2026,1,10376.3,1019,verificado
HILTON COLON,2026,2,9418.38,779,verificado
HILTON COLON,2026,3,11550.43,1225,verificado
HILTON COLON,2026,4,13475.27,1190,verificado
HILTON COLON,2026,5,18792.19,1233,verificado
HILTON COLON,2026,6,979.6,95,verificado
HINO,2026,1,167.12,15,verificado
HINO,2026,2,1711.67,181,verificado
HINO,2026,3,4729.89,436,verificado
HINO,2026,4,496.04,2,verificado
HINO,2026,5,2112.61,4,verificado
HINO,2026,6,1120.08,4,verificado
HIPODROMO MAR BRAVO S.A,2026,4,215.1,1,verificado
HISENSE,2026,3,416.03,2,verificado
HISENSE,2026,5,280.02,1,verificado
HISPANA DE SEGUROS,2026,1,2510.96,329,verificado
HISPANA DE SEGUROS,2026,2,11590.85,202,verificado
HISPANA DE SEGUROS,2026,3,6510.61,225,verificado
HISPANA DE SEGUROS,2026,4,9436.54,250,verificado
HISPANA DE SEGUROS,2026,5,84667.94,1637,verificado
HISPANA DE SEGUROS,2026,6,1186.59,99,verificado
HISPANAMUR S.A,2026,2,606.28,1,verificado
HISTORICO,2026,2,201.1,1,verificado
HIVIMAR,2026,2,1219.89,7,verificado
HIVIMAR,2026,3,2534.23,48,verificado
HIVIMAR,2026,4,1152.61,13,verificado
HIVIMAR,2026,5,2448.39,12,verificado
HJ BECDACH,2026,5,2303.73,1,verificado
HOGAR CORAZON DE JESUS,2026,3,2277.56,437,verificado
HOGAR CORAZON DE JESUS,2026,4,3423.77,495,verificado
HOGAR VERDE,2026,5,663.7,2,verificado
HOJA VERDE GOURMET,2026,2,1101.17,4,verificado
HOJA VERDE GOURMET,2026,3,624.04,3,verificado
HOLCIM,2026,2,1991.08,3,verificado
HOLCIM,2026,3,9707.75,23,verificado
HOLCIM,2026,4,17298.98,27,verificado
HOLCIM,2026,5,671.4,2,verificado
HOLCIM,2026,6,23.1,3,verificado
HOLDINGPESA S.A.,2026,3,1768.5,1,verificado
HOLDINHPALMACA C.A.,2026,4,1768.52,1,verificado
HOLIDAY INN EXPRESS,2026,2,3201.29,9,verificado
HOLY MOLY,2026,2,1608.81,8,verificado
HOLY MOLY,2026,3,658.14,3,verificado
HOME PHONE,2026,3,745.1,4,verificado
HOME PHONE,2026,5,511.89,2,verificado
HOME VEGA,2026,4,402.2,2,verificado
HOME VEGA,2026,5,767.84,3,verificado
HONDA,2026,2,9572.77,30,verificado
HONDA,2026,3,4396.26,31,verificado
HONDA,2026,4,30576.3,128,verificado
HONDA,2026,5,23130.71,146,verificado
HONDA,2026,6,2367.71,16,verificado
HONEY AND HONEY,2026,2,201.1,1,verificado
HONOR,2026,1,11156.06,70,verificado
HONOR,2026,2,42612.51,288,verificado
HONOR,2026,3,134594.11,842,verificado
HONOR,2026,4,66465.53,408,verificado
HONOR,2026,5,71812.01,207,verificado
HONOR STORE,2026,2,100.55,2,verificado
HONORASA S.A.,2026,3,114.72,1,verificado
HORMIAZUAY,2026,3,624.04,3,verificado
HORMIAZUAY,2026,4,248.02,1,verificado
HORNADO PASTUSO,2026,1,4.19,1,verificado
HORTANA,2026,4,744.06,3,verificado
HOSP. ALIANZA DEL ECUADOR,2026,2,441.79,43,verificado
HOSP. ALIANZA DEL ECUADOR,2026,3,546.43,66,verificado
HOSP. ALIANZA DEL ECUADOR,2026,4,524.98,57,verificado
HOSP. ALIANZA DEL ECUADOR,2026,5,189.75,20,verificado
HOSP. DE ESPECIALIDADES ALFREDO PAULSON,2026,2,600.04,2,verificado
HOSP. DE ESPECIALIDADES ALFREDO PAULSON,2026,3,2080.14,10,verificado
HOSP. DE ESPECIALIDADES ALFREDO PAULSON,2026,4,248.02,1,verificado
HOSP. DE ESPECIALIDADES ALFREDO PAULSON,2026,5,1120.08,4,verificado
HOSP. LUIS VERNAZA,2026,2,300.02,1,verificado
HOSP. LUIS VERNAZA,2026,3,3761.73,16,verificado
HOSP. LUIS VERNAZA,2026,4,1240.09,5,verificado
HOSP. LUIS VERNAZA,2026,5,70.01,1,verificado
HOSP. SANTA BARBARA,2026,3,1040.07,5,verificado
HOSPITAL ALCIVAR,2026,2,436.74,124,verificado
HOSPITAL ALCIVAR,2026,3,579.31,164,verificado
HOSPITAL ALCIVAR,2026,4,3156.89,174,verificado
HOSPITAL ALCIVAR,2026,5,10117.74,230,verificado
HOSPITAL ALCIVAR,2026,6,624.53,10,verificado
HOSPITAL DE LOS VALLES,2026,1,132.15,31,verificado
HOSPITAL DE LOS VALLES,2026,2,9296.03,60,verificado
HOSPITAL DE LOS VALLES,2026,3,8992.49,45,verificado
HOSPITAL DE LOS VALLES,2026,4,2331.61,12,verificado
HOSPITAL DE LOS VALLES,2026,5,92.4,12,verificado
HOSPITAL DE LOS VALLES,2026,6,38.5,5,verificado
HOSPITAL DEL HOLDING,2026,1,294.23,24,verificado
HOSPITAL DEL HOLDING,2026,2,657.47,33,verificado
HOSPITAL DEL HOLDING,2026,3,1285.36,23,verificado
HOSPITAL DEL HOLDING,2026,4,1142.6,25,verificado
HOSPITAL DEL HOLDING,2026,5,1798.48,41,verificado
HOSPITAL DURAN,2026,2,804.41,4,verificado
HOSPITAL DURAN,2026,4,201.1,1,verificado
HOSPITAL DURAN,2026,5,1400.1,5,verificado
HOSPITAL METROPOLITANO,2026,1,5358.29,544,verificado
HOSPITAL METROPOLITANO,2026,2,26538.97,699,verificado
HOSPITAL METROPOLITANO,2026,3,18241.84,790,verificado
HOSPITAL METROPOLITANO,2026,4,31618.45,751,verificado
HOSPITAL METROPOLITANO,2026,5,26856.79,754,verificado
HOSPITAL METROPOLITANO,2026,6,584.21,54,verificado
HOSPITAL MONTE SINAI,2026,3,965.25,1,verificado
HOSPITAL PEDIATRICO DR ROBERTO GILBERT,2026,2,900.06,3,verificado
HOSPITAL PEDIATRICO DR ROBERTO GILBERT,2026,3,3120.22,15,verificado
HOSPITAL PEDIATRICO DR ROBERTO GILBERT,2026,4,1240.09,5,verificado
HOSPITAL PEDIATRICO DR ROBERTO GILBERT,2026,5,3920.27,14,verificado
HOSPITAL SANTA INES,2026,3,965.25,1,verificado
HOSPITAL SANTA INES,2026,4,1930.5,2,verificado
HOSPITAL SANTAMARIA,2026,5,351.01,47,verificado
HOSPITAL SANTAMARIA,2026,6,60.33,8,verificado
HOSPITAL VETERINARIO SINAI,2026,4,496.04,2,verificado
HOSPITAL VETERINARIO SINAI,2026,5,1120.08,4,verificado
HOSPITAL VOZANDES QUITO,2026,1,1589.34,189,verificado
HOSPITAL VOZANDES QUITO,2026,2,2687.25,78,verificado
HOSPITAL VOZANDES QUITO,2026,3,1929.44,141,verificado
HOSPITAL VOZANDES QUITO,2026,4,5319.02,268,verificado
HOSPITAL VOZANDES QUITO,2026,5,3285.63,265,verificado
HOSPITAL VOZANDES QUITO,2026,6,500.26,25,verificado
HOSPITALES,2026,2,3481.54,420,verificado
HOSPITALES,2026,3,4011.73,256,verificado
HOSPITALES,2026,4,286.65,21,verificado
HOSTAL SIERRA LUNA,2026,2,386.64,46,verificado
HOSTAL SIERRA LUNA,2026,3,527.76,63,verificado
HOSTAL SIERRA LUNA,2026,4,1048.16,66,verificado
HOSTAL SIERRA LUNA,2026,5,936.99,59,verificado
HOSTAL SIERRA LUNA,2026,6,95.29,6,verificado
HOSTERIA AGOYAN,2026,3,1040.07,5,verificado
HOSTERIA DE CARLOS,2026,1,28.8,2,verificado
HOSTERIA DE CARLOS,2026,5,63.0,3,verificado
HOSTERIA DOS CHORRERAS,2026,3,534.74,4,verificado
HOSTERIA DOS CHORRERAS,2026,4,201.1,1,verificado
HOSTERIA DURAN,2026,5,280.02,1,verificado
HOTEL AMBATO,2026,2,201.1,1,verificado
HOTEL AQUA MARINA,2026,2,19.33,3,verificado
HOTEL AQUA MARINA,2026,4,175.92,12,verificado
HOTEL CIRCASIANA PALACE,2026,4,603.3,3,verificado
HOTEL EL QUIJOTE,2026,3,164.54,1,verificado
HOTEL FINCH BAY,2026,2,600.04,2,verificado
HOTEL FINLANDIA,2026,1,189.6,32,verificado
HOTEL FINLANDIA,2026,2,222.5,38,verificado
HOTEL FINLANDIA,2026,3,396.98,67,verificado
HOTEL FINLANDIA,2026,4,483.0,46,verificado
HOTEL FINLANDIA,2026,5,420.0,40,verificado
HOTEL FINLANDIA,2026,6,31.5,3,verificado
HOTEL MAR AZUL,2026,1,277.98,20,verificado
HOTEL MAR AZUL,2026,2,209.05,18,verificado
HOTEL MAR AZUL,2026,3,296.06,18,verificado
HOTEL MAR AZUL,2026,4,104.36,20,verificado
HOTEL MAR AZUL,2026,5,126.29,20,verificado
HOTEL PALMAZUL,2026,1,1030.25,138,verificado
HOTEL QUITO,2026,2,210.08,12,verificado
HOTEL ROSIM,2026,5,511.89,2,verificado
HOTEL SANTIAGO DE COMPOSTELLA,2026,3,832.06,4,verificado
HOTEL SANTIAGO DE COMPOSTELLA,2026,5,280.02,1,verificado
HOTEL SHERATON,2026,5,280.02,1,verificado
HOTEL VICTORIA,2026,3,1456.09,6,verificado
HOTEL VICTORIA,2026,4,2647.81,12,verificado
HOTEL VICTORIA,2026,5,22694.21,81,verificado
HOTEL VICTORIA,2026,6,815.98,3,verificado
HOTEL ZARACAY,2026,1,16.78,1,verificado
HOTEL ZARACAY,2026,2,67.11,4,verificado
HP DRILLING SERVICES,2026,5,167.24,1,verificado
HUACA CAR,2026,3,37.59,1,verificado
HUASQUILA AMAZON LONG,2026,3,225.65,31,verificado
HUASQUILA AMAZON LONG,2026,4,170.8,12,verificado
HUEVO SORPRESA KINDER,2026,2,6364.09,21,verificado
HUEVOS AVITO,2026,4,402.2,2,verificado
HUMANA,2026,1,4525.94,640,verificado
HUMANA,2026,2,4692.21,183,verificado
HUMANA,2026,3,6620.34,79,verificado
HUMANA,2026,4,22937.32,211,verificado
HUMANA,2026,5,55623.61,329,verificado
HUMITAS LOJAN,2026,1,3.74,2,verificado
HUMITAS TRADICIONALES,2026,1,455.95,66,verificado
HUMITAS TRADICIONALES,2026,2,682.06,100,verificado
HUMITAS TRADICIONALES,2026,3,545.65,85,verificado
HUMITAS TRADICIONALES,2026,4,493.72,83,verificado
HUMITAS TRADICIONALES,2026,5,377.32,58,verificado
HUMITAS TRADICIONALES,2026,6,18.06,3,verificado
HUMO BARRILES,2026,2,1704.47,7,verificado
HUMO BARRILES,2026,3,870.85,6,verificado
HUMO BARRILES,2026,5,1279.73,5,verificado
HUNTER,2026,1,1364.77,249,verificado
HUNTER,2026,2,1422.25,159,verificado
HUNTER,2026,3,2912.04,22,verificado
HYDRAFLEX,2026,4,402.2,2,verificado
HYDRITY,2026,4,56.0,6,verificado
HYDRITY,2026,5,436.77,43,verificado
HYDRITY,2026,6,59.26,6,verificado
HYLO DUAL,2026,4,673.6,1,verificado
HYLO DUAL,2026,5,2525.1,2,verificado
HYUNDAI,2026,1,40869.09,798,verificado
HYUNDAI,2026,2,73349.08,1111,verificado
HYUNDAI,2026,3,71082.44,1073,verificado
HYUNDAI,2026,4,66359.3,951,verificado
HYUNDAI,2026,5,54520.4,1101,verificado
HYUNDAI,2026,6,2745.05,53,verificado
HYUNDAI (TELEVISORES),2026,2,4206.82,16,verificado
HYUNDAI (TELEVISORES),2026,3,11928.12,29,verificado
HYUNDAI (TELEVISORES),2026,4,4075.53,14,verificado
HYUNDAI (TELEVISORES),2026,5,3288.01,12,verificado
I.L.G.A. CIA. LTDA.,2026,1,6538.01,141,verificado
I.L.G.A. CIA. LTDA.,2026,2,3131.22,161,verificado
I.L.G.A. CIA. LTDA.,2026,3,1898.84,103,verificado
I.L.G.A. CIA. LTDA.,2026,4,5386.12,160,verificado
I.L.G.A. CIA. LTDA.,2026,5,3959.0,151,verificado
I.S.S.F.A.,2026,4,204.12,1,verificado
I.T.V.,2026,1,1674.15,8,verificado
I.T.V.,2026,2,352.8,2,verificado
I.T.V.,2026,3,1914.73,11,verificado
I.T.V.,2026,4,703.48,4,verificado
I.T.V.,2026,5,1079.55,14,verificado
IASA,2026,1,1897.95,153,verificado
IASA,2026,2,4866.89,167,verificado
IASA,2026,3,3945.28,157,verificado
IASA,2026,4,3485.71,170,verificado
IASA,2026,5,3266.63,169,verificado
IASA,2026,6,165.31,13,verificado
IASCA ECUADOR,2026,3,7.44,1,verificado
IASO TEA,2026,2,11.2,1,verificado
IBERIA,2026,2,603.3,3,verificado
IBERIA,2026,4,1206.61,6,verificado
IBERIA,2026,5,3327.29,13,verificado
IBERIA,2026,6,560.04,2,verificado
IBEROGAST,2026,4,8400.73,140,verificado
IBEROGAST,2026,5,24012.3,408,verificado
IBEROGAST,2026,6,810.08,24,verificado
ICEMAN,2026,3,457.16,3,verificado
ICON BAY,2026,3,164.54,1,verificado
IDEAL ALAMBREC,2026,3,2303.73,1,verificado
IESS,2026,2,685.63,1,verificado
IESS,2026,3,85.05,1,verificado
IESS,2026,4,550.84,2,verificado
IGLESIA DE JESUCRISTO DE LOS SANTOS,2026,1,82.72,4,verificado
IGLESIA DE JESUCRISTO DE LOS SANTOS,2026,2,82.72,4,verificado
IGLESIA DE JESUCRISTO DE LOS SANTOS,2026,3,82.72,4,verificado
IGLESIA DE JESUCRISTO DE LOS SANTOS,2026,5,36.6,4,verificado
IGLESIA UNIVERSAL DEL REINO DE DIOS,2026,1,62.15,2,verificado
IGLESIA UNIVERSAL DEL REINO DE DIOS,2026,3,845.68,28,verificado
IGLESIA UNIVERSAL DEL REINO DE DIOS,2026,4,1236.6,46,verificado
IGLESIA UNIVERSAL DEL REINO DE DIOS,2026,5,37.2,4,verificado
IGM MOTOS,2026,5,5040.34,17,verificado
IGN.COM,2026,1,424.76,1,verificado
IGN.COM,2026,3,852.4,1,verificado
IGN.COM,2026,4,2129.56,3,verificado
IGN.COM,2026,5,424.76,1,verificado
IGOR APP,2026,2,5429.73,26,verificado
IGOR APP,2026,3,4607.01,28,verificado
IGUANA SHOWS,2026,5,146.56,4,verificado
IHOP,2026,2,924.51,5,verificado
IHOP,2026,3,2545.06,16,verificado
IHOP,2026,4,6448.44,22,verificado
IHOP,2026,5,4103.99,15,verificado
ILE,2026,2,201.1,1,verificado
ILE,2026,5,18164.38,993,verificado
ILE,2026,6,1561.67,85,verificado
ILGAMAR,2026,2,1355.13,1,verificado
IMAGEN DENTAL,2026,4,2232.16,8,verificado
IMAGEN DENTAL,2026,5,1680.12,6,verificado
IMAGENES ALCIVAR,2026,5,1279.73,5,verificado
IMBACOOP LTDA.,2026,4,1013.6,1,verificado
IMBACOOP LTDA.,2026,5,2656.55,24,verificado
IMBAUTO S. A.,2026,2,600.04,2,verificado
IMEVI,2026,3,4576.32,22,verificado
IMEVI,2026,4,1984.15,8,verificado
IMFRISA,2026,2,12732.37,46,verificado
IMFRISA,2026,3,10890.89,54,verificado
IMFRISA,2026,4,3224.23,12,verificado
IMFRISA,2026,5,14335.45,51,verificado
IMFRISA,2026,6,280.02,1,verificado
IMMUVIT,2026,2,1327.38,6,verificado
IMMUVIT,2026,5,995.55,3,verificado
IMPERIAL,2026,3,14043.08,67,verificado
IMPERIUM RESTAURANTE,2026,2,358.17,47,verificado
IMPERIUM RESTAURANTE,2026,3,632.36,84,verificado
IMPERIUM RESTAURANTE,2026,4,951.41,89,verificado
IMPERIUM RESTAURANTE,2026,5,1042.9,96,verificado
IMPERIUM RESTAURANTE,2026,6,60.2,6,verificado
IMPORAIRES,2026,2,2212.12,11,verificado
IMPORAIRES,2026,3,329.07,2,verificado
IMPORAIRES,2026,5,511.89,2,verificado
IMPORAIRES,2026,6,255.95,1,verificado
IMPORT. AGROECUADOR CIA.LTDA,2026,3,2303.73,1,verificado
IMPORT. ANDINA,2026,6,280.02,1,verificado
IMPORT. REGALADO S.A.,2026,3,1611.26,9,verificado
IMPORT. REGALADO S.A.,2026,4,3071.42,32,verificado
IMPORT. REGALADO S.A.,2026,5,2404.2,33,verificado
IMPORT. SAN VICENTE C.LTDA.,2026,6,280.02,1,verificado
IMPORT. SONIB,2026,3,329.07,2,verificado
IMPORTA MOTORS,2026,3,208.01,1,verificado
IMPORTACIONES SELECTAS,2026,4,6.58,2,verificado
IMPORTADORA ALASKA,2026,3,416.03,2,verificado
IMPORTADORA MAKA,2026,3,370.21,3,verificado
IMPORTADORA SUD OIL,2026,3,57.22,10,verificado
IMPORTADORA VEGA,2026,3,493.61,3,verificado
IMPORTADORA VEGA,2026,5,1279.73,5,verificado
IMPRESUM,2026,3,31.62,4,verificado
IMPRODECU S.A.,2026,3,685.63,1,verificado
IMPRODECU S.A.,2026,4,1481.5,3,verificado
IMPRODECU S.A.,2026,5,451.71,2,verificado
IMPTEK,2026,2,1678.51,118,verificado
IMPTEK,2026,3,1068.8,138,verificado
IMPTEK,2026,4,692.01,78,verificado
IMPTEK,2026,5,1116.33,84,verificado
INALECSA,2026,4,759.56,3,verificado
INARROMESA S.A.,2026,3,40.41,7,verificado
INARROMESA S.A.,2026,4,3231.96,165,verificado
INARROMESA S.A.,2026,5,4380.81,193,verificado
INARROMESA S.A.,2026,6,357.69,15,verificado
INCABLE SA..,2026,2,1905.57,8,verificado
INCABLE SA..,2026,3,589.09,4,verificado
INCAE,2026,3,624.04,3,verificado
INCAE,2026,4,496.04,2,verificado
INCARPALM,2026,3,2303.73,1,verificado
INCARPALM,2026,5,965.25,1,verificado
INCARPALM,2026,6,1364.22,1,verificado
IND. BANANERA ALAMOS S.A.,2026,1,1505.7,5,verificado
INDAVE,2026,1,2071.84,10,verificado
INDAVE,2026,2,6451.61,42,verificado
INDAVE,2026,3,1452.2,9,verificado
INDAVE,2026,4,925.24,8,verificado
INDEPENDIENTE DEL VALLE F.C.,2026,2,191.48,17,verificado
INDEPENDIENTE DEL VALLE F.C.,2026,3,160.38,28,verificado
INDIE STORES,2026,4,1809.9,8,verificado
INDOMABLE REST.,2026,3,5429.69,33,verificado
INDRIVER,2026,1,793.57,59,verificado
INDRIVER,2026,3,23448.41,295,verificado
INDRIVER,2026,4,26112.67,351,verificado
INDRIVER,2026,5,280.02,1,verificado
INDRIVER,2026,6,65.35,8,verificado
INDUALCA S.A.,2026,3,164.54,1,verificado
INDUAUTO,2026,3,574.73,73,verificado
INDUAUTO,2026,4,1611.7,111,verificado
INDUAUTO,2026,5,976.5,70,verificado
INDUCAMPO,2026,3,416.03,2,verificado
INDUCORP,2026,5,965.25,1,verificado
INDUMADERA,2026,4,1608.78,3,verificado
INDURAMA,2026,1,8.96,1,verificado
INDURAMA,2026,2,12130.77,46,verificado
INDURAMA,2026,3,12816.06,110,verificado
INDURAMA,2026,4,59999.69,1053,verificado
INDURAMA,2026,5,96957.65,2397,verificado
INDURAMA,2026,6,2564.89,119,verificado
INDUSUR,2026,4,71.7,1,verificado
INFEM,2026,1,369.5,74,verificado
INFEM,2026,2,503.81,84,verificado
INFEM,2026,3,2221.38,93,verificado
INFEM,2026,4,446.89,52,verificado
INFEM,2026,5,10.08,2,verificado
INFILTREX,2026,5,2213.86,9,verificado
INFINIX,2026,3,6499.31,46,verificado
INFINIX,2026,4,7440.68,23,verificado
INFINIX,2026,5,1279.73,5,verificado
INFRI CIA. LTDA.,2026,2,11100.77,35,verificado
INFRI CIA. LTDA.,2026,3,1872.13,9,verificado
INFRI CIA. LTDA.,2026,4,13640.9,44,verificado
INFRI CIA. LTDA.,2026,5,3080.21,11,verificado
INGCO,2026,2,18181.71,61,verificado
INGCO,2026,3,9568.66,46,verificado
INGCO,2026,4,10168.76,40,verificado
INGCO,2026,6,280.02,1,verificado
INGENIERIA SOLAR ECUADOR,2026,1,65.08,8,verificado
INGENIERIA SOLAR ECUADOR,2026,2,122.44,16,verificado
INGENIERIA SOLAR ECUADOR,2026,3,335.73,44,verificado
INKACOURIER,2026,3,416.03,2,verificado
INKARY,2026,1,24.59,2,verificado
INKARY,2026,3,1743.88,1,verificado
INKARY,2026,4,3106.92,29,verificado
INKARY,2026,5,9691.11,5,verificado
INKARY,2026,6,4741.77,30,verificado
INMOB. IEM C.A  (IEMCA),2026,3,430.2,1,verificado
INMOBILIARIA RODRIGUEZ TALBOT,2026,4,457.09,1,verificado
INMOVILA,2026,5,1007.01,2,verificado
INMUNO SHOT,2026,2,600.04,2,verificado
INMUNO SHOT,2026,3,832.06,4,verificado
INNAIFEST,2026,1,7.59,1,verificado
INNAIFEST,2026,2,37.94,5,verificado
INNAIFEST,2026,3,75.88,10,verificado
INNAIFEST,2026,4,101.95,12,verificado
INNAIFEST,2026,5,76.46,9,verificado
INNOVA,2026,5,7581.1,639,verificado
INNOVA,2026,6,876.85,76,verificado
INNOVA CENTRO CERAMICO,2026,5,280.02,1,verificado
INNOVA CENTRO CERAMICO,2026,6,280.02,1,verificado
INNOVA SCHOOLS,2026,2,14183.08,139,verificado
INNOVA SCHOOLS,2026,3,19008.49,95,verificado
INNOVA SCHOOLS,2026,4,13842.27,56,verificado
INNOVA SCHOOLS,2026,5,12086.42,39,verificado
INNOVAITECH SUMMIT & FEST,2026,1,958.32,166,verificado
INNOVAITECH SUMMIT & FEST,2026,5,15.4,1,verificado
INNOVUM,2026,3,2303.73,1,verificado
INOCAR,2026,1,377.35,50,verificado
INOCAR,2026,3,7.53,2,verificado
INOCAR,2026,4,20.57,4,verificado
INPROEL S.A,2026,2,201.1,1,verificado
INPROEL S.A,2026,4,496.04,2,verificado
INPROEL S.A,2026,5,2303.73,1,verificado
INPROSA,2026,3,208.01,1,verificado
INSA,2026,2,687.12,1,verificado
INSALUD,2026,2,900.06,3,verificado
INSEG CIA LTDA,2026,4,754.65,1,verificado
INSPIRARTE FESTIVAL,2026,2,471.14,40,verificado
INST. DE CERT. PRO. ECUATORIANO (ICEPRO),2026,2,858.03,44,verificado
INST. DE CERT. PRO. ECUATORIANO (ICEPRO),2026,3,410.73,43,verificado
INST. DE ESTUDIOS DE TELEVISION (ITV),2026,4,744.06,3,verificado
INST. DE LA TIROIDES Y ENFERMEDADES CABE,2026,1,32.05,2,verificado
INST. DE LA TIROIDES Y ENFERMEDADES CABE,2026,3,104.21,6,verificado
INST. DE LA TIROIDES Y ENFERMEDADES CABE,2026,5,57.71,2,verificado
INST. METROPOLITANO DE DISEÑO,2026,3,2173.41,246,verificado
INST. NAC.DE ESTADISTICA Y CENSOS (INEC),2026,1,83.48,11,verificado
INST. NAC.DE ESTADISTICA Y CENSOS (INEC),2026,2,4192.82,652,verificado
INST. NAC.DE ESTADISTICA Y CENSOS (INEC),2026,3,3547.28,253,verificado
INST. NAC.DE ESTADISTICA Y CENSOS (INEC),2026,4,6268.43,215,verificado
INST. PART. ABDON CALDERON (IPAC),2026,2,965.25,1,verificado
INST. SUPERIOR UNIVERSITARIO BOLIVARIANO,2026,4,933.08,1,verificado
INST. TECNOL. SAN ANTONIO,2026,1,5737.4,28,verificado
INST. TECNOL. SAN ANTONIO,2026,5,280.02,1,verificado
INST. UNIVERSITARIO MISAEL ACOSTA,2026,2,268.4,33,verificado
INST. UNIVERSITARIO RUMIÑAHUI,2026,2,195.53,33,verificado
INST.SUPERIOS UNIVERSITARIO DE FORMACION,2026,2,852.4,1,verificado
INSTAVET,2026,1,105.32,16,verificado
INSTAVET,2026,2,4318.79,20,verificado
INSTAVET,2026,3,745.1,4,verificado
INSTITUT ESTHEDERM,2026,2,21277.39,51,verificado
INSTITUT ESTHEDERM,2026,3,6402.49,20,verificado
INSTITUT ESTHEDERM,2026,4,12725.62,40,verificado
INSTITUT ESTHEDERM,2026,5,8804.43,20,verificado
INSTITUTO DE NEUROCIENCIAS DE JUNTA BENE,2026,4,1984.15,8,verificado
INSTITUTO DE NEUROCIENCIAS DE JUNTA BENE,2026,5,4200.29,15,verificado
INSTITUTO POLITECNICA DEL ECUADOR,2026,1,2849.17,214,verificado
INSTITUTO POLITECNICA DEL ECUADOR,2026,2,8851.75,304,verificado
INSTITUTO POLITECNICA DEL ECUADOR,2026,3,7824.87,566,verificado
INSTITUTO POLITECNICA DEL ECUADOR,2026,4,8821.83,516,verificado
INSTITUTO POLITECNICA DEL ECUADOR,2026,5,8355.63,488,verificado
INSTITUTO POLITECNICA DEL ECUADOR,2026,6,362.01,24,verificado
INT. FOOD SERVICES CORP.,2026,4,376.43,1,verificado
INT. FOOD SERVICES CORP.,2026,5,143.4,1,verificado
INTEGRACION AVICOLA ORO CIA. LTDA,2026,4,215.1,1,verificado
INTEGRAL SOLUTIONS S.A.,2026,2,107.55,1,verificado
INTEGRAL TRADE SOLUTIONS,2026,1,119.04,16,verificado
INTEGRAL TRADE SOLUTIONS,2026,2,29.76,4,verificado
INTEGRAL TRADE SOLUTIONS,2026,3,111.6,15,verificado
INTEGRAL TRADE SOLUTIONS,2026,4,123.2,11,verificado
INTEGRAL TRADE SOLUTIONS,2026,5,78.4,7,verificado
INTEGRAL TRADE SOLUTIONS,2026,6,22.4,2,verificado
INTERAGUA,2026,1,13430.04,125,verificado
INTERAGUA,2026,2,3154.47,1033,verificado
INTERAGUA,2026,3,3599.64,1311,verificado
INTERAGUA,2026,4,25034.83,1561,verificado
INTERAGUA,2026,5,35664.17,2193,verificado
INTERAGUA,2026,6,1276.66,177,verificado
INTERCIA S.A.,2026,2,4498.2,1,verificado
INTERDIN,2026,4,1097.01,1,verificado
INTERHOSPITAL S.A.,2026,3,2809.56,12,verificado
INTERHOSPITAL S.A.,2026,4,911.58,75,verificado
INTERIOR SPACE,2026,5,511.89,2,verificado
INTERLAB CIA.LTDA.,2026,1,1755.8,108,verificado
INTERLAB CIA.LTDA.,2026,2,9703.19,92,verificado
INTERLAB CIA.LTDA.,2026,3,17057.9,101,verificado
INTERLAB CIA.LTDA.,2026,4,16559.4,120,verificado
INTERLAB CIA.LTDA.,2026,5,15479.85,108,verificado
INTERLAB CIA.LTDA.,2026,6,88.25,7,verificado
INTERMODA,2026,2,201.1,1,verificado
INTERNATIONAL HAIR CLINIC,2026,2,2100.15,7,verificado
INTERNATIONAL HAIR CLINIC,2026,3,2808.19,15,verificado
INTERNATIONAL HAIR CLINIC,2026,4,744.06,3,verificado
INTERNATIONAL SCHOOL,2026,1,197.52,24,verificado
INTERNATIONAL SCHOOL,2026,2,238.67,29,verificado
INTERNATIONAL SCHOOL,2026,3,271.59,33,verificado
INTERNATIONAL SCHOOL,2026,4,153.84,17,verificado
INTERNATIONAL SERVICES CORP.TERVIRA S.A.,2026,4,301.14,1,verificado
INTEROC S.A.,2026,4,496.04,2,verificado
INTEROC S.A.,2026,5,1400.1,5,verificado
INTEROC S.A.,2026,6,560.04,2,verificado
INTEROCEANICA,2026,2,17513.78,3,verificado
INTEROCEANICA,2026,3,41.13,1,verificado
INTEROCEANICA,2026,4,1364.22,1,verificado
INTI EXPERIENCE,2026,1,73.76,6,verificado
INTI EXPERIENCE,2026,2,93.89,6,verificado
INTI EXPERIENCE,2026,4,583.1,24,verificado
INTI PLAY,2026,1,147.94,46,verificado
INTI PLAY,2026,2,183.5,49,verificado
INTI PLAY,2026,3,406.84,49,verificado
INTI PLAY,2026,4,661.01,45,verificado
INTI PLAY,2026,5,797.49,56,verificado
INTI TV,2026,2,2123.55,1,verificado
INTIMA (TOALLA FEMENINA),2026,2,1002.25,4,verificado
INTIMA (TOALLA FEMENINA),2026,3,1785.16,8,verificado
INVERNESS,2026,3,3750.2,15,verificado
INVERSANCARLOS,2026,4,1768.5,1,verificado
INVERSIONES METABAZ S.A.,2026,4,301.14,1,verificado
INVICTO,2026,3,1316.29,8,verificado
INVIMEDIC S.A.,2026,3,633.52,55,verificado
IO WELL,2026,2,201.1,1,verificado
IPONE,2026,3,1316.29,8,verificado
IPONE,2026,4,2815.4,12,verificado
IPONE,2026,5,11143.75,41,verificado
IRALTONE,2026,2,10101.75,29,verificado
IRALTONE,2026,3,208.01,1,verificado
IRALTONE,2026,4,7795.8,28,verificado
ISABEL,2026,4,72934.84,674,verificado
ISABEL,2026,5,47463.94,577,verificado
ISABEL,2026,6,6528.54,93,verificado
ISAKAYA SUSHI,2026,3,1040.07,5,verificado
ISDIN,2026,5,1791.62,7,verificado
ISERVICES,2026,1,1158.08,109,verificado
ISERVICES,2026,2,1035.28,96,verificado
ISERVICES,2026,3,729.48,67,verificado
ISERVICES,2026,4,579.59,50,verificado
ISERVICES,2026,5,335.99,29,verificado
ISHA & TINTO,2026,5,767.84,3,verificado
ISHOP,2026,2,201.1,1,verificado
ISLA MINT,2026,2,923.46,4,verificado
ISLA MINT,2026,3,663.69,3,verificado
ISLA MINT,2026,4,575.2,1,verificado
ISLA MINT,2026,5,1507.44,5,verificado
ISSUE,2026,4,2480.19,10,verificado
ISSUE,2026,5,280.02,1,verificado
ISUZU,2026,1,5.48,1,verificado
ISUZU,2026,2,16036.15,547,verificado
ISUZU,2026,3,18521.92,1017,verificado
ISUZU,2026,4,27854.29,1311,verificado
ISUZU,2026,5,19250.79,1310,verificado
ISUZU,2026,6,1694.94,72,verificado
ITALDELI,2026,2,600.04,2,verificado
ITALDELI,2026,3,208.01,1,verificado
ITALDELI,2026,4,496.04,2,verificado
ITALDESIGN,2026,2,47.5,4,verificado
ITALDESIGN,2026,3,31.2,5,verificado
ITALDESIGN,2026,4,86.86,7,verificado
ITALDESIGN,2026,5,5.25,1,verificado
ITALIAN DELI,2026,2,10503.96,32,verificado
ITALIAN DELI,2026,3,3536.22,14,verificado
ITALPISOS,2026,2,12320.39,42,verificado
ITALPISOS,2026,3,416.03,2,verificado
ITALPISOS,2026,5,8343.56,30,verificado
ITEC,2026,2,501.12,2,verificado
IWISH,2026,6,31.76,2,verificado
IZI,2026,3,4557.61,184,verificado
IZI,2026,4,11708.52,398,verificado
IZI,2026,5,8515.1,289,verificado
IZZI DESIGNS,2026,3,661.42,10,verificado
IZZI DESIGNS,2026,4,179.08,2,verificado
JAC MOTORS,2026,1,9218.88,60,verificado
JAC MOTORS,2026,2,54932.15,1297,verificado
JAC MOTORS,2026,3,35069.8,1626,verificado
JAC MOTORS,2026,4,53090.97,851,verificado
JAC MOTORS,2026,5,42308.27,1088,verificado
JAC MOTORS,2026,6,2379.43,43,verificado
JAE CAFE DESIGN,2026,1,31.48,3,verificado
JAE CAFE DESIGN,2026,2,312.17,28,verificado
JAMA CAMPAY RESORT & SPA,2026,3,6.44,1,verificado
JAMA CAMPAY RESORT & SPA,2026,5,965.25,1,verificado
JAND ENTERTAINMENT,2026,5,8.84,4,verificado
JAND ENTERTAINMENT,2026,6,4.42,2,verificado
JANSPORT,2026,4,3016.52,15,verificado
JARDINES DE LA ESPERANZA,2026,2,16540.24,60,verificado
JARDINES DE LA ESPERANZA,2026,3,14442.43,63,verificado
JARDINES DE LA ESPERANZA,2026,5,280.02,1,verificado
JARDINES DEL BUIJO,2026,2,201.1,1,verificado
JARDINES DEL BUIJO,2026,3,5274.08,28,verificado
JARDINES DEL BUIJO,2026,4,8096.53,31,verificado
JARDINES DEL BUIJO,2026,5,4163.39,14,verificado
JC RADIO LA BRUJA,2026,1,1375.47,174,verificado
JC RADIO LA BRUJA,2026,3,490.11,62,verificado
JCB,2026,5,511.89,2,verificado
JEAN J FOURIER PREUNIVERSITARIO,2026,1,345.0,40,verificado
JEEP,2026,2,663.69,3,verificado
JEEP,2026,3,2256.32,300,verificado
JEEP,2026,4,889.89,32,verificado
JEEP,2026,5,306.6,4,verificado
JERGENS,2026,3,442.46,2,verificado
JETOUR,2026,1,474.0,80,verificado
JETOUR,2026,2,4363.42,140,verificado
JETOUR,2026,3,3049.69,279,verificado
JETOUR,2026,4,22631.51,454,verificado
JETOUR,2026,5,29070.58,288,verificado
JETOUR,2026,6,1300.73,20,verificado
JETSMART,2026,2,9845.27,41,verificado
JETSMART,2026,3,12050.33,65,verificado
JETSMART,2026,4,14525.99,59,verificado
JETSMART,2026,5,11526.39,41,verificado
JETSMART,2026,6,791.91,3,verificado
JIM,2026,1,5478.4,24,verificado
JM LOAYZA,2026,2,535.77,1,verificado
JOHN FRIEDA,2026,3,624.04,3,verificado
JOHNNIE WALKER,2026,5,511.89,2,verificado
JOHNSON & JOHNSON DEL ECUADOR S.A.,2026,4,79.59,1,verificado
JOHNSONWAX DEL ECUADOR S.A.,2026,4,6889.51,131,verificado
JOHNSONWAX DEL ECUADOR S.A.,2026,5,12701.35,256,verificado
JOHNSONWAX DEL ECUADOR S.A.,2026,6,863.27,18,verificado
JOIE,2026,2,603.3,3,verificado
JOIE,2026,4,201.1,1,verificado
JOIN IN ENGLISH,2026,3,1040.07,5,verificado
JOIN IN ENGLISH,2026,5,1400.1,5,verificado
JOLLY,2026,2,12392.96,397,verificado
JOLLY,2026,3,15654.8,504,verificado
JOLLY,2026,4,287.6,1,verificado
JORGE ACAITURRI,2026,5,223.04,25,verificado
JORGE ACAITURRI,2026,6,58.09,5,verificado
JORGE BISCHOFF,2026,2,804.41,4,verificado
JOSE CELULARES,2026,2,277.31,26,verificado
JOSE CELULARES,2026,3,1113.35,95,verificado
JOSE CELULARES,2026,4,1046.24,79,verificado
JOSE CELULARES,2026,5,1131.66,85,verificado
JOSE CELULARES,2026,6,122.01,9,verificado
JOYERIA AYL,2026,5,511.89,2,verificado
JOYERIA OMEGA,2026,3,208.01,1,verificado
JUAN CARLOS MACHADO,2026,1,7.91,1,verificado
JUAN CARLOS MACHADO,2026,2,71.14,9,verificado
JUAN ELJURI,2026,1,2660.28,257,verificado
JUAN ELJURI,2026,2,15083.04,213,verificado
JUAN ELJURI,2026,3,8360.77,247,verificado
JUAN ELJURI,2026,4,8214.41,86,verificado
JUAN ELJURI,2026,5,6488.39,58,verificado
JUAN ELJURI,2026,6,511.89,2,verificado
JUAN MARCET CIA.LTDA.,2026,4,402.2,2,verificado
JUAN MARCET CIA.LTDA.,2026,5,1023.78,4,verificado
JUAN VALDEZ CAFE,2026,2,3207.84,13,verificado
JUAN VALDEZ CAFE,2026,3,5467.2,29,verificado
JUAN VALDEZ CAFE,2026,4,4162.78,20,verificado
JUAN VALDEZ CAFE,2026,5,6007.74,23,verificado
JUAN VALDEZ CAFE,2026,6,1096.0,4,verificado
JUCY,2026,2,650.32,3,verificado
JUGO VERDE DETOX,2026,1,66.48,4,verificado
JUGO VERDE DETOX,2026,2,35.83,2,verificado
JUGO VERDE DETOX,2026,3,56.51,2,verificado
JUGUETON,2026,2,25379.4,159,verificado
JUGUETON,2026,3,723.02,70,verificado
JUGUETON,2026,4,1979.66,119,verificado
JUGUETON,2026,5,17484.66,272,verificado
JUGUETON,2026,6,585.82,29,verificado
JULIO GUERRA ACCINI,2026,1,18.82,5,verificado
JULIO GUERRA ACCINI,2026,2,26.36,7,verificado
JULIO GUERRA ACCINI,2026,3,90.36,24,verificado
JULIO GUERRA ACCINI,2026,4,41.15,8,verificado
JULIO GUERRA ACCINI,2026,5,61.72,12,verificado
JUNGHEINRICH (MONTACARGAS),2026,2,4699.3,2,verificado
JUNTA DE BENEFICENCIA DE GUAYAQUIL,2026,1,26035.83,814,verificado
JUNTA DE BENEFICENCIA DE GUAYAQUIL,2026,2,27934.96,350,verificado
JUNTA DE BENEFICENCIA DE GUAYAQUIL,2026,3,18451.85,290,verificado
JUNTA DE BENEFICENCIA DE GUAYAQUIL,2026,4,8577.46,325,verificado
JUNTA DE BENEFICENCIA DE GUAYAQUIL,2026,5,10031.19,627,verificado
JUNTA DE BENEFICENCIA DE GUAYAQUIL,2026,6,1026.72,53,verificado
JURIS,2026,2,4622.07,22,verificado
JURIS,2026,3,3542.21,21,verificado
JURIS,2026,4,26154.28,325,verificado
JURIS,2026,5,17543.1,196,verificado
JURIS,2026,6,2115.6,3,verificado
JW MARRIOTT HOTEL,2026,1,235.03,33,verificado
JW MARRIOTT HOTEL,2026,2,201.45,34,verificado
JW MARRIOTT HOTEL,2026,3,653.03,42,verificado
JW MARRIOTT HOTEL,2026,4,378.0,36,verificado
JW MARRIOTT HOTEL,2026,5,1238.25,27,verificado
JW MARRIOTT HOTEL,2026,6,21.0,2,verificado
JY MUEBLES,2026,3,416.03,2,verificado
KAIROC,2026,5,166.48,38,verificado
KAIROC,2026,6,12.32,4,verificado
KALEL,2026,1,641.71,113,verificado
KALEL,2026,2,899.57,164,verificado
KALEL,2026,3,600.87,128,verificado
KALEL,2026,4,1030.76,150,verificado
KALEL,2026,5,749.95,117,verificado
KALEL,2026,6,58.21,11,verificado
KALIDO,2026,4,449.12,2,verificado
KALIPTO,2026,2,2417.24,11,verificado
KALIPTO,2026,3,15.18,2,verificado
KALOBA,2026,1,3255.05,168,verificado
KALOBA,2026,2,10100.05,575,verificado
KALOBA,2026,3,68.47,23,verificado
KALOBA,2026,4,1591.8,10,verificado
KALOBA,2026,5,1587.3,10,verificado
KALOBA,2026,6,575.88,4,verificado
KALOBA/ABRILAR,2026,1,64682.07,589,verificado
KALOBA/ABRILAR,2026,2,46021.57,395,verificado
KALOBA/ABRILAR,2026,3,32655.18,365,verificado
KALOBA/ABRILAR,2026,4,27128.86,324,verificado
KALOBA/ABRILAR,2026,5,26225.89,335,verificado
KALOS ESTETICA MEDICA,2026,1,430.94,48,verificado
KALOS ESTETICA MEDICA,2026,2,883.42,68,verificado
KALOS ESTETICA MEDICA,2026,3,1831.48,104,verificado
KALOS ESTETICA MEDICA,2026,4,813.75,85,verificado
KALOS ESTETICA MEDICA,2026,5,855.0,84,verificado
KANTARINA (AGUA),2026,2,19.39,36,verificado
KANTARINA (AGUA),2026,3,22.45,42,verificado
KANTARINA (AGUA),2026,4,18.21,35,verificado
KANTARINA (AGUA),2026,5,6.88,19,verificado
KANTATI,2026,1,202.8,37,verificado
KANTATI,2026,2,186.35,34,verificado
KANTATI,2026,3,186.35,34,verificado
KANTATI,2026,4,48.19,36,verificado
KANTATI,2026,5,46.85,35,verificado
KANTATI,2026,6,5.35,4,verificado
KAO SPORT CENTER,2026,1,423.94,56,verificado
KAO SPORT CENTER,2026,2,508.31,67,verificado
KAO SPORT CENTER,2026,3,1256.52,176,verificado
KAO SPORT CENTER,2026,4,2069.8,233,verificado
KAO SPORT CENTER,2026,5,2272.88,238,verificado
KAO SPORT CENTER,2026,6,165.33,20,verificado
KAORI CANDLES,2026,2,151.65,18,verificado
KAORI CANDLES,2026,3,113.0,20,verificado
KARCHER,2026,4,603.3,3,verificado
KARL LAGERFELD,2026,5,2543.22,4,verificado
KARL LAGERFELD,2026,6,280.02,1,verificado
KARRY,2026,6,280.02,1,verificado
KARTODROMO DE COTOPAXI,2026,1,15.8,2,verificado
KAY COSMETICS,2026,2,603.3,3,verificado
KE EVENTOS,2026,3,7.47,4,verificado
KEIF,2026,2,300.02,1,verificado
KEIF,2026,3,416.03,2,verificado
KENDA,2026,2,300.02,1,verificado
KENNET,2026,2,16201.12,51,verificado
KENNET,2026,3,4576.31,21,verificado
KENNET,2026,5,540.85,4,verificado
KENTUCKY FRIED CHICKEN,2026,1,60794.01,1463,verificado
KENTUCKY FRIED CHICKEN,2026,2,108656.99,1609,verificado
KENTUCKY FRIED CHICKEN,2026,3,89691.67,1633,verificado
KENTUCKY FRIED CHICKEN,2026,4,102756.59,853,verificado
KENTUCKY FRIED CHICKEN,2026,5,133629.25,1060,verificado
KENTUCKY FRIED CHICKEN,2026,6,8685.15,92,verificado
KERALUX,2026,4,402.2,2,verificado
KERAMICOS,2026,2,1158.3,1,verificado
KERASTASE,2026,4,287.6,1,verificado
KERASTASE,2026,5,1659.25,5,verificado
KERUBINES,2026,3,416.03,2,verificado
KERUBINES,2026,4,496.04,2,verificado
KEVO (PISOS Y CIELO RASOS),2026,2,85.14,5,verificado
KEYTON MOTOR,2026,2,2767.05,2,verificado
KG WINGS AND RIBS,2026,2,1709.36,10,verificado
KG WINGS AND RIBS,2026,3,1974.43,12,verificado
KG WINGS AND RIBS,2026,4,1608.79,6,verificado
KG WINGS AND RIBS,2026,5,1471.68,8,verificado
KIA,2026,1,80873.17,881,verificado
KIA,2026,2,146000.85,2760,verificado
KIA,2026,3,164899.63,3730,verificado
KIA,2026,4,143847.19,2708,verificado
KIA,2026,5,147444.61,1702,verificado
KIA,2026,6,5591.36,47,verificado
KINDER BUENO,2026,2,22726.82,398,verificado
KINDER BUENO,2026,3,7576.36,132,verificado
KINDER JOY,2026,3,2288.13,8,verificado
KINDER JOY,2026,4,36922.93,515,verificado
KINDER JOY,2026,5,1833.24,12,verificado
KING LONG,2026,3,624.03,2,verificado
KINGAS,2026,6,280.02,1,verificado
KINGSTON TECHNOLOGY,2026,2,1905.57,8,verificado
KINGSTON TECHNOLOGY,2026,3,2772.38,13,verificado
KINGSTON TECHNOLOGY,2026,5,3671.92,15,verificado
KINOE,2026,5,1680.12,6,verificado
KIOSKO 7,2026,2,4486.83,19,verificado
KIOSKO 7,2026,3,10291.29,231,verificado
KIOSKO 7,2026,4,11842.24,445,verificado
KIOSKO 7,2026,5,10880.05,494,verificado
KIOSKO 7,2026,6,647.5,47,verificado
KIPOS PET STYLISTS & SHOP,2026,2,34.94,2,verificado
KISSU,2026,3,329.07,2,verificado
KIT,2026,4,2151.77,10,verificado
KIT,2026,5,2959.84,11,verificado
KITTON HOME CENTER,2026,4,201.1,1,verificado
KIUT,2026,2,3514.38,16,verificado
KLDERO,2026,2,201.1,1,verificado
KLDERO,2026,3,1316.29,8,verificado
KLDERO,2026,4,2614.32,13,verificado
KLDERO,2026,5,2303.51,9,verificado
KLM ROYAL DUTCH AIRLINES,2026,3,658.14,4,verificado
KLOP TOOLS,2026,5,280.02,1,verificado
KLUANE DRILLING ECUADOR S.A.,2026,5,2303.73,1,verificado
KO ASIAN KITCHEN,2026,3,416.03,2,verificado
KO ASIAN KITCHEN,2026,4,1240.09,5,verificado
KOAJ,2026,2,201.1,1,verificado
KOAJ,2026,3,493.61,3,verificado
KOAJ,2026,4,402.2,2,verificado
KOBE SUSHI EXPRESS,2026,1,69.91,5,verificado
KOBE SUSHI EXPRESS,2026,2,900.06,3,verificado
KOBE SUSHI EXPRESS,2026,3,208.01,1,verificado
KOBE SUSHI EXPRESS,2026,4,1606.86,6,verificado
KOBE SUSHI EXPRESS,2026,5,3674.89,11,verificado
KOBE SUSHI EXPRESS,2026,6,560.04,2,verificado
KOCINACONK,2026,2,5.92,1,verificado
KOCINACONK,2026,3,41.48,7,verificado
KOCINACONK,2026,4,52.5,5,verificado
KOCINACONK,2026,5,105.0,10,verificado
KODELSA,2026,3,329.07,2,verificado
KOHLER,2026,2,6300.43,19,verificado
KOHLER,2026,3,5402.37,15,verificado
KOHLER,2026,4,744.06,3,verificado
KOHLER,2026,5,4827.8,20,verificado
KOHLER,2026,6,560.04,2,verificado
KOI SUSHI,2026,2,644.38,19,verificado
KOI SUSHI - SV,2026,1,877.07,54,verificado
KOI SUSHI - SV,2026,2,747.59,43,verificado
KOI SUSHI - SV,2026,5,1924.92,72,verificado
KOLOSH,2026,2,14602.1,46,verificado
KOLOSH,2026,3,12688.88,61,verificado
KOLOSH,2026,4,17113.23,62,verificado
KOLOSH,2026,5,18831.28,66,verificado
KOMBO,2026,3,208.01,1,verificado
KOMBO,2026,4,248.02,1,verificado
KOMBO,2026,5,2776.12,10,verificado
KOMBO,2026,6,535.96,2,verificado
KONAK,2026,2,1206.61,6,verificado
KONAK,2026,3,493.61,3,verificado
KONAK,2026,4,603.3,3,verificado
KONAK,2026,5,511.89,2,verificado
KONSTRUYO,2026,1,16.75,2,verificado
KORCHITECH,2026,1,51.16,6,verificado
KORGLUTIDE,2026,2,2614.31,12,verificado
KORGLUTIDE,2026,3,4035.82,24,verificado
KORGLUTIDE,2026,4,1005.51,5,verificado
KORGLUTIDE,2026,5,2815.4,11,verificado
KPICCI,2026,4,1005.51,5,verificado
KPICCI,2026,5,2590.18,10,verificado
KREDISEGUROS,2026,4,449.12,2,verificado
KREDISEGUROS,2026,5,4862.96,19,verificado
KREDISEGUROS,2026,6,255.95,1,verificado
KRISPIZ,2026,3,19.59,2,verificado
KRISPIZ,2026,4,13.24,2,verificado
KRISPIZ,2026,5,5.87,1,verificado
KRISPY KREME,2026,2,10802.95,45,verificado
KRISPY KREME,2026,3,2036.67,10,verificado
KRISPY KREME,2026,4,744.06,3,verificado
KRISPY KREME,2026,5,1680.12,6,verificado
KRUGER,2026,2,2109.35,111,verificado
KUALITY,2026,2,402.2,2,verificado
KUBIEC,2026,4,496.04,2,verificado
KUBOX,2026,4,201.1,1,verificado
KUDAI,2026,3,574.26,2,verificado
KUDERT,2026,5,280.02,1,verificado
KUFER Q FORTE,2026,1,27096.26,168,verificado
KUFER Q FORTE,2026,2,27903.96,271,verificado
KUFER Q FORTE,2026,3,37926.4,258,verificado
KUFER Q FORTE,2026,4,19768.84,165,verificado
KUFER Q FORTE,2026,5,4539.68,22,verificado
KULTAB,2026,3,97.89,26,verificado
KULTAB,2026,4,525.85,94,verificado
KULTAB,2026,5,1522.5,274,verificado
KULTAB,2026,6,82.63,15,verificado
KUNDAL DERMA,2026,4,1394.28,6,verificado
KUNDAL DERMA,2026,5,767.84,3,verificado
KUNTUR,2026,4,402.2,2,verificado
KUUL,2026,2,804.41,4,verificado
KUYA RAYMI,2026,3,269.09,24,verificado
KWIKSET,2026,3,2007.16,16,verificado
KWIKSET,2026,4,4349.73,29,verificado
KWIKSET,2026,5,2480.55,24,verificado
KWIKSET,2026,6,60.75,3,verificado
KYPROSS S.A.,2026,4,1768.5,1,verificado
KYWI,2026,4,965.25,1,verificado
KYWI,2026,5,1866.15,1,verificado
KYWI,2026,6,1866.15,1,verificado
L.D.U. DE QUITO,2026,1,1768.5,1,verificado
L.D.U. DE QUITO,2026,2,443.41,11,verificado
L.D.U. DE QUITO,2026,3,368.6,44,verificado
L.D.U. DE QUITO,2026,4,95.29,6,verificado
LA BALANDRA,2026,4,496.04,2,verificado
LA BANDA DEL CARAJU,2026,2,25.06,2,verificado
LA BODEGUITA (ALIMENTOS),2026,2,1800.13,6,verificado
LA BODEGUITA (ALIMENTOS),2026,3,416.03,2,verificado
LA CAMIONETA DEL ECUADOR,2026,2,76.08,9,verificado
LA CAMIONETA DEL ECUADOR,2026,3,1017.25,128,verificado
LA CAMIONETA DEL ECUADOR,2026,4,1075.67,110,verificado
LA CAMIONETA DEL ECUADOR,2026,5,770.0,75,verificado
LA CAMIONETA DEL ECUADOR,2026,6,20.16,2,verificado
LA CANASTA,2026,4,3368.41,12,verificado
LA CANASTA PANADERIA,2026,2,1800.13,6,verificado
LA CANASTA PANADERIA,2026,3,3865.32,19,verificado
LA CANASTA PANADERIA,2026,4,7795.82,29,verificado
LA CANASTA PANADERIA,2026,5,10533.32,36,verificado
LA CANCHITA DEL ASTILLERO,2026,3,71.94,4,verificado
LA CANCHITA DEL ASTILLERO,2026,4,496.73,24,verificado
LA CANCHITA DEL ASTILLERO,2026,5,42.15,2,verificado
LA CASA DE LA LUZ,2026,3,329.07,2,verificado
LA CASA DE LA LUZ,2026,4,201.1,1,verificado
LA CASA DE LA MILANESA,2026,1,221.34,28,verificado
LA CASA DE LA MILANESA,2026,2,481.27,59,verificado
LA CASA DE LA MILANESA,2026,3,589.62,74,verificado
LA CASA DE LA MILANESA,2026,4,260.91,17,verificado
LA CASA DEL BEBE,2026,5,255.95,1,verificado
LA CASA DEL CERDO,2026,4,33.45,2,verificado
LA CASA DEL ENCEBOLLADO,2026,3,164.54,1,verificado
LA CASA DEL ENCEBOLLADO,2026,5,255.95,1,verificado
LA CASA DEL MEDICO,2026,4,1488.11,6,verificado
LA CAZUELA DEL CHINO,2026,3,3.74,1,verificado
LA CENTRAL,2026,1,39.55,10,verificado
LA CENTRAL,2026,2,20.34,6,verificado
LA CENTRAL,2026,3,33.9,10,verificado
LA CENTRAL,2026,4,10.52,8,verificado
LA CENTRAL,2026,5,15.0,10,verificado
LA CENTRAL DELI SHOP,2026,1,71.1,9,verificado
LA CENTRAL DELI SHOP,2026,2,55.3,7,verificado
LA CENTRAL DELI SHOP,2026,3,15.8,2,verificado
LA CENTRAL DELI SHOP,2026,4,34.95,4,verificado
LA CHOZA,2026,2,3600.25,11,verificado
LA CHOZA,2026,3,2912.2,14,verificado
LA CHOZA,2026,4,6944.44,21,verificado
LA CHOZA,2026,5,2240.15,8,verificado
LA CHOZA,2026,6,280.02,1,verificado
LA COLMENA,2026,2,603.3,3,verificado
LA CONCHA DE LA LORA,2026,2,297.6,16,verificado
LA CONCHA DE LA LORA,2026,3,427.8,23,verificado
LA CONCHA DE LA LORA,2026,4,256.75,12,verificado
LA CONCHA DE LA LORA,2026,5,299.55,14,verificado
LA CUENCANA,2026,2,300.02,1,verificado
LA CUEVA JAZZ BAR,2026,4,201.1,1,verificado
LA ESCUELA DE LOS CHEFS,2026,1,131.65,20,verificado
LA ESPAÑOLA,2026,2,201.1,1,verificado
LA ESTACION PLAZA COMERCIAL,2026,2,804.41,4,verificado
LA ESTACION PLAZA COMERCIAL,2026,3,1958.23,11,verificado
LA ESTACION PLAZA COMERCIAL,2026,4,603.3,3,verificado
LA ESTACION PLAZA COMERCIAL,2026,5,13959.13,49,verificado
LA ESTACION PLAZA COMERCIAL,2026,6,815.98,3,verificado
LA EUROPEA,2026,2,5883.05,199,verificado
LA EUROPEA,2026,3,3029.72,115,verificado
LA EUROPEA,2026,4,6116.05,106,verificado
LA EUROPEA,2026,5,11077.65,95,verificado
LA EUROPEA,2026,6,107.75,12,verificado
LA FAVORITA,2026,1,28489.61,357,verificado
LA FAVORITA,2026,2,9170.34,75,verificado
LA FAVORITA,2026,3,30542.87,137,verificado
LA FAVORITA,2026,4,29874.29,93,verificado
LA FAVORITA,2026,5,13094.6,475,verificado
LA FAVORITA,2026,6,1249.46,117,verificado
LA FIESTA DE LA MUSICA,2026,6,184.0,1,verificado
LA FLORERIA,2026,1,935.78,90,verificado
LA FLORERIA,2026,2,523.89,50,verificado
LA FLORERIA,2026,3,807.28,77,verificado
LA FLORERIA,2026,4,867.64,71,verificado
LA FLORERIA,2026,5,870.79,70,verificado
LA FLORERIA,2026,6,58.8,5,verificado
LA GANGA,2026,1,3791.46,515,verificado
LA GANGA,2026,2,11278.4,804,verificado
LA GANGA,2026,3,9252.29,712,verificado
LA GANGA,2026,4,59902.18,1937,verificado
LA GANGA,2026,5,65063.9,1973,verificado
LA GANGA,2026,6,694.67,39,verificado
LA GRAN LIQUIDACION GUAYACA,2026,5,116.48,40,verificado
LA GRAN VITTORIA URB.,2026,3,4576.32,22,verificado
LA GRAN VITTORIA URB.,2026,4,18601.35,67,verificado
LA GRAN VITTORIA URB.,2026,5,24361.63,82,verificado
LA GRAN VITTORIA URB.,2026,6,280.02,1,verificado
LA GRANJA SUPERMERCADOS,2026,2,201.1,1,verificado
LA GRUTA PUEMBO,2026,3,25.68,4,verificado
LA GRUTA PUEMBO,2026,4,122.5,10,verificado
LA GRUTA PUEMBO,2026,5,122.5,9,verificado
LA GURIZADA,2026,3,493.61,3,verificado
LA GURIZADA,2026,4,603.3,3,verificado
LA HOLANDESA,2026,3,2111.8,2,verificado
LA HOLANDESA,2026,4,1206.58,3,verificado
LA HORA,2026,1,4534.86,36,verificado
LA HORA,2026,2,4043.83,33,verificado
LA HORA,2026,3,5411.43,44,verificado
LA HORA,2026,4,5421.07,42,verificado
LA HORA,2026,5,6163.28,49,verificado
LA HORA,2026,6,229.07,2,verificado
LA ITALIANA,2026,1,689.13,78,verificado
LA ITALIANA,2026,2,1214.1,71,verificado
LA ITALIANA,2026,3,5870.07,165,verificado
LA ITALIANA,2026,4,2013.21,7,verificado
LA ITALIANA,2026,5,9297.61,201,verificado
LA ITALIANA,2026,6,4197.66,123,verificado
LA JOYA URBANIZACION,2026,4,744.06,3,verificado
LA JOYA URBANIZACION,2026,5,1680.12,6,verificado
LA KUSQUEÑA,2026,3,1872.13,9,verificado
LA KUSQUEÑA,2026,4,1736.13,7,verificado
LA KUSQUEÑA,2026,5,280.02,1,verificado
LA MILENARIA,2026,1,33.24,2,verificado
LA MILENARIA,2026,2,293.57,3,verificado
LA MINA,2026,5,511.89,2,verificado
LA MULA CIEGA,2026,1,8.53,2,verificado
LA MULA CIEGA,2026,2,62.35,290,verificado
LA MULA CIEGA,2026,3,61.62,337,verificado
LA MULA CIEGA,2026,4,43.95,275,verificado
LA MULA CIEGA,2026,5,45.3,268,verificado
LA MULA CIEGA,2026,6,4.84,32,verificado
LA ORQUIDEA FLORERIA,2026,1,343.26,18,verificado
LA ORQUIDEA FLORERIA,2026,2,212.55,14,verificado
LA ORQUIDEA FLORERIA,2026,3,314.07,18,verificado
LA ORQUIDEA FLORERIA,2026,4,238.77,16,verificado
LA ORQUIDEA FLORERIA,2026,5,148.81,12,verificado
LA PARRILLA ASADOS AL CARBON,2026,2,300.02,1,verificado
LA PASTICCERIA 593,2026,1,170.52,37,verificado
LA PASTICCERIA 593,2026,2,132.15,31,verificado
LA PASTICCERIA 593,2026,3,166.26,37,verificado
LA PASTICCERIA 593,2026,4,277.2,36,verificado
LA PASTICCERIA 593,2026,5,261.8,34,verificado
LA PASTICCERIA 593,2026,6,30.8,4,verificado
LA PATA GORDA,2026,3,329.07,2,verificado
LA PEPA DE ORO,2026,4,248.02,1,verificado
LA PEPA NEGRA,2026,6,1837.31,1,verificado
LA PIAZZA LOS CEIBOS,2026,3,4988.92,25,verificado
LA PIAZZA LOS CEIBOS,2026,4,1501.55,7,verificado
LA POCION,2026,2,201.1,1,verificado
LA POCION,2026,3,2669.66,9,verificado
LA POCION,2026,4,9459.65,37,verificado
LA POCION,2026,5,535.96,2,verificado
LA POCION,2026,6,560.04,2,verificado
LA POSADA DE LOS AMIGOS,2026,2,18.69,5,verificado
LA PRENSA DE RIOBAMBA,2026,2,28.18,1,verificado
LA QUERENCIA,2026,5,965.25,1,verificado
LA QUILLA,2026,5,767.84,3,verificado
LA QUINTA (REST),2026,2,32.8,4,verificado
LA QUINTA BY WYNDHAM,2026,2,1149.69,114,verificado
LA QUINTA BY WYNDHAM,2026,3,1802.07,178,verificado
LA QUINTA DE MAURY,2026,2,5.01,1,verificado
LA RAIZ,2026,3,24.39,3,verificado
LA RAIZ,2026,4,34.31,4,verificado
LA RAIZ,2026,5,5.91,1,verificado
LA REFORMA,2026,3,852.4,1,verificado
LA REFORMA,2026,5,965.25,1,verificado
LA REINA DEL INYECTOR,2026,1,202.76,31,verificado
LA REINA DEL INYECTOR,2026,4,278.6,18,verificado
LA REINA DEL INYECTOR,2026,5,479.81,31,verificado
LA REINA DEL INYECTOR,2026,6,61.91,4,verificado
LA ROCHE-POSAY,2026,2,19060.71,89,verificado
LA ROCHE-POSAY,2026,3,17504.7,88,verificado
LA ROCHE-POSAY,2026,4,25388.87,104,verificado
LA ROCHE-POSAY,2026,5,37110.77,131,verificado
LA ROCHE-POSAY,2026,6,1175.59,3,verificado
LA ROTONDA SHOPPING CENTER,2026,2,119.5,1,verificado
LA SASTRERIA,2026,2,603.3,3,verificado
LA SASTRERIA,2026,3,164.54,1,verificado
LA SASTRERIA,2026,5,255.95,1,verificado
LA SELECTA,2026,3,729.66,171,verificado
LA SPIGA,2026,1,38.37,3,verificado
LA SPIGA,2026,4,603.3,3,verificado
LA TABERNA,2026,2,5630.83,27,verificado
LA TABERNA,2026,3,8391.32,48,verificado
LA TABERNA,2026,4,452.48,3,verificado
LA TABERNA,2026,5,566.41,3,verificado
LA TABLITA DEL TARTARO,2026,2,11941.31,428,verificado
LA TABLITA DEL TARTARO,2026,3,11212.58,579,verificado
LA TABLITA DEL TARTARO,2026,4,3369.6,104,verificado
LA TABLITA DEL TARTARO,2026,5,10911.88,39,verificado
LA TASCA DEL CENTRO,2026,3,208.01,1,verificado
LA TASCA DEL CENTRO,2026,5,511.89,2,verificado
LA TEJEDORA S.A.,2026,4,690.66,1,verificado
LA TIPICA GOURMET,2026,3,1040.07,5,verificado
LA TORTILLA MESON TIPICO,2026,2,402.2,2,verificado
LA TORTILLA MESON TIPICO,2026,3,1151.75,7,verificado
LA UNION COMPAÑIA NACIONAL DE SEGUROS,2026,2,143.4,1,verificado
LA UNION COMPAÑIA NACIONAL DE SEGUROS,2026,4,301.14,1,verificado
LA UNION COMPAÑIA NACIONAL DE SEGUROS,2026,5,143.4,1,verificado
LA VAQUITA,2026,1,22257.0,832,verificado
LA VAQUITA,2026,2,36920.43,1004,verificado
LA VAQUITA,2026,3,47925.44,986,verificado
LA VAQUITA,2026,4,77779.58,2199,verificado
LA VAQUITA,2026,5,49650.36,494,verificado
LA VAQUITA,2026,6,4574.47,36,verificado
LA VERDE (GRANOS),2026,2,21601.48,67,verificado
LA VERDE (GRANOS),2026,3,8736.56,37,verificado
LA VERDE (GRANOS),2026,4,5570.57,22,verificado
LA VERDE (GRANOS),2026,5,11760.79,40,verificado
LA VERDE (GRANOS),2026,6,560.04,2,verificado
LA VICTORIA,2026,5,1047.86,4,verificado
LA VID RESTAURANTE,2026,4,1809.9,7,verificado
LA VIENESA,2026,3,208.01,1,verificado
LAAR BOX,2026,1,372.0,40,verificado
LAAR BOX,2026,2,2999.47,54,verificado
LAAR BOX,2026,3,399.9,43,verificado
LAAR BOX,2026,4,470.72,44,verificado
LAAR BOX,2026,5,406.53,38,verificado
LAAR COURIER,2026,1,169.72,19,verificado
LAAR COURIER,2026,2,525.81,36,verificado
LAAR COURIER,2026,3,1262.04,47,verificado
LAAR COURIER,2026,4,1441.84,44,verificado
LAAR COURIER,2026,5,1718.66,44,verificado
LAAR COURIER,2026,6,280.02,1,verificado
LAAR SEGURIDAD,2026,2,24.91,2,verificado
LAAR SEGURIDAD,2026,5,13.56,2,verificado
LAB. ALCIVAR,2026,5,2303.51,9,verificado
LAB. CLINICO ALCIVAR S.A.,2026,5,125.47,1,verificado
LAB. CLINICO HCKA S.A.,2026,3,359.64,1,verificado
LAB. CLINICO SOLIDARIO,2026,1,401.82,2,verificado
LAB. CLINICO SOLIDARIO,2026,2,446.47,2,verificado
LAB. CLINICO SOLIDARIO,2026,3,223.24,1,verificado
LAB. CLINICO SOLIDARIO,2026,4,463.13,2,verificado
LAB. CLINICO SOLIDARIO,2026,5,267.88,1,verificado
LAB. INDUNIDAS,2026,2,1602.29,6,verificado
LAB. INDUNIDAS,2026,3,2114.24,10,verificado
LAB. LABMAC,2026,1,42.6,2,verificado
LAB. LABMAC,2026,2,2144.63,81,verificado
LAB. LABMAC,2026,3,5247.48,176,verificado
LAB. LABMAC,2026,4,6988.75,168,verificado
LAB. LABMAC,2026,5,6178.53,163,verificado
LAB. LUQUE,2026,2,31.3,2,verificado
LABORATORIO PARACELSO,2026,2,5710.17,20,verificado
LABORATORIO PARACELSO,2026,3,6569.46,27,verificado
LABORATORIO PARACELSO,2026,4,5530.18,23,verificado
LABORATORIO PARACELSO,2026,5,1839.77,7,verificado
LABORATORIOS ELEA,2026,5,46.2,6,verificado
LABORATORIOS ELEA,2026,6,7.7,1,verificado
LABORATORIOS LABMAC,2026,2,1638.92,156,verificado
LABORATORIOS LABMAC,2026,3,2146.8,185,verificado
LABORATORIOS LABMAC,2026,4,697.75,52,verificado
LABORATORIOS LABMAC,2026,5,846.09,61,verificado
LABORATORIOS LIRA,2026,5,280.02,1,verificado
LABORATORIOS ROCNARF,2026,2,300.02,1,verificado
LABORATORIOS ROCNARF,2026,3,3713.78,22,verificado
LABORATORIOS ROCNARF,2026,4,3016.5,13,verificado
LABORATORIOS ROCNARF,2026,5,1303.8,5,verificado
LACOSTA COUNTRY CLUB,2026,4,1052.42,5,verificado
LACOSTA COUNTRY CLUB,2026,6,1364.22,1,verificado
LACTOVIT,2026,5,1327.4,4,verificado
LADY SPEED STICK,2026,1,13495.85,539,verificado
LADY SPEED STICK,2026,2,16445.9,423,verificado
LADY SPEED STICK,2026,3,13570.43,468,verificado
LAGO DE CAPEIRA,2026,2,3900.28,13,verificado
LAGO DE CAPEIRA,2026,3,1862.75,10,verificado
LAGO DE CAPEIRA,2026,4,650.22,3,verificado
LAGUARDA,2026,2,1605.55,7,verificado
LAGUARDA,2026,3,2269.4,13,verificado
LAGUARDA,2026,4,201.1,1,verificado
LAGUNA MALL,2026,2,962.55,44,verificado
LAGUNA MALL,2026,3,254.03,26,verificado
LANCER,2026,2,402.2,2,verificado
LANCER,2026,3,208.01,1,verificado
LANCER,2026,4,4234.86,9,verificado
LANCER,2026,5,535.96,2,verificado
LAND ROVER,2026,2,801.14,3,verificado
LAND ROVER,2026,3,1940.33,11,verificado
LAND ROVER,2026,4,603.3,3,verificado
LAND ROVER,2026,5,1960.13,7,verificado
LANDA,2026,2,402.2,2,verificado
LANDA,2026,3,1775.8,10,verificado
LANDA,2026,4,1206.6,5,verificado
LANDA,2026,5,511.89,2,verificado
LANPAC CIA. LTDA.,2026,4,57.36,1,verificado
LAS COSTILLAS DEL DON,2026,3,9.34,2,verificado
LAS COSTILLAS DEL DON,2026,4,22.11,2,verificado
LAS FRAGANCIAS,2026,2,22039.59,82,verificado
LAS FRAGANCIAS,2026,3,23066.52,110,verificado
LAS FRAGANCIAS,2026,4,11445.84,51,verificado
LAS FRAGANCIAS,2026,5,9675.87,37,verificado
LAS MULATAS,2026,3,208.01,1,verificado
LAS SEMINARIO,2026,3,329.07,2,verificado
LASCANO SANCHEZ IMPORTACIONES,2026,2,201.1,1,verificado
LASCANO SANCHEZ IMPORTACIONES,2026,3,329.07,2,verificado
LASCANO SANCHEZ IMPORTACIONES,2026,5,255.95,1,verificado
LASER LUXE,2026,2,402.2,2,verificado
LATAM,2026,1,38.89,3,verificado
LATAM,2026,2,16456.17,76,verificado
LATAM,2026,3,24085.14,104,verificado
LATAM,2026,4,26599.67,87,verificado
LATAM,2026,5,34994.93,592,verificado
LATAM,2026,6,1711.5,48,verificado
LATINA SEGUROS,2026,2,10925.76,41,verificado
LATINA SEGUROS,2026,3,7692.26,42,verificado
LATINA SEGUROS,2026,4,16793.42,68,verificado
LATINA SEGUROS,2026,5,18102.4,64,verificado
LATITUD CERO,2026,2,2614.32,13,verificado
LATITUD CERO,2026,4,1300.44,6,verificado
LAURA,2026,1,20.09,4,verificado
LAURA,2026,2,27.38,2,verificado
LAURA,2026,4,402.2,2,verificado
LAVA,2026,2,201.1,1,verificado
LAVA,2026,3,675.51,37,verificado
LAVA,2026,4,7239.43,158,verificado
LAVA,2026,5,335.98,39,verificado
LAVA,2026,6,312.99,4,verificado
LAVA TODO,2026,1,15885.95,104,verificado
LAVA TODO,2026,2,23005.43,139,verificado
LAVA TODO,2026,3,50738.59,497,verificado
LAVA TODO,2026,4,7731.53,282,verificado
LAVA TODO,2026,6,708.15,59,verificado
LAVALLETTO,2026,2,1800.12,5,verificado
LAVALLETTO,2026,3,1872.13,9,verificado
LAVALLETTO,2026,4,744.06,3,verificado
LAVAZZA,2026,5,6910.52,27,verificado
LAVAZZA,2026,6,511.89,2,verificado
LAVCA,2026,3,4836.33,24,verificado
LAVUU,2026,5,511.89,2,verificado
LAZY MONI,2026,3,802.45,139,verificado
LAZY MONI,2026,4,3388.66,173,verificado
LC CARR TELEFONIA,2026,1,417.53,41,verificado
LC CARR TELEFONIA,2026,2,407.35,40,verificado
LC CARR TELEFONIA,2026,3,427.71,42,verificado
LC CARR TELEFONIA,2026,4,359.9,44,verificado
LC CARR TELEFONIA,2026,5,335.36,41,verificado
LC CARR TELEFONIA,2026,6,24.54,3,verificado
LE PARC HOTEL,2026,1,220.67,2,verificado
LE PARC HOTEL,2026,2,869.21,85,verificado
LE PARC HOTEL,2026,3,1950.34,129,verificado
LE PARC HOTEL,2026,4,1422.22,127,verificado
LE PARC HOTEL,2026,5,1553.32,125,verificado
LE PARC HOTEL,2026,6,108.0,12,verificado
LEDVANCE,2026,2,7802.86,34,verificado
LEDVANCE,2026,3,12315.04,63,verificado
LEDVANCE,2026,4,4826.37,14,verificado
LEDVANCE,2026,5,5727.71,20,verificado
LEE JEANS,2026,2,323.56,3,verificado
LEE JEANS,2026,3,329.07,2,verificado
LEE JEANS,2026,4,1099.34,5,verificado
LEE JEANS,2026,5,511.89,2,verificado
LEGNO,2026,2,3217.62,16,verificado
LEGNO,2026,4,744.06,3,verificado
LEMON FLU,2026,5,767.84,3,verificado
LEMON FLU,2026,6,280.02,1,verificado
LEON RODRIGUEZ,2026,3,208.01,1,verificado
LEON RODRIGUEZ,2026,4,1407.69,5,verificado
LEON RODRIGUEZ,2026,5,560.04,2,verificado
LEONISA,2026,2,300.02,1,verificado
LEOTEX,2026,1,25.06,2,verificado
LEOTEX,2026,2,651.56,52,verificado
LETERAGO DEL ECUADOR,2026,4,965.25,1,verificado
LETIAT4,2026,2,804.41,4,verificado
LETIAT4,2026,3,1732.32,10,verificado
LETIAT4,2026,4,402.2,2,verificado
LETIAT4,2026,5,1071.93,4,verificado
LETIXER,2026,2,1005.51,5,verificado
LETIXER,2026,3,832.06,4,verificado
LEVAPAN,2026,2,3300.2,8,verificado
LEVAPAN,2026,3,1456.1,7,verificado
LEVAPAN,2026,4,2480.19,10,verificado
LEVAPAN,2026,5,5455.94,20,verificado
LEVELX,2026,3,624.04,3,verificado
LEVITON,2026,4,1240.09,5,verificado
LEVITON,2026,6,280.02,1,verificado
LEXUS EDITORES,2026,3,416.03,2,verificado
LG,2026,2,6548.79,243,verificado
LG,2026,3,7759.2,557,verificado
LG,2026,4,20532.71,96,verificado
LG,2026,5,26865.65,601,verificado
LG,2026,6,1185.7,44,verificado
LIBERPESA,2026,4,342.21,1,verificado
LIBRERIA COQUITO,2026,5,560.04,2,verificado
LIBRERIA ESPAÑOLA,2026,2,134.38,17,verificado
LIBRERIA M&M,2026,6,280.02,1,verificado
LIBRERIA SAN PABLO,2026,2,2400.17,8,verificado
LIBRERIA SAN PABLO,2026,3,208.01,1,verificado
LIBRERIA SAN PABLO,2026,4,4526.35,19,verificado
LIBRERIA SAN PABLO,2026,5,4200.28,14,verificado
LIBRERIA URDESA,2026,2,201.1,1,verificado
LIBRERIA URDESA,2026,5,255.95,1,verificado
LIBRIMUNDI,2026,2,201.1,1,verificado
LICEO PANAMERICANO,2026,2,1229.89,118,verificado
LICEO PANAMERICANO,2026,3,17.92,3,verificado
LICEO PANAMERICANO,2026,4,2052.0,1,verificado
LICEO PANAMERICANO,2026,5,280.02,1,verificado
LICOR CRISTAL,2026,2,1302.27,5,verificado
LICOR CRISTAL,2026,3,165.0,2,verificado
LICOR CRISTAL,2026,4,496.04,2,verificado
LICOR CRISTAL,2026,5,3637.82,15,verificado
LIDER (DANEC),2026,2,1203.35,5,verificado
LIDERAZGO,2026,2,300.02,1,verificado
LIDERAZGO,2026,4,2232.17,9,verificado
LIDERAZGO,2026,5,1120.08,4,verificado
LIDERAZGO PROACTIVO,2026,5,417.51,9,verificado
LIFE,2026,4,359.64,1,verificado
LIFE,2026,5,263.52,1,verificado
LIFE & HOPE,2026,2,742.69,4,verificado
LIFE & HOPE,2026,4,689.45,4,verificado
LIFE COLLEGE INTERNACIONAL,2026,4,1883.19,114,verificado
LIFE COLLEGE INTERNACIONAL,2026,5,2698.76,160,verificado
LIFE FOODS,2026,3,1480.81,6,verificado
LIFE TOWN,2026,3,208.01,1,verificado
LIFE TRIP,2026,1,743.37,66,verificado
LIGA DEP. CANTONAL DE BALZAR,2026,4,376.43,1,verificado
LIGA DEP. PARROQUIAL RURAL PUEMBO,2026,2,143.4,1,verificado
LILI PINK,2026,3,1248.09,6,verificado
LINEAS AEREAS NACIONALES ECUADOR S.A,2026,3,143.4,1,verificado
LINIE DESIGN STUDIO,2026,2,201.1,1,verificado
LINIMENTO OLIMPICO,2026,1,532.23,65,verificado
LINIMENTO OLIMPICO,2026,2,144.56,18,verificado
LINIMENTO OLIMPICO,2026,5,80.64,8,verificado
LINIMENTO OLIMPICO,2026,6,31.36,3,verificado
LIPOFIT EXTREME,2026,2,201.1,1,verificado
LIRAMBIENT ALCOHOL MULTIUSOS,2026,5,767.84,3,verificado
LIRIOS EVENTOS,2026,3,256.66,10,verificado
LIRIOS EVENTOS,2026,4,69.83,2,verificado
LIRIS,2026,4,143.4,1,verificado
LISAP MILANO,2026,2,201.1,1,verificado
LISOLA VILLAGE,2026,2,201.1,1,verificado
LISOLA VILLAGE,2026,5,63.99,1,verificado
LISTA,2026,2,4711.21,19,verificado
LISTA,2026,3,1862.75,10,verificado
LISTA,2026,4,7802.6,26,verificado
LISTA,2026,5,3360.23,12,verificado
LISTO!,2026,4,2352.87,11,verificado
LISTO!,2026,5,4311.78,15,verificado
LITTLE ITALY,2026,2,603.3,3,verificado
LITTLEMIC,2026,2,804.41,4,verificado
LITTLEMIC,2026,3,987.22,6,verificado
LITTLEMIC,2026,4,402.2,2,verificado
LIU JO,2026,1,1716.32,14,verificado
LIU JO,2026,2,2000.5,16,verificado
LIU JO,2026,3,1570.33,13,verificado
LIU JO,2026,4,1989.75,20,verificado
LIU JO,2026,5,1190.48,12,verificado
LIU JO,2026,6,89.98,1,verificado
LIUGONG,2026,3,208.01,1,verificado
LIV,2026,2,7239.64,35,verificado
LIV,2026,3,6910.5,39,verificado
LIV,2026,4,3820.9,15,verificado
LIV,2026,5,11285.66,43,verificado
LIV,2026,6,511.89,2,verificado
LIVAN,2026,1,11375.93,1383,verificado
LIVAN,2026,2,10451.84,1113,verificado
LIVAN,2026,3,849.8,52,verificado
LIVE WELL,2026,3,416.03,2,verificado
LIVIN SEGUROS,2026,3,372.55,2,verificado
LIVIN SEGUROS,2026,5,280.02,1,verificado
LIVING NATURAL,2026,3,2356.36,13,verificado
LIVING NATURAL,2026,4,2198.67,8,verificado
LIZZE,2026,5,319.93,2,verificado
LLANTA SEGURA,2026,5,840.06,3,verificado
LLANTAS & LLANTAS EFRAIN JAYA,2026,2,75.26,4,verificado
LLANTAS 593,2026,2,7.67,1,verificado
LLANTAS247.COM,2026,1,602.18,64,verificado
LLANTAS247.COM,2026,2,4142.34,194,verificado
LLANTAS247.COM,2026,3,521.01,63,verificado
LLANTAS247.COM,2026,4,612.26,4,verificado
LLANTAS247.COM,2026,5,35.84,4,verificado
LLANTAS247.COM,2026,6,5.52,1,verificado
LO NUESTRO,2026,2,1203.33,4,verificado
LOBBS & C,2026,4,4424.22,19,verificado
LOCALIZA RENTA CAR,2026,2,4753.34,36,verificado
LOCALIZA RENTA CAR,2026,3,11455.85,74,verificado
LOCALIZA RENTA CAR,2026,4,11175.22,51,verificado
LOCALIZA RENTA CAR,2026,5,3817.69,33,verificado
LOCALIZA RENTA CAR,2026,6,280.02,1,verificado
LOCOS POR LA RISA,2026,1,1014.93,27,verificado
LOCOS POR LA RISA,2026,2,75.18,2,verificado
LOGISTIK,2026,5,7.7,1,verificado
LOGITECH,2026,2,804.41,4,verificado
LOGITECH,2026,3,2468.04,15,verificado
LOGOS ACADEMY DISCOVERY CAMPUS,2026,4,1488.11,6,verificado
LOGOS ACADEMY DISCOVERY CAMPUS,2026,5,1400.1,5,verificado
LOJAVENTURA,2026,1,142.29,18,verificado
LOMECAN V,2026,1,30739.35,757,verificado
LOMECAN V,2026,2,32597.14,789,verificado
LOMECAN V,2026,3,59268.82,1540,verificado
LOMECAN V,2026,4,39400.76,791,verificado
LOMECAN V,2026,5,53708.19,733,verificado
LOMECAN V,2026,6,4484.95,65,verificado
LONCHYS,2026,2,1407.71,7,verificado
LONCHYS,2026,3,8248.6,31,verificado
LONCHYS,2026,4,6355.33,10,verificado
LORENTI,2026,3,329.07,2,verificado
LORENTI,2026,4,603.3,3,verificado
LORI MARKET,2026,2,300.02,1,verificado
LOS 40 ECUADOR,2026,1,852.4,1,verificado
LOS 40 ECUADOR,2026,3,852.4,1,verificado
LOS 40 ECUADOR,2026,5,852.4,1,verificado
LOS ANDES,2026,2,28782.67,363,verificado
LOS ANDES,2026,3,21698.32,442,verificado
LOS ANDES,2026,4,12757.61,239,verificado
LOS ANDES,2026,5,11799.86,215,verificado
LOS ANDES,2026,6,1096.02,18,verificado
LOS ARBOLITOS,2026,6,23.33,1,verificado
LOS ARBOLITOS 2,2026,6,26.88,3,verificado
LOS CEVICHES DE LA RUMIÑAHUI,2026,2,1075.22,50,verificado
LOS CEVICHES DE LA RUMIÑAHUI,2026,3,2833.64,233,verificado
LOS CEVICHES DE LA RUMIÑAHUI,2026,4,4646.76,301,verificado
LOS CEVICHES DE LA RUMIÑAHUI,2026,5,5125.61,349,verificado
LOS CEVICHES DE LA RUMIÑAHUI,2026,6,254.33,16,verificado
LOS CHORIS,2026,4,1005.51,5,verificado
LOS COQUEIROS,2026,2,903.33,4,verificado
LOS COQUEIROS,2026,3,1456.1,7,verificado
LOS COQUEIROS,2026,4,3620.07,10,verificado
LOS COQUEIROS,2026,5,280.02,1,verificado
LOS COQUEIROS,2026,6,144.15,10,verificado
LOS PRADOS,2026,3,1249.66,108,verificado
LOS PRADOS,2026,5,1811.17,112,verificado
LOS SIMPSON,2026,1,49.04,2,verificado
LOS TIOS,2026,4,201.1,1,verificado
LOS TIOS,2026,5,1960.13,7,verificado
LOS TULIPANES,2026,2,23.71,3,verificado
LOS TULIPANES,2026,3,292.49,37,verificado
LOTERIA NACIONAL,2026,1,12825.65,110,verificado
LOTERIA NACIONAL,2026,2,527.46,111,verificado
LOTERIA NACIONAL,2026,3,4024.77,314,verificado
LOTERIA NACIONAL,2026,4,53359.72,1586,verificado
LOTERIA NACIONAL,2026,5,142450.02,3083,verificado
LOTERIA NACIONAL,2026,6,1557.87,24,verificado
LOTTO,2026,1,494.67,77,verificado
LOTTO,2026,2,2516.09,322,verificado
LOTTO,2026,3,11275.05,1263,verificado
LOTTO,2026,4,2079.37,166,verificado
LOTTO,2026,5,1240.86,25,verificado
LOVE,2026,4,2835.42,105,verificado
LOVE,2026,5,3436.73,94,verificado
LOVE CLOTHING,2026,4,248.02,1,verificado
LOVE CLOTHING,2026,5,280.02,1,verificado
LUBARE,2026,3,658.14,4,verificado
LUBARE,2026,4,201.1,1,verificado
LUBRICANTE UBX,2026,1,125.44,14,verificado
LUBRICANTE UBX,2026,2,746.36,72,verificado
LUBRICANTE UBX,2026,3,824.72,79,verificado
LUBRICANTE UBX,2026,4,62.72,6,verificado
LUBRICANTES CATERPILAR,2026,1,8.96,1,verificado
LUBRICANTES LM,2026,2,1032.56,2,verificado
LUBRICANTES LM JR,2026,2,627.1,2,verificado
LUBRISA S.A.,2026,3,286.8,2,verificado
LUCIA PIE HOUSE & GRILL,2026,2,300.02,1,verificado
LUMENIA IMPORT. & DISTRIB.,2026,2,804.41,4,verificado
LUMINANCE,2026,1,12301.47,86,verificado
LUMINANCE,2026,2,20358.42,150,verificado
LUMMIA,2026,2,1809.91,9,verificado
LUMMIA,2026,4,201.1,1,verificado
LUNA FLOWERS,2026,5,255.95,1,verificado
LUNA VET,2026,2,368.6,44,verificado
LUNA VET,2026,3,527.76,63,verificado
LUNA VET,2026,4,1032.28,65,verificado
LUNA VET,2026,5,968.76,61,verificado
LUNA VET,2026,6,95.29,6,verificado
LUNAE,2026,4,402.2,2,verificado
LUNDIN GOLD,2026,2,4203.39,9,verificado
LUNDIN GOLD,2026,3,20366.74,58,verificado
LUNDIN GOLD,2026,4,2019.85,6,verificado
LUNDIN GOLD,2026,5,18903.1,51,verificado
LUVIS LAGRIMAS NATURALES,2026,1,6988.63,28,verificado
LUVIS LAGRIMAS NATURALES,2026,2,32905.13,109,verificado
LUVIS LAGRIMAS NATURALES,2026,3,8023.34,39,verificado
LUVIS LAGRIMAS NATURALES,2026,4,7735.2,22,verificado
LUVIS LAGRIMAS NATURALES,2026,5,6328.8,18,verificado
LUX,2026,3,1076.62,11,verificado
LUXOR INMOBILIARIA,2026,2,600.04,2,verificado
LUXURY DREANS,2026,5,36.59,3,verificado
LUXUS OPTICAS,2026,4,248.02,1,verificado
LYNK & CO,2026,2,965.25,1,verificado
LYNK & CO,2026,4,8582.61,54,verificado
LYNK & CO,2026,5,3982.94,9,verificado
LYNK & CO,2026,6,1240.56,3,verificado
L` ISOLA,2026,2,201.1,1,verificado
L`BEL,2026,2,46218.21,507,verificado
L`BEL,2026,3,78019.83,909,verificado
L`BEL,2026,4,61810.68,751,verificado
L`BEL,2026,5,79376.74,952,verificado
L´OCCITANE,2026,5,1023.78,4,verificado
L´OREAL,2026,2,402.2,2,verificado
L´OREAL,2026,3,1522.18,7,verificado
L´OREAL,2026,4,14.4,1,verificado
L´OREAL,2026,5,255.95,1,verificado
M & M TROFEOS DEPORTIVOS,2026,1,49.44,10,verificado
M & M TROFEOS DEPORTIVOS,2026,2,25.43,6,verificado
M & M TROFEOS DEPORTIVOS,2026,3,42.38,10,verificado
M & M TROFEOS DEPORTIVOS,2026,4,13.15,8,verificado
M & M TROFEOS DEPORTIVOS,2026,5,18.75,10,verificado
M.A.C.,2026,3,519.83,59,verificado
M.A.C.,2026,4,1137.02,86,verificado
M.A.C.,2026,5,738.46,56,verificado
M.A.C.,2026,6,97.22,8,verificado
MABE,2026,2,29.16,2,verificado
MABE,2026,3,122.62,8,verificado
MABE,2026,4,35.95,4,verificado
MABE,2026,5,137.73,8,verificado
MAC ACCESS,2026,6,280.02,1,verificado
MAC BATERIAS,2026,1,450.58,51,verificado
MAC BATERIAS,2026,2,450.58,51,verificado
MAC SECURITY,2026,1,51.39,27,verificado
MAC SECURITY,2026,2,14.02,15,verificado
MAC SECURITY,2026,3,10.28,11,verificado
MAC SECURITY,2026,4,26.53,12,verificado
MAC SECURITY,2026,5,30.96,14,verificado
MAC SECURITY,2026,6,4.42,2,verificado
MACK,2026,2,1800.13,6,verificado
MACK,2026,3,416.03,2,verificado
MACK,2026,5,1120.08,4,verificado
MACROHIERRO,2026,1,518.49,36,verificado
MACROHIERRO,2026,2,676.92,47,verificado
MACROHIERRO,2026,3,907.36,63,verificado
MACROHIERRO,2026,4,1176.0,56,verificado
MACROHIERRO,2026,5,1092.0,52,verificado
MACROHIERRO,2026,6,147.0,7,verificado
MACWORLD,2026,2,402.2,2,verificado
MADILU,2026,3,329.07,2,verificado
MADILU,2026,5,1260.09,6,verificado
MAG AUTOS,2026,4,150.97,9,verificado
MAG AUTOS,2026,5,502.1,16,verificado
MAG AUTOS,2026,6,42.75,1,verificado
MAGGI,2026,1,11698.69,152,verificado
MAGGI,2026,2,99497.04,1104,verificado
MAGGI,2026,3,121606.6,1723,verificado
MAGGI,2026,4,82184.43,948,verificado
MAGGI,2026,5,188703.12,3138,verificado
MAGGI,2026,6,16246.83,280,verificado
MAGMA BY KG,2026,3,329.07,2,verificado
MAGMA BY KG,2026,4,1809.91,9,verificado
MAGMA BY KG,2026,5,1023.78,4,verificado
MAGNALAB,2026,2,603.3,3,verificado
MAGNOLIAS GARDEN,2026,3,64.64,2,verificado
MAGNUS,2026,2,5973.25,6,verificado
MAGNUS,2026,3,1327.39,2,verificado
MAICAO EXPORTADORA,2026,2,600.04,2,verificado
MAICAO EXPORTADORA,2026,3,1359.76,7,verificado
MAIN COURT,2026,4,50.28,1,verificado
MAIN WORD PRINT,2026,2,393.49,30,verificado
MAIN WORD PRINT,2026,3,1232.93,94,verificado
MAIN WORD PRINT,2026,4,1320.0,110,verificado
MAIN WORD PRINT,2026,5,1248.0,104,verificado
MAIN WORD PRINT,2026,6,108.0,9,verificado
MAIZABROSA,2026,2,9600.66,30,verificado
MAIZABROSA,2026,3,208.01,1,verificado
MAJONI,2026,2,2106.67,9,verificado
MAJONI,2026,3,416.03,2,verificado
MAKI SUSHI BAR,2026,1,17.77,3,verificado
MAKI SUSHI BAR,2026,2,23.7,4,verificado
MAKI SUSHI BAR,2026,3,5.92,1,verificado
MAKIA,2026,1,183.68,31,verificado
MAKIA,2026,2,396.98,67,verificado
MAKIA,2026,3,385.12,65,verificado
MAKRO INMOB.,2026,1,109.15,1,verificado
MALECON 2000/MALECON DEL SALADO,2026,1,119.22,16,verificado
MALECON 2000/MALECON DEL SALADO,2026,2,2.63,2,verificado
MALECON 2000/MALECON DEL SALADO,2026,3,6.59,5,verificado
MALECON 2000/MALECON DEL SALADO,2026,4,7.28,5,verificado
MALECON 2000/MALECON DEL SALADO,2026,5,10.2,7,verificado
MALECON DEL SALADO,2026,1,1.32,1,verificado
MALECON DEL SALADO,2026,2,3.95,3,verificado
MALECON DEL SALADO,2026,5,8.74,6,verificado
MALL DEL ALTO,2026,2,7005.91,23,verificado
MALL DEL ALTO,2026,3,4523.43,19,verificado
MALL DEL ALTO,2026,4,248.02,1,verificado
MALL DEL ALTO,2026,5,9172.42,269,verificado
MALL DEL ALTO,2026,6,429.48,36,verificado
MALL DEL NORTE,2026,1,898.19,115,verificado
MALL DEL NORTE,2026,3,1896.85,11,verificado
MALL DEL NORTE,2026,4,10896.47,417,verificado
MALL DEL NORTE,2026,5,18176.44,249,verificado
MALL DEL NORTE,2026,6,1991.09,4,verificado
MALL DEL PACIFICO,2026,3,416.03,2,verificado
MALL DEL PACIFICO,2026,4,248.02,1,verificado
MALL DEL PACIFICO,2026,5,630.04,3,verificado
MALL DEL RIO,2026,1,4479.79,551,verificado
MALL DEL RIO,2026,2,8824.03,480,verificado
MALL DEL RIO,2026,3,10063.49,480,verificado
MALL DEL RIO,2026,4,11114.25,391,verificado
MALL DEL RIO,2026,5,13418.5,407,verificado
MALL DEL RIO,2026,6,478.0,39,verificado
MALL DEL SOL,2026,2,1401.19,5,verificado
MALL DEL SOL,2026,3,3933.5,18,verificado
MALL DEL SOL,2026,4,8640.49,30,verificado
MALL DEL SOL,2026,5,23498.49,157,verificado
MALL DEL SOL,2026,6,602.5,27,verificado
MALL DEL SUR,2026,3,3195.51,3,verificado
MALL DEL SUR,2026,4,4695.28,93,verificado
MALL DEL SUR,2026,5,3123.14,39,verificado
MALL DEL SUR,2026,6,280.02,1,verificado
MALL EL FORTIN,2026,1,170.52,40,verificado
MALL EL FORTIN,2026,2,170.52,40,verificado
MALL EL FORTIN,2026,3,294.15,69,verificado
MALL EL FORTIN,2026,4,1348.47,165,verificado
MALL EL FORTIN,2026,5,3822.35,404,verificado
MALL EL FORTIN,2026,6,387.37,43,verificado
MALL EL JARDIN,2026,1,1820.62,269,verificado
MALL EL JARDIN,2026,2,3275.35,370,verificado
MALL EL JARDIN,2026,3,3531.77,441,verificado
MALL EL JARDIN,2026,4,5521.66,439,verificado
MALL EL JARDIN,2026,5,6900.89,654,verificado
MALL EL JARDIN,2026,6,840.96,49,verificado
MAMBO DOG,2026,3,164.54,1,verificado
MAMIT,2026,2,402.2,2,verificado
MAMIT,2026,5,511.89,2,verificado
MAMITAS S.O.S,2026,4,575.2,2,verificado
MANA (ORIENTAL),2026,2,4203.4,6,verificado
MANAVISION,2026,1,2995.33,28,verificado
MANAVISION,2026,2,1420.94,19,verificado
MANAVISION,2026,3,1993.9,24,verificado
MANAVISION,2026,4,1406.13,21,verificado
MANAVISION,2026,5,881.82,10,verificado
MANCASA,2026,2,402.2,2,verificado
MANCASA,2026,3,1480.82,9,verificado
MANG,2026,4,603.3,3,verificado
MANG,2026,5,255.95,1,verificado
MANGIARE,2026,3,329.07,2,verificado
MANGLERO TWO,2026,2,1407.71,7,verificado
MANGO (BOUTIQUE),2026,4,1480.4,1,verificado
MANGO (ROPA),2026,4,402.2,2,verificado
MANICHO,2026,2,1704.79,1,verificado
MANICHO,2026,5,4340.3,17,verificado
MANPOWER,2026,4,201.1,1,verificado
MANSION MAMUSKA,2026,3,148.12,25,verificado
MANSUERA,2026,2,300.02,1,verificado
MANSUERA,2026,3,416.03,2,verificado
MANSUERA,2026,5,560.04,2,verificado
MANSUERA,2026,6,280.02,1,verificado
MANTA HOSP. CENTER,2026,2,1002.25,4,verificado
MANTA HOSP. CENTER,2026,3,1204.61,6,verificado
MANTA HOSP. CENTER,2026,4,1146.26,5,verificado
MANTA HOSP. CENTER,2026,5,840.06,3,verificado
MANTA HOSP. CENTER,2026,6,280.02,1,verificado
MAPEC,2026,3,329.07,2,verificado
MAQUITEX CORP,2026,4,402.2,2,verificado
MAQUITEX CORP,2026,5,5886.74,22,verificado
MAR Y SAL,2026,3,152.16,18,verificado
MARA WOMEN,2026,2,201.1,1,verificado
MARA WOMEN,2026,5,255.95,1,verificado
MARATHON SPORT,2026,1,3306.8,356,verificado
MARATHON SPORT,2026,2,17443.74,548,verificado
MARATHON SPORT,2026,3,34601.77,1158,verificado
MARATHON SPORT,2026,4,36086.55,985,verificado
MARATHON SPORT,2026,5,46944.39,1333,verificado
MARATHON SPORT,2026,6,929.45,34,verificado
MARBOL PLAZA,2026,2,1809.91,9,verificado
MARBOL PLAZA,2026,3,6581.41,32,verificado
MARBOL PLAZA,2026,4,7038.53,32,verificado
MARBOL PLAZA,2026,5,7934.28,26,verificado
MARBOL PLAZA,2026,6,511.89,2,verificado
MARCELLO S,2026,2,603.3,3,verificado
MARCELLO S,2026,3,14185.05,73,verificado
MARCELLO S,2026,4,23933.85,88,verificado
MARCELLO S,2026,5,12303.11,46,verificado
MARCIMEX,2026,1,9079.87,605,verificado
MARCIMEX,2026,2,27053.28,795,verificado
MARCIMEX,2026,3,48525.74,1260,verificado
MARCIMEX,2026,4,73622.45,1462,verificado
MARCIMEX,2026,5,52073.54,952,verificado
MARCIMEX,2026,6,3176.55,64,verificado
MAREAUTO S.A.,2026,3,29.23,3,verificado
MAREAUTO S.A.,2026,5,86.17,4,verificado
MARENOSTUM RESTAURANT,2026,2,5.92,1,verificado
MARESA,2026,4,10993.93,314,verificado
MARESA CENTER,2026,2,256.19,2,verificado
MARESA CENTER,2026,3,329.07,2,verificado
MARESA CENTER,2026,4,5641.57,406,verificado
MARESA CENTER,2026,6,280.02,1,verificado
MARIA ELISA,2026,1,73.56,1,verificado
MARIA ELISA,2026,2,225.06,3,verificado
MARIA ELISA,2026,3,144.95,2,verificado
MARIA ELISA,2026,4,179.08,3,verificado
MARIA ELISA,2026,5,238.1,4,verificado
MARIA FERNANDA SALUD Y BELLEZA,2026,2,229.12,40,verificado
MARIA FERNANDA SALUD Y BELLEZA,2026,3,349.41,61,verificado
MARIA FERNANDA SALUD Y BELLEZA,2026,4,436.38,65,verificado
MARIA FERNANDA SALUD Y BELLEZA,2026,5,396.1,59,verificado
MARIA FERNANDA SALUD Y BELLEZA,2026,6,33.57,5,verificado
MARIA MENDOZA PELUQUERIA,2026,1,54.18,8,verificado
MARIA MENDOZA PELUQUERIA,2026,2,68.97,8,verificado
MARIA MENDOZA PELUQUERIA,2026,3,66.07,8,verificado
MARIA MENDOZA PELUQUERIA,2026,4,106.24,8,verificado
MARIA MENDOZA PELUQUERIA,2026,5,109.78,9,verificado
MARIACHI MENDEZ,2026,5,11.06,1,verificado
MARIACHI SOL DE MEXICO,2026,5,511.89,2,verificado
MARIMER,2026,2,15601.07,48,verificado
MARIMER,2026,3,1248.08,5,verificado
MARIMER,2026,4,496.04,2,verificado
MARIMER,2026,5,5296.28,18,verificado
MARINELA,2026,3,658.14,4,verificado
MARINELA,2026,4,201.1,1,verificado
MARINELA,2026,5,767.84,3,verificado
MARPESIA,2026,2,300.02,1,verificado
MARPESIA,2026,4,2292.52,10,verificado
MARQUESA DELI MARKET,2026,2,10256.15,48,verificado
MARQUESA DELI MARKET,2026,3,3784.33,23,verificado
MARQUESA DELI MARKET,2026,5,3327.29,13,verificado
MARRIOTT,2026,1,1992.31,234,verificado
MARRIOTT,2026,2,3160.85,289,verificado
MARRIOTT,2026,3,4907.17,106,verificado
MARRIOTT,2026,4,1760.13,123,verificado
MARRIOTT,2026,5,3451.05,254,verificado
MARRIOTT,2026,6,260.56,22,verificado
MARRIOTT BONVOY,2026,2,402.2,2,verificado
MARRIOTT BONVOY,2026,3,658.14,4,verificado
MARRIOTT BONVOY,2026,5,511.89,2,verificado
MARSEGUROS,2026,4,248.02,1,verificado
MARTACO,2026,2,201.1,1,verificado
MARTINIZING,2026,5,280.02,1,verificado
MARUCHAN,2026,6,13.69,2,verificado
MARYSAL,2026,3,7.44,1,verificado
MAS MUSIKA,2026,6,280.02,1,verificado
MASAMI SHUSHI,2026,2,201.1,1,verificado
MASCOTAS PETSHOP,2026,2,603.3,3,verificado
MASCOT´S SALUD,2026,5,282.24,8,verificado
MASCOT´S SALUD,2026,6,164.64,5,verificado
MASCULAN,2026,2,1203.35,5,verificado
MASHPI LODGE,2026,1,318.78,46,verificado
MASTER,2026,3,208.01,1,verificado
MASTER,2026,4,2929.28,10,verificado
MASTER,2026,5,8415.78,31,verificado
MASTER,2026,6,255.95,1,verificado
MASTER BET,2026,1,471.83,53,verificado
MASTER BET,2026,2,376.31,42,verificado
MASTER BET,2026,3,415.03,47,verificado
MASTER BET,2026,4,53.76,6,verificado
MASTER BET,2026,5,385.27,42,verificado
MASTER BET,2026,6,35.84,4,verificado
MASTER DRIVE,2026,2,201.1,1,verificado
MASTER MOTO,2026,4,205.45,2,verificado
MASTER MOTO,2026,5,560.04,2,verificado
MASTERCARD,2026,3,1729.87,10,verificado
MASTERCARD,2026,4,1181.09,2,verificado
MASTERCARD,2026,5,12600.79,30,verificado
MASTERCARD BANCO DE GUAYAQUIL,2026,2,1264.7,56,verificado
MASTERCARD BANCO DE GUAYAQUIL,2026,3,44358.96,1698,verificado
MASTERCARD BANCO DE GUAYAQUIL,2026,4,12830.93,416,verificado
MASTERCARD BANCO DE GUAYAQUIL,2026,5,15.01,2,verificado
MASTERCARD BANCO DEL AUSTRO,2026,4,7.7,1,verificado
MASTERCARD BCO. DEL PICHINCHA,2026,4,287.6,1,verificado
MASTERCARD BCO. DEL PICHINCHA,2026,5,45.03,8,verificado
MASTERCARD Y VISA-BANCO INTERNACIONAL,2026,2,3900.24,10,verificado
MASTERCLASS,2026,1,98.35,8,verificado
MASTERCLASS,2026,5,852.4,1,verificado
MASTERPAS,2026,4,1005.51,5,verificado
MASTERPAS,2026,5,2815.4,11,verificado
MATERNA,2026,2,5329.48,18,verificado
MATERNA,2026,3,7480.88,30,verificado
MATERNA,2026,4,5970.03,24,verificado
MATVIL,2026,3,832.06,4,verificado
MAUNA BIOCOSMETICOS,2026,2,1305.53,6,verificado
MAUNA BIOCOSMETICOS,2026,3,2486.8,13,verificado
MAUNA BIOCOSMETICOS,2026,4,806.06,4,verificado
MAVESA,2026,4,1342.22,236,verificado
MAVESA,2026,5,1501.49,23,verificado
MAVIJU (MATERIALES ELECTRICO),2026,3,164.54,1,verificado
MAX (DETERGENTE LIQUIDO),2026,1,835.36,123,verificado
MAX (DETERGENTE LIQUIDO),2026,2,356.64,62,verificado
MAX (DETERGENTE LIQUIDO),2026,3,237.13,41,verificado
MAXI PETS,2026,5,152.4,5,verificado
MAXI PLUS,2026,4,62.01,1,verificado
MAXILAR FACE,2026,1,426.87,54,verificado
MAXIPAN,2026,3,329.07,2,verificado
MAXIPAN,2026,4,2232.17,9,verificado
MAXIPAN,2026,5,280.02,1,verificado
MAXIVIS,2026,2,300.02,1,verificado
MAXIVIS,2026,3,9844.8,28,verificado
MAXIVIS,2026,4,8438.4,24,verificado
MAXIVIS,2026,5,6328.8,18,verificado
MAXXICOMP,2026,5,840.06,3,verificado
MAYAS,2026,2,603.3,3,verificado
MAYAS,2026,5,280.02,1,verificado
MAYBELLINE,2026,2,5024.67,13,verificado
MAYBELLINE,2026,3,11893.61,38,verificado
MAYEPSA,2026,5,4095.13,16,verificado
MAYRUS TV,2026,1,222.19,25,verificado
MAYRUS TV,2026,3,41.48,7,verificado
MAYRUS TV,2026,4,770.62,109,verificado
MAYRUS TV,2026,5,664.58,94,verificado
MAZDA,2026,1,219.1,34,verificado
MAZDA,2026,2,7059.1,215,verificado
MAZDA,2026,3,23947.23,561,verificado
MAZDA,2026,4,15344.4,483,verificado
MAZDA,2026,5,18355.19,328,verificado
MAZDA,2026,6,47.72,4,verificado
MAZZEL,2026,3,1040.07,5,verificado
MAZZEL,2026,4,5518.37,19,verificado
MAZZEL,2026,5,1327.87,5,verificado
MAZZINI TYRES,2026,5,560.04,2,verificado
MBJC CONSTRUCTORA,2026,2,62.65,5,verificado
MBJC CONSTRUCTORA,2026,3,952.28,76,verificado
MC CORMICK,2026,2,1525.61,7,verificado
MC CORMICK,2026,3,1261.1,8,verificado
MC CORMICK,2026,4,1100.07,21,verificado
MC CORMICK,2026,5,1330.56,13,verificado
MC DONALDS,2026,2,63582.54,710,verificado
MC DONALDS,2026,3,44222.16,402,verificado
MC DONALDS,2026,4,27590.57,353,verificado
MC DONALDS,2026,5,11907.81,41,verificado
MC DONALDS,2026,6,1915.18,3,verificado
MC IMPORTACIONES,2026,2,1608.81,8,verificado
MC IMPORTACIONES,2026,3,1490.2,8,verificado
MC IMPORTACIONES,2026,4,1005.49,3,verificado
MC IMPORTACIONES,2026,5,511.89,2,verificado
MEDACTIVA,2026,1,9.3,1,verificado
MEDACTIVA,2026,2,176.7,19,verificado
MEDACTIVA,2026,3,120.9,13,verificado
MEDACTIVA,2026,4,117.68,11,verificado
MEDACTIVA,2026,5,74.89,7,verificado
MEDECORPORATED S.A.,2026,3,591.52,1,verificado
MEDICAL PLAZA,2026,1,504.8,8,verificado
MEDICASP,2026,1,22593.62,699,verificado
MEDICASP,2026,2,21732.75,709,verificado
MEDICASP,2026,3,45381.93,1274,verificado
MEDICASP,2026,4,71759.22,1828,verificado
MEDICASP,2026,5,22931.87,613,verificado
MEDICASP,2026,6,2659.48,76,verificado
MEDICITY,2026,1,1698.52,75,verificado
MEDICITY,2026,2,17979.31,390,verificado
MEDICITY,2026,3,16028.59,580,verificado
MEDICITY,2026,4,19781.39,134,verificado
MEDICITY,2026,5,33694.55,647,verificado
MEDICITY,2026,6,2265.13,103,verificado
MEDIFARMA,2026,2,29.9,14,verificado
MEDIFARMA,2026,3,22.42,12,verificado
MEDIFARMA,2026,4,14.05,7,verificado
MEDIFOOT,2026,2,402.2,2,verificado
MEDILINK,2026,3,852.4,1,verificado
MEDILINK,2026,5,3674.06,48,verificado
MEDILINK,2026,6,280.02,1,verificado
MEDINA HOSPITAL,2026,4,603.3,3,verificado
MEDIPIEL,2026,2,201.1,1,verificado
MEDYSIS,2026,2,201.1,1,verificado
MEEL TECH STORE,2026,2,201.1,1,verificado
MEET IN QUITO,2026,2,12422.6,45,verificado
MEET IN QUITO,2026,3,3483.39,18,verificado
MEET IN QUITO,2026,4,4216.32,17,verificado
MEGA ACERO SOLIS,2026,2,300.02,1,verificado
MEGA ACUSTICA,2026,4,402.2,2,verificado
MEGA EXPO MAMA,2026,5,220.45,1,verificado
MEGA KYWI,2026,2,14747.3,2053,verificado
MEGA KYWI,2026,3,18247.11,2656,verificado
MEGA KYWI,2026,4,48801.77,2641,verificado
MEGA KYWI,2026,5,45891.79,2642,verificado
MEGA KYWI,2026,6,1972.63,199,verificado
MEGA LAVANDERIA,2026,1,37.37,5,verificado
MEGA LAVANDERIA,2026,2,14.95,2,verificado
MEGA LAVANDERIA,2026,3,14.95,2,verificado
MEGA MILIONS,2026,2,1635.42,70,verificado
MEGA MILIONS,2026,4,579.91,48,verificado
MEGA OPTICA,2026,3,14.31,1,verificado
MEGA SANTA MARIA,2026,4,359.64,1,verificado
MEGA TOURS,2026,1,58.16,7,verificado
MEGA TOURS,2026,2,25.36,3,verificado
MEGA TOURS,2026,3,50.72,6,verificado
MEGA TOURS,2026,4,324.79,33,verificado
MEGA TOURS,2026,5,277.76,28,verificado
MEGA TOURS,2026,6,29.12,3,verificado
MEGACACENTRO PICA,2026,3,50.33,3,verificado
MEGACACENTRO PICA,2026,4,52.16,3,verificado
MEGACISTIN,2026,3,10688.85,57,verificado
MEGACISTIN,2026,4,17468.56,57,verificado
MEGACISTIN,2026,5,41818.65,495,verificado
MEGACLEAN,2026,2,201.1,1,verificado
MEGADATOS S.A.,2026,4,44.29,4,verificado
MEGALABS,2026,1,16.32,5,verificado
MEGALABS,2026,2,35.89,11,verificado
MEGALABS,2026,3,740.41,6,verificado
MEGALABS,2026,4,1848.22,8,verificado
MEGALABS,2026,5,2375.73,9,verificado
MEGAMAXI,2026,1,653.09,41,verificado
MEGAMAXI,2026,2,8500.92,103,verificado
MEGAMAXI,2026,3,5900.47,130,verificado
MEGAMAXI,2026,4,5809.08,184,verificado
MEGAMAXI,2026,5,6200.23,83,verificado
MEGAMAXI,2026,6,561.56,11,verificado
MEGAMETALES S.A,2026,1,57.7,6,verificado
MEGAPROELEC,2026,3,416.03,2,verificado
MEGAPROELEC,2026,5,255.95,1,verificado
MEGASEX,2026,3,3.26,1,verificado
MEGATUL,2026,5,767.84,3,verificado
MEGUIARS,2026,2,600.04,2,verificado
MEGUIARS,2026,4,2815.37,5,verificado
MEGUIARS,2026,5,280.02,1,verificado
MELOPAPER,2026,5,243.48,28,verificado
MELOPAPER,2026,6,26.09,3,verificado
MELTIS,2026,2,402.2,2,verificado
MEMORIAL INTERNAC. OF ECUADOR S.A.,2026,5,849.52,2,verificado
MENDOEXPORT,2026,2,1673.1,1,verificado
MENESTRAS DEL NEGRO,2026,2,7346.22,26,verificado
MENESTRAS DEL NEGRO,2026,3,3757.09,19,verificado
MENESTRAS DEL NEGRO,2026,4,1634.96,7,verificado
MENESTRAS DEL NEGRO,2026,5,3032.06,11,verificado
MENESTRAS DEL NEGRO,2026,6,280.02,1,verificado
MENTICOL,2026,2,1302.27,5,verificado
MENTOL CHINO,2026,3,1754.91,9,verificado
MENTOL CHINO,2026,4,1642.3,7,verificado
MENTOL CHINO,2026,5,13568.26,288,verificado
MENTOL CHINO,2026,6,513.09,28,verificado
MERCADO DE IND.ESCENICAS Y MUSICALES,2026,1,27.41,4,verificado
MERCADO DE IND.ESCENICAS Y MUSICALES,2026,2,50.2,4,verificado
MERCADO LIBRE.COM,2026,1,2886.59,70,verificado
MERCADO LIBRE.COM,2026,2,9133.12,101,verificado
MERCADO LIBRE.COM,2026,3,3938.79,25,verificado
MERCADO LIBRE.COM,2026,4,19304.01,305,verificado
MERCADO LIBRE.COM,2026,5,10851.77,150,verificado
MERCADO LIBRE.COM,2026,6,1365.76,8,verificado
MERCAPITAL CASA DE VALORES S.A.,2026,2,201.1,1,verificado
MERCEDES BENZ,2026,2,3013.26,14,verificado
MERCEDES BENZ,2026,3,987.22,6,verificado
MERCEDES BENZ,2026,4,898.24,4,verificado
MERCEDES BENZ,2026,5,815.98,3,verificado
MERCEDES BENZ,2026,6,560.04,2,verificado
MERCO EMPRESAS Y LIDERES,2026,2,1178.95,1,verificado
MERCO EMPRESAS Y LIDERES,2026,3,1178.95,1,verificado
MESON ANDALUZ,2026,2,1005.51,5,verificado
MESON ANDALUZ,2026,3,1151.75,7,verificado
MESON ANDALUZ,2026,5,1023.78,4,verificado
METRO (DIARIO),2026,1,11362.43,18,verificado
METRO (DIARIO),2026,2,15846.12,17,verificado
METRO (DIARIO),2026,3,34284.64,38,verificado
METRO (DIARIO),2026,4,48002.61,47,verificado
METRO (DIARIO),2026,5,45283.5,45,verificado
METRO (DIARIO),2026,6,1262.81,2,verificado
METRO DE QUITO,2026,3,2790.31,410,verificado
METROPOLITAN TOURING,2026,2,9419.09,31,verificado
METROPOLITAN TOURING,2026,3,7087.81,34,verificado
METRORED CENTROS MEDICOS,2026,4,24558.99,921,verificado
METRORED CENTROS MEDICOS,2026,5,50776.92,748,verificado
METRORED CENTROS MEDICOS,2026,6,3603.41,113,verificado
METROVALORES,2026,1,650.84,101,verificado
METROVALORES,2026,2,1217.92,189,verificado
METROVALORES,2026,3,689.51,107,verificado
METROVALORES,2026,4,891.79,73,verificado
METROVALORES,2026,5,867.36,71,verificado
METROVALORES,2026,6,109.95,9,verificado
MG,2026,1,447.01,89,verificado
MG,2026,2,10615.58,743,verificado
MG,2026,3,12158.7,412,verificado
MG,2026,4,10073.54,368,verificado
MG,2026,5,11096.25,415,verificado
MG,2026,6,1443.71,42,verificado
MI CHANCE,2026,1,73.5,1,verificado
MI CHOLI CEVICHERIA,2026,2,130.2,7,verificado
MI CHOLI CEVICHERIA,2026,3,130.2,7,verificado
MI CHOLI CEVICHERIA,2026,4,42.79,2,verificado
MI COMISARIATO,2026,1,28449.93,558,verificado
MI COMISARIATO,2026,2,55372.52,723,verificado
MI COMISARIATO,2026,3,112646.34,1783,verificado
MI COMISARIATO,2026,4,151769.97,1723,verificado
MI COMISARIATO,2026,5,66972.54,1134,verificado
MI COMISARIATO,2026,6,3501.16,27,verificado
MI GENTE,2026,5,767.84,3,verificado
MI JUGUETERIA,2026,1,586.66,48,verificado
MI JUGUETERIA,2026,3,4256.68,342,verificado
MI JUGUETERIA,2026,4,19967.94,547,verificado
MI JUGUETERIA,2026,5,11187.49,341,verificado
MI JUGUETERIA,2026,6,1453.11,63,verificado
MIC,2026,2,4322.05,21,verificado
MIC,2026,3,7708.46,43,verificado
MIC,2026,4,603.3,3,verificado
MIC,2026,5,1023.78,4,verificado
MICASINO.COM,2026,1,36247.6,811,verificado
MICASINO.COM,2026,2,182810.42,11730,verificado
MICASINO.COM,2026,3,184391.23,12148,verificado
MICASINO.COM,2026,4,185062.39,11339,verificado
MICASINO.COM,2026,5,198722.63,12016,verificado
MICASINO.COM,2026,6,11566.29,768,verificado
MICHALON DENTAL,2026,3,1248.09,6,verificado
MICHALON DENTAL,2026,4,806.06,4,verificado
MICHALON DENTAL,2026,5,6151.56,23,verificado
MICROANALISIS S.A.,2026,2,107.55,1,verificado
MICROLIMPIA,2026,2,402.2,2,verificado
MICROLIMPIA,2026,4,697.14,3,verificado
MIDTOWN SAMBORONDON,2026,2,201.1,1,verificado
MIEL MATE,2026,2,201.1,1,verificado
MIGAJAS,2026,2,402.2,2,verificado
MIGUELOS BISTRO BAR,2026,3,416.03,2,verificado
MIGUELOS BISTRO BAR,2026,4,496.04,2,verificado
MIGUELOS BISTRO BAR,2026,5,280.02,1,verificado
MIGUELOS BISTRO BAR,2026,6,280.02,1,verificado
MIKE´S,2026,2,3916.59,18,verificado
MIKE´S,2026,3,14665.81,70,verificado
MIKE´S,2026,4,10416.97,48,verificado
MIKE´S,2026,5,255.95,1,verificado
MILANO (POSTRE),2026,2,12307.4,43,verificado
MILANO (POSTRE),2026,3,2288.16,11,verificado
MILANO (POSTRE),2026,4,2728.17,8,verificado
MILANO (POSTRE),2026,5,1120.08,4,verificado
MILESI,2026,1,251.07,40,verificado
MILESI,2026,2,230.99,36,verificado
MILESI,2026,3,266.14,42,verificado
MILESI,2026,4,293.42,39,verificado
MILESI,2026,5,308.5,41,verificado
MILESI,2026,6,30.16,4,verificado
MILI PERFUMES,2026,1,439.73,32,verificado
MILI PERFUMES,2026,2,520.79,37,verificado
MILI PERFUMES,2026,3,602.35,43,verificado
MILI PERFUMES,2026,4,980.26,60,verificado
MILI PERFUMES,2026,5,709.52,43,verificado
MILI PERFUMES,2026,6,44.35,3,verificado
MILWANKEE,2026,5,1120.08,4,verificado
MIMASKOT,2026,2,3514.38,16,verificado
MIMASKOT,2026,3,1611.26,9,verificado
MIMASKOT,2026,4,2755.07,13,verificado
MIMASKOT,2026,5,1279.73,5,verificado
MINI,2026,1,5278.54,6,verificado
MINI,2026,2,21149.59,30,verificado
MINI,2026,3,7138.47,27,verificado
MINI,2026,4,17805.62,15,verificado
MINI,2026,5,2143.86,8,verificado
MINI,2026,6,772.19,1,verificado
MINI (VEHICULO),2026,4,603.3,3,verificado
MINI BRANDS,2026,2,10500.71,32,verificado
MINI BRANDS,2026,3,6240.43,33,verificado
MINI BRANDS,2026,4,8928.68,36,verificado
MINI BRANDS,2026,5,3640.25,13,verificado
MINI QUITO 5K,2026,3,4838.28,69,verificado
MINI QUITO 5K,2026,4,3158.09,84,verificado
MINI QUITO 5K,2026,5,2161.95,27,verificado
MINISO,2026,2,300.02,1,verificado
MINISO,2026,3,1069.48,8,verificado
MINISO,2026,4,201.1,1,verificado
MINIST. DE INFRAESTRUCTURA Y TRANSPORTE,2026,2,19129.64,247,verificado
MINIST. DE INFRAESTRUCTURA Y TRANSPORTE,2026,3,29032.8,417,verificado
MINIST. DE INFRAESTRUCTURA Y TRANSPORTE,2026,4,24932.6,399,verificado
MINIST. DE INFRAESTRUCTURA Y TRANSPORTE,2026,5,18377.07,334,verificado
MINIST.DE TRANSP. Y OBRAS PUBLICAS,2026,1,21538.37,315,verificado
MINIST.DE TRANSP. Y OBRAS PUBLICAS,2026,2,189.36,6,verificado
MINISTERIO DE AGRICULTURA Y GANADERIA,2026,1,7113.57,823,verificado
MINISTERIO DE AGRICULTURA Y GANADERIA,2026,2,10458.31,1200,verificado
MINISTERIO DE AGRICULTURA Y GANADERIA,2026,3,49.38,6,verificado
MINISTERIO DE AMBIENTE Y ENERGIA,2026,3,1395.87,4,verificado
MINISTERIO DE AMBIENTE Y ENERGIA,2026,4,331.01,2,verificado
MINISTERIO DE DESARROLLO HUMANO,2026,5,767.84,3,verificado
MINISTERIO DE INFORMACION Y TURISMO,2026,2,16.95,2,verificado
MINISTERIO DE TRABAJO,2026,4,322.65,1,verificado
MINISTERIO DEL AMBIENTE,2026,1,908.07,3,verificado
MINISTERIO DEL AMBIENTE,2026,2,104.62,2,verificado
MINISTERIO DEL AMBIENTE,2026,3,986.77,2,verificado
MINOXIDIL FORTE,2026,1,21640.4,405,verificado
MINOXIDIL FORTE,2026,2,28678.06,539,verificado
MINOXIDIL FORTE,2026,3,28550.3,539,verificado
MINOXIDIL FORTE,2026,4,26869.14,546,verificado
MINOXIDIL FORTE,2026,5,27699.71,580,verificado
MINOXIDIL FORTE,2026,6,2150.58,43,verificado
MINUTO CORP,2026,1,25723.36,4,verificado
MINUTO CORP,2026,2,19364.27,27,verificado
MINUTO CORP,2026,3,1688.84,10,verificado
MINUTO CORP,2026,4,603.3,3,verificado
MINUTO CORP,2026,5,511.89,2,verificado
MINUTO CORP,2026,6,1866.15,1,verificado
MIRAFLORES,2026,2,11502.97,37,verificado
MIRAFLORES,2026,3,6096.69,176,verificado
MIRAFLORES,2026,4,9261.71,86,verificado
MIRAFLORES,2026,5,424.76,1,verificado
MIRHO,2026,3,624.04,3,verificado
MISHQUIS CAFE & REPOSTERIA,2026,3,1664.12,8,verificado
MISHQUIS CAFE & REPOSTERIA,2026,4,2540.54,11,verificado
MISHQUIS CAFE & REPOSTERIA,2026,5,2303.51,9,verificado
MISION EMPRENDE,2026,2,115.5,7,verificado
MISION EMPRENDE,2026,3,1771.76,152,verificado
MISION EMPRENDE,2026,4,12719.34,206,verificado
MISION EMPRENDE,2026,5,445.14,47,verificado
MISSKA,2026,4,496.04,2,verificado
MISSKA,2026,5,280.02,1,verificado
MISTY (JABON),2026,3,1716.12,9,verificado
MISTY (JABON),2026,4,1488.11,6,verificado
MISTY (JABON),2026,5,1680.12,6,verificado
MITSUBISHI,2026,2,3815.38,22,verificado
MITSUBISHI,2026,3,3553.53,91,verificado
MITSUBISHI,2026,4,2650.8,133,verificado
MITSUBISHI,2026,5,2636.58,40,verificado
MITSUBISHI,2026,6,47.25,3,verificado
MITSUBISHI ELECTRIC,2026,2,1384.41,1,verificado
MIXTWO,2026,2,1104.43,5,verificado
MK,2026,1,18373.86,396,verificado
MK,2026,2,22102.62,454,verificado
MK,2026,3,19556.5,453,verificado
MK,2026,4,18029.31,463,verificado
MK,2026,5,20845.43,513,verificado
MK,2026,6,1476.43,45,verificado
MLC SOLUTIONS,2026,1,3052.5,37,verificado
MLC SOLUTIONS,2026,2,1815.0,22,verificado
MLILY,2026,2,402.2,2,verificado
MM WINGS,2026,2,201.1,1,verificado
MM WINGS,2026,3,416.03,2,verificado
MOBIL,2026,4,1407.71,7,verificado
MOBIL,2026,5,560.4,4,verificado
MOBIL CAR,2026,5,105.28,10,verificado
MOBIL CAR,2026,6,17.92,2,verificado
MOBLART,2026,2,501.12,2,verificado
MOBLART,2026,3,329.07,2,verificado
MOBLART,2026,4,402.2,2,verificado
MODENA DESGINER HARDWARE,2026,4,603.3,3,verificado
MODENA DESGINER HARDWARE,2026,5,767.84,3,verificado
MODERNA,2026,2,1677.68,8,verificado
MODERNA,2026,3,2303.73,1,verificado
MODERNA,2026,4,6480.24,78,verificado
MODERNA,2026,5,6396.21,143,verificado
MODERNA  ALIMENTOS S.A.,2026,2,300.02,1,verificado
MODERNA  ALIMENTOS S.A.,2026,3,537.09,3,verificado
MODU STORE,2026,2,1407.71,7,verificado
MODU STORE,2026,3,329.07,2,verificado
MODU STORE,2026,4,603.3,3,verificado
MODUS VIVENDI C.A.,2026,3,151.1,1,verificado
MOGUL,2026,1,793.22,17,verificado
MOLINOS INGUEZA S.A,2026,5,174.68,1,verificado
MOMO DANCE ACADEMY,2026,1,362.7,39,verificado
MOMO DANCE ACADEMY,2026,2,381.3,41,verificado
MOMO DANCE ACADEMY,2026,3,390.6,42,verificado
MOMO DANCE ACADEMY,2026,4,385.13,36,verificado
MONDIAL,2026,3,43.21,3,verificado
MONDIAL,2026,4,126.0,6,verificado
MONDIAL,2026,5,63.0,3,verificado
MONDO VIAGGI,2026,2,11.63,2,verificado
MONGOS,2026,2,10855.48,18,verificado
MONGOS,2026,3,2704.19,13,verificado
MONGOS,2026,4,1240.09,5,verificado
MONGOS,2026,5,12320.81,40,verificado
MONGOS,2026,6,560.04,2,verificado
MONIN,2026,3,329.07,2,verificado
MONK FRUT,2026,3,3328.23,16,verificado
MONK FRUT,2026,4,248.02,1,verificado
MONK FRUT,2026,5,9240.63,33,verificado
MONO DEL RIO,2026,4,402.2,2,verificado
MONOVOX,2026,2,201.1,1,verificado
MONOVOX,2026,4,804.41,4,verificado
MONSTER,2026,4,5112.09,102,verificado
MONSTER ELECTRONICS,2026,4,496.04,2,verificado
MONSTER ELECTRONICS,2026,6,280.02,1,verificado
MONSTER ENERGY,2026,2,6033.04,30,verificado
MONSTER ENERGY,2026,3,6087.83,37,verificado
MONSTER ENERGY,2026,5,767.84,3,verificado
MONSTER ENERGY,2026,6,511.89,2,verificado
MONTANA GRILL,2026,2,2212.12,11,verificado
MONTANA GRILL,2026,3,2468.04,15,verificado
MONTANA GRILL,2026,4,2413.22,12,verificado
MONTANA GRILL,2026,5,3327.29,13,verificado
MONTAÑA GRILL,2026,3,164.54,1,verificado
MONTAÑA GRILL,2026,4,402.2,2,verificado
MONTAÑISOL S.A,2026,4,172.08,1,verificado
MONVERD,2026,2,603.3,3,verificado
MONVERD,2026,5,1863.84,7,verificado
MOON CHINA,2026,3,493.61,3,verificado
MORINGA,2026,1,143.79,54,verificado
MORINGA,2026,2,317.99,119,verificado
MORINGA,2026,3,142.16,54,verificado
MOROTTO,2026,4,201.1,1,verificado
MOSQ,2026,1,146.17,7,verificado
MOSQ,2026,2,208.82,10,verificado
MOSQ,2026,3,208.82,10,verificado
MOSQ,2026,4,288.73,9,verificado
MOSQ,2026,5,320.81,10,verificado
MOTO ACUSTIK,2026,2,804.41,4,verificado
MOTO ACUSTIK,2026,3,329.07,2,verificado
MOTO HERO,2026,2,1996.37,2,verificado
MOTO HERO,2026,4,6959.29,2,verificado
MOTO HERO,2026,5,28309.44,117,verificado
MOTO POWER,2026,1,1120.01,134,verificado
MOTO POWER,2026,2,9968.3,174,verificado
MOTO POWER,2026,3,10392.81,181,verificado
MOTO POWER,2026,4,3067.59,43,verificado
MOTO POWER,2026,5,7901.83,141,verificado
MOTO POWER,2026,6,280.02,1,verificado
MOTO ZONE,2026,4,3720.27,14,verificado
MOTOR UNO,2026,2,25977.3,100,verificado
MOTOR UNO,2026,3,27429.3,150,verificado
MOTOR UNO,2026,4,33710.77,127,verificado
MOTOR UNO,2026,5,33047.22,122,verificado
MOTOR UNO,2026,6,331.85,1,verificado
MOTORAUSTRO,2026,2,201.1,1,verificado
MOTORAUSTRO,2026,3,52.0,1,verificado
MOTORAUSTRO,2026,5,280.02,1,verificado
MOTOREX,2026,1,533.79,48,verificado
MOTOREX,2026,2,725.48,68,verificado
MOTOREX,2026,3,732.88,69,verificado
MOTOREX,2026,4,803.59,66,verificado
MOTOREX,2026,5,769.99,63,verificado
MOTOREX,2026,6,44.8,4,verificado
MOTOROLA,2026,2,19667.21,78,verificado
MOTOROLA,2026,3,21027.26,95,verificado
MOTOROLA,2026,4,4200.41,18,verificado
MOTOROLA,2026,5,17994.11,62,verificado
MOTOROLA,2026,6,1103.31,5,verificado
MOTRAC S.A.,2026,4,71.7,1,verificado
MOTUL,2026,5,840.06,3,verificado
MOUNJARO,2026,4,100.14,4,verificado
MOUNTAIN TOURS,2026,3,532.27,58,verificado
MOVE & SIGHT CONCERTS,2026,4,1824.41,2,verificado
MOVE & SIGHT CONCERTS,2026,5,1737.86,1,verificado
MOVIES,2026,2,2109.93,10,verificado
MOVIES,2026,3,3002.78,18,verificado
MOVIES,2026,4,402.2,2,verificado
MOVIL RENT A CAR,2026,5,76.16,8,verificado
MOVISTAR,2026,1,43618.33,291,verificado
MOVISTAR,2026,2,100150.05,1740,verificado
MOVISTAR,2026,3,32539.21,392,verificado
MOVISTAR,2026,4,191433.46,2643,verificado
MOVISTAR,2026,5,214564.93,3709,verificado
MOZIONI,2026,2,201.1,1,verificado
MOZIONI,2026,3,658.14,4,verificado
MOZIONI,2026,4,2815.42,14,verificado
MOZIONI,2026,5,1791.61,6,verificado
MP IMPORTADORA,2026,2,402.2,2,verificado
MP IMPORTADORA,2026,5,511.89,2,verificado
MR FISH,2026,1,2341.55,12,verificado
MR FISH,2026,2,1400.35,12,verificado
MR FISH,2026,3,7815.43,56,verificado
MR FISH,2026,4,586.98,6,verificado
MR PRODUCCIONES,2026,5,3485.63,315,verificado
MR PRODUCCIONES,2026,6,1044.78,88,verificado
MR. BURGER,2026,2,402.2,2,verificado
MR. BURGER,2026,3,329.07,2,verificado
MR. COOK,2026,1,2390.58,12,verificado
MR. COOK,2026,2,3063.27,20,verificado
MR. COOK,2026,3,2162.23,14,verificado
MR. COOK,2026,4,218.87,2,verificado
MR. COOK,2026,5,1120.08,4,verificado
MR. DOLAR,2026,2,801.14,3,verificado
MR. DOLAR,2026,4,992.08,4,verificado
MR. DOLAR,2026,5,840.06,3,verificado
MR. JOY,2026,2,3214.36,15,verificado
MR. JOY,2026,3,3290.72,19,verificado
MR. JOY,2026,4,603.3,3,verificado
MR. JOY,2026,5,6654.58,26,verificado
MR. JOY,2026,6,624.02,3,verificado
MR. MUSCULO,2026,3,6525.73,97,verificado
MR. MUSCULO,2026,4,22367.9,424,verificado
MR. PAVO,2026,1,6056.15,28,verificado
MR. PAVO,2026,2,41977.37,169,verificado
MR. PAVO,2026,3,19182.0,97,verificado
MR. PAVO,2026,4,1925.89,11,verificado
MR. PAVO,2026,5,7059.93,389,verificado
MR. PAVO,2026,6,651.01,10,verificado
MR. POLLO,2026,1,3935.27,20,verificado
MR. POLLO,2026,2,20241.34,85,verificado
MR. POLLO,2026,3,21769.98,128,verificado
MR. POLLO,2026,4,19429.29,81,verificado
MR. POLLO,2026,5,21850.29,195,verificado
MR. POLLO,2026,6,6902.0,144,verificado
MR. PRICE,2026,2,201.1,1,verificado
MR. PRICE,2026,5,280.02,1,verificado
MR.BOOKS,2026,4,201.1,1,verificado
MR.CHANCHO,2026,1,2549.96,12,verificado
MR.CHANCHO,2026,2,24597.34,102,verificado
MR.CHANCHO,2026,3,25680.13,247,verificado
MR.CHANCHO,2026,4,63697.44,1227,verificado
MR.CHANCHO,2026,5,32063.28,611,verificado
MR.CHANCHO,2026,6,4176.18,42,verificado
MSD,2026,2,1029.5,44,verificado
MSD,2026,3,301.42,41,verificado
MSD,2026,4,846.51,19,verificado
MSD,2026,5,651.18,42,verificado
MUEBLEKA,2026,6,147.84,4,verificado
MUEBLERIA EL PINO,2026,2,1953.4,9,verificado
MUEBLERIA PALITO,2026,1,840.94,118,verificado
MUEBLERIA PALITO,2026,2,111.6,16,verificado
MUEBLES NOVOA,2026,6,280.02,1,verificado
MUEBLES VERA VASQUEZ,2026,2,9779.82,24,verificado
MUEBLES VERA VASQUEZ,2026,3,3331.49,8,verificado
MUEBLES VERA VASQUEZ,2026,4,32.52,5,verificado
MUEBLES VERA VASQUEZ,2026,5,338.8,2,verificado
MUEBLES VERA VASQUEZ,2026,6,7.12,1,verificado
MULGATOL,2026,5,18399.96,534,verificado
MULGATOL,2026,6,3611.58,97,verificado
MULTI ARTICULOS,2026,5,280.02,1,verificado
MULTI PLAZA,2026,2,3600.25,11,verificado
MULTI PLAZA,2026,3,6552.45,33,verificado
MULTI PLAZA,2026,4,9424.62,30,verificado
MULTI PLAZA,2026,5,6720.46,24,verificado
MULTICINES,2026,1,12762.14,105,verificado
MULTICINES,2026,2,26528.93,175,verificado
MULTICINES,2026,3,19915.44,131,verificado
MULTICINES,2026,4,11569.9,285,verificado
MULTICINES,2026,5,10526.56,292,verificado
MULTICINES,2026,6,462.29,17,verificado
MULTIEVENTOS CUCHARITA RAP,2026,3,108.39,29,verificado
MULTIEVENTOS CUCHARITA RAP,2026,4,106.13,12,verificado
MULTIEVENTOS CUCHARITA RAP,2026,5,274.18,31,verificado
MULTIEVENTOS CUCHARITA RAP,2026,6,35.38,4,verificado
MULTIGERMINA,2026,1,19.5,2,verificado
MULTIJAIRO,2026,6,5.14,1,verificado
MULTITRAVEL.COM,2026,4,248.02,1,verificado
MUNCHKIN,2026,2,201.1,1,verificado
MUNDO CANGREJO,2026,2,402.2,2,verificado
MUNDO DINERS,2026,1,10261.13,69,verificado
MUNDO DINERS,2026,2,13921.42,102,verificado
MUNDO DINERS,2026,3,2500.45,27,verificado
MUNDO DINERS,2026,4,7643.47,72,verificado
MUNDO DINERS,2026,5,7014.55,61,verificado
MUNDO DINERS,2026,6,431.91,4,verificado
MUNDO VERDE,2026,5,30.8,4,verificado
MUNDOTIRES,2026,2,167.8,16,verificado
MUNDOTIRES,2026,3,74.6,7,verificado
MUNDOTIRES,2026,4,11.2,1,verificado
MUNERA,2026,2,2100.53,23,verificado
MUNERA,2026,3,6160.54,66,verificado
MUNERA,2026,5,12.5,2,verificado
MUNIC. DE MONTECRISTI,2026,3,639.98,24,verificado
MUNIC. DE MONTECRISTI,2026,4,847.29,38,verificado
MUNIC. DE MONTECRISTI,2026,5,499.79,30,verificado
MUNIC. DE PATATE,2026,4,272.16,1,verificado
MUNIC. DEL CANTON AGUARICO,2026,4,359.64,1,verificado
MUNIC. DEL CANTON DAULE,2026,1,6191.1,440,verificado
MUNIC. DEL CANTON DAULE,2026,2,6209.94,394,verificado
MUNIC. DEL CANTON DAULE,2026,3,1648.98,84,verificado
MUNIC. DEL CANTON DAULE,2026,4,110.45,13,verificado
MUNIC. DEL CANTON DAULE,2026,5,263.37,31,verificado
MUNIC. DEL CANTON MEJIA,2026,3,1404.41,16,verificado
MUNIC. DEL CANTON MEJIA,2026,4,1147.51,8,verificado
MUNIC. DEL CANTON RIOVERDE,2026,4,699.08,1,verificado
MUNICIPIO DE AMBATO,2026,1,2254.6,46,verificado
MUNICIPIO DE CATAMAYO,2026,5,280.02,1,verificado
MUNICIPIO DE CUENCA,2026,1,36.43,7,verificado
MUNICIPIO DE CUENCA,2026,2,2815.42,14,verificado
MUNICIPIO DE CUENCA,2026,3,391.33,1,verificado
MUNICIPIO DE CUENCA,2026,4,321.49,1,verificado
MUNICIPIO DE DURAN,2026,1,11.29,3,verificado
MUNICIPIO DE DURAN,2026,5,959.88,1,verificado
MUNICIPIO DE GUAYAQUIL,2026,1,3606.76,2,verificado
MUNICIPIO DE GUAYAQUIL - AMBIENTES,2026,2,91.2,8,verificado
MUNICIPIO DE GUAYAQUIL - AMBIENTES,2026,3,17.1,3,verificado
MUNICIPIO DE GUAYAQUIL - AMBIENTES,2026,4,1414.86,8,verificado
MUNICIPIO DE GUAYAQUIL - ARTE Y CULTURA,2026,4,1240.56,4,verificado
MUNICIPIO DE GUAYAQUIL - ARTE Y CULTURA,2026,5,13449.18,888,verificado
MUNICIPIO DE GUAYAQUIL - ARTE Y CULTURA,2026,6,621.67,43,verificado
MUNICIPIO DE GUAYAQUIL - ASEO,2026,3,5753.34,459,verificado
MUNICIPIO DE GUAYAQUIL - ASEO,2026,4,804.41,4,verificado
MUNICIPIO DE GUAYAQUIL - ASEO,2026,5,20.67,2,verificado
MUNICIPIO DE GUAYAQUIL - DEPORTES,2026,1,5144.47,1,verificado
MUNICIPIO DE GUAYAQUIL - DEPORTES,2026,2,9546.39,211,verificado
MUNICIPIO DE GUAYAQUIL - DEPORTES,2026,3,18568.48,1191,verificado
MUNICIPIO DE GUAYAQUIL - DEPORTES,2026,4,2834.6,3,verificado
MUNICIPIO DE GUAYAQUIL - DEPORTES,2026,5,1415.97,2,verificado
MUNICIPIO DE GUAYAQUIL - EDUCACION,2026,2,2700.17,6,verificado
MUNICIPIO DE GUAYAQUIL - EDUCACION,2026,4,8081.45,535,verificado
MUNICIPIO DE GUAYAQUIL - EDUCACION,2026,5,27680.04,2086,verificado
MUNICIPIO DE GUAYAQUIL - EDUCACION,2026,6,31.0,4,verificado
MUNICIPIO DE GUAYAQUIL - EMPLEO,2026,1,11.96,3,verificado
MUNICIPIO DE GUAYAQUIL - IMPUESTOS,2026,1,11199.47,804,verificado
MUNICIPIO DE GUAYAQUIL - IMPUESTOS,2026,2,4457.69,536,verificado
MUNICIPIO DE GUAYAQUIL - IMPUESTOS,2026,3,5700.75,483,verificado
MUNICIPIO DE GUAYAQUIL - IMPUESTOS,2026,4,14627.3,1044,verificado
MUNICIPIO DE GUAYAQUIL - IMPUESTOS,2026,5,556.64,75,verificado
MUNICIPIO DE GUAYAQUIL - INSTITUCIONAL,2026,1,11847.11,883,verificado
MUNICIPIO DE GUAYAQUIL - INSTITUCIONAL,2026,2,17670.57,1612,verificado
MUNICIPIO DE GUAYAQUIL - INSTITUCIONAL,2026,3,15974.26,1582,verificado
MUNICIPIO DE GUAYAQUIL - INSTITUCIONAL,2026,4,28224.82,2017,verificado
MUNICIPIO DE GUAYAQUIL - INSTITUCIONAL,2026,5,21159.07,1485,verificado
MUNICIPIO DE GUAYAQUIL - INSTITUCIONAL,2026,6,1120.98,81,verificado
MUNICIPIO DE GUAYAQUIL - OBRAS,2026,1,30139.47,3658,verificado
MUNICIPIO DE GUAYAQUIL - OBRAS,2026,2,29817.98,3359,verificado
MUNICIPIO DE GUAYAQUIL - OBRAS,2026,3,22718.79,2228,verificado
MUNICIPIO DE GUAYAQUIL - OBRAS,2026,4,18487.61,1105,verificado
MUNICIPIO DE GUAYAQUIL - OBRAS,2026,5,16602.78,944,verificado
MUNICIPIO DE GUAYAQUIL - OBRAS,2026,6,2217.59,135,verificado
MUNICIPIO DE GUAYAQUIL - SALUD,2026,2,4519.9,20,verificado
MUNICIPIO DE GUAYAQUIL - SALUD,2026,3,5549.82,562,verificado
MUNICIPIO DE GUAYAQUIL - SALUD,2026,4,16133.98,1004,verificado
MUNICIPIO DE GUAYAQUIL - SALUD,2026,5,22328.75,1325,verificado
MUNICIPIO DE GUAYAQUIL - SALUD,2026,6,1128.46,65,verificado
MUNICIPIO DE GUAYAQUIL - SEGURIDAD,2026,4,12447.71,207,verificado
MUNICIPIO DE GUAYAQUIL - SEGURIDAD,2026,5,26060.02,694,verificado
MUNICIPIO DE GUAYAQUIL - SEGURIDAD,2026,6,1151.94,33,verificado
MUNICIPIO DE GUAYAQUIL - TRANSPORTE,2026,1,9464.81,555,verificado
MUNICIPIO DE GUAYAQUIL - TRANSPORTE,2026,2,11418.01,1626,verificado
MUNICIPIO DE GUAYAQUIL - TRANSPORTE,2026,3,12328.44,1273,verificado
MUNICIPIO DE GUAYAQUIL - TRANSPORTE,2026,4,51.26,3,verificado
MUNICIPIO DE GUAYAQUIL - TURISMO,2026,1,2114.1,263,verificado
MUNICIPIO DE GUAYAQUIL - TURISMO,2026,2,496.22,2,verificado
MUNICIPIO DE GUAYAQUIL - TURISMO,2026,4,924.76,3,verificado
MUNICIPIO DE GUAYAQUIL - TURISMO,2026,6,1168.87,80,verificado
MUNICIPIO DE GUAYAQUIL - VIALIDAD,2026,1,46.46,12,verificado
MUNICIPIO DE GUAYAQUIL - VIALIDAD,2026,3,5188.13,536,verificado
MUNICIPIO DE GUAYAQUIL - VIALIDAD,2026,4,13493.1,986,verificado
MUNICIPIO DE GUAYAQUIL - VIALIDAD,2026,5,265.29,36,verificado
MUNICIPIO DE MACHALA,2026,1,1324.33,149,verificado
MUNICIPIO DE MACHALA,2026,2,394.04,38,verificado
MUNICIPIO DE MACHALA,2026,4,123.95,1,verificado
MUNICIPIO DE MACHALA,2026,5,495.79,1,verificado
MUNICIPIO DE MANTA,2026,1,1668.85,106,verificado
MUNICIPIO DE MANTA,2026,2,1580.54,106,verificado
MUNICIPIO DE MANTA,2026,3,1334.65,104,verificado
MUNICIPIO DE MANTA,2026,4,513.03,106,verificado
MUNICIPIO DE MANTA,2026,5,580.07,106,verificado
MUNICIPIO DE MANTA,2026,6,24.57,6,verificado
MUNICIPIO DE NOBOL,2026,2,86.42,6,verificado
MUNICIPIO DE PASAJE,2026,1,247.89,1,verificado
MUNICIPIO DE PORTOVIEJO,2026,1,4647.13,144,verificado
MUNICIPIO DE PORTOVIEJO,2026,2,5060.91,166,verificado
MUNICIPIO DE PORTOVIEJO,2026,3,1999.91,147,verificado
MUNICIPIO DE PORTOVIEJO,2026,4,1342.17,154,verificado
MUNICIPIO DE PORTOVIEJO,2026,5,1837.99,137,verificado
MUNICIPIO DE PORTOVIEJO,2026,6,64.8,14,verificado
MUNICIPIO DE RIOBAMBA,2026,2,1371.26,1,verificado
MUNICIPIO DE RIOBAMBA,2026,3,1097.01,1,verificado
MUNICIPIO DE SALINAS,2026,2,149.84,1,verificado
MUNICIPIO DE SALINAS,2026,3,1431.28,12,verificado
MUNICIPIO DE SALINAS,2026,4,4517.17,15,verificado
MUNICIPIO DE SALINAS,2026,5,4885.63,18,verificado
MUNICIPIO DE SAMBORONDON,2026,1,23889.55,1740,verificado
MUNICIPIO DE SAMBORONDON,2026,2,11087.24,1599,verificado
MUNICIPIO DE SAMBORONDON,2026,3,8749.01,1365,verificado
MUNICIPIO DE SAMBORONDON,2026,4,12828.88,1329,verificado
MUNICIPIO DE SAMBORONDON,2026,5,10098.27,1117,verificado
MUNICIPIO DE SAMBORONDON,2026,6,970.29,96,verificado
MUNICIPIO DE SAN JACINTO DE YAGUACHI,2026,3,3177.19,163,verificado
MUNICIPIO DE SAN JACINTO DE YAGUACHI,2026,4,2175.42,221,verificado
MUNICIPIO DE SAN JACINTO DE YAGUACHI,2026,5,1371.26,2,verificado
MUNICIPIO DE SANTA ELENA,2026,2,249.73,2,verificado
MUNICIPIO DE SANTA ELENA,2026,5,643.36,2,verificado
MUNICIPIO DE SANTO DOMINGO,2026,1,163.59,13,verificado
MUNICIPIO DE SANTO DOMINGO,2026,3,78.89,5,verificado
MUNICIPIO DE SANTO DOMINGO,2026,4,65.2,5,verificado
MUNICIPIO DE SANTO DOMINGO,2026,5,34.78,2,verificado
MUNICIPIO DEL CANTON DE CHONE,2026,1,1070.23,84,verificado
MUNICIPIO DEL CANTON DE CHONE,2026,4,5.44,2,verificado
MUNICIPIO DEL CANTON MONTALVO,2026,2,113.26,9,verificado
MUNICIPIO DEL CANTON MONTALVO,2026,3,17.67,1,verificado
MURU GOURMET COSMETICOS,2026,5,560.04,2,verificado
MUSHUCRUNA SPORTING CLUB,2026,5,560.04,2,verificado
MUTUALISTA AMBATO,2026,2,501.12,2,verificado
MUTUALISTA AMBATO,2026,4,992.08,4,verificado
MUTUALISTA PICHINCHA,2026,1,1431.65,227,verificado
MUTUALISTA PICHINCHA,2026,2,14353.03,303,verificado
MUTUALISTA PICHINCHA,2026,3,11386.19,228,verificado
MUTUALISTA PICHINCHA,2026,4,21377.06,47,verificado
MUTUALISTA PICHINCHA,2026,5,3159.4,13,verificado
MUTUALISTA PICHINCHA,2026,6,560.04,2,verificado
MYWATCH,2026,2,201.1,1,verificado
NACHOS WINGS,2026,4,21.0,1,verificado
NACION TEXTIL,2026,2,201.1,1,verificado
NACION TEXTIL,2026,4,201.1,1,verificado
NAFNAF,2026,3,1456.1,7,verificado
NAFNAF,2026,4,9853.77,41,verificado
NAFNAF,2026,5,18222.77,64,verificado
NAFNAF,2026,6,535.96,2,verificado
NAN (LECHE EN POLVO),2026,2,2069.87,8,verificado
NAN (LECHE EN POLVO),2026,3,2991.5,13,verificado
NAN (LECHE EN POLVO),2026,4,4324.55,13,verificado
NAN (LECHE EN POLVO),2026,5,127.97,2,verificado
NAPHACEL OFTENO,2026,2,600.04,2,verificado
NAPHACEL OFTENO,2026,3,4368.3,21,verificado
NAPHACEL OFTENO,2026,4,2480.19,10,verificado
NAPHACEL OFTENO,2026,5,6127.47,21,verificado
NAPHACEL OFTENO,2026,6,1071.93,4,verificado
NAPOLEON LIBRERIA,2026,5,511.89,2,verificado
NAPPIS,2026,2,13289.02,32,verificado
NAPPIS,2026,3,15674.06,63,verificado
NAPPIS,2026,4,1240.09,5,verificado
NAPPIS,2026,5,2520.17,9,verificado
NARCISA CLUB,2026,2,442.46,2,verificado
NARCISA CLUB,2026,3,2745.97,16,verificado
NARCISA CLUB,2026,5,255.95,1,verificado
NATLUK S.A,2026,3,359.64,1,verificado
NATSUMI SUSHI LUNCH,2026,3,164.54,1,verificado
NATUCAM S.A.,2026,2,201.1,1,verificado
NATUCAM S.A.,2026,4,2976.2,10,verificado
NATUCAM S.A.,2026,5,560.04,2,verificado
NATUR PHARMA,2026,2,1503.37,6,verificado
NATURA (COSMETICOS),2026,2,804.41,4,verificado
NATURA (COSMETICOS),2026,3,5256.68,28,verificado
NATURA (COSMETICOS),2026,4,1494.06,10,verificado
NATURA (COSMETICOS),2026,5,5005.98,16,verificado
NATURAL FACTORS,2026,4,1005.51,5,verificado
NATURAL VITALITY,2026,2,16712.33,74,verificado
NATURAL VITALITY,2026,3,2893.45,16,verificado
NATURAL VITALITY,2026,4,1253.53,6,verificado
NATURES HEART,2026,1,17157.12,321,verificado
NATURES HEART,2026,2,63659.73,484,verificado
NATURES HEART,2026,3,72329.13,824,verificado
NATURE´S GARDEN,2026,3,83.44,3,verificado
NATURE´S GARDEN,2026,4,20379.43,144,verificado
NATURE´S GARDEN,2026,5,12833.87,143,verificado
NATURISOL,2026,2,10200.65,28,verificado
NATURISOL,2026,3,4784.31,21,verificado
NATURISOL,2026,4,10416.66,31,verificado
NATURISOL,2026,5,8680.59,30,verificado
NATURISOL,2026,6,280.02,1,verificado
NATURISSIMO,2026,5,840.06,3,verificado
NATURISSIMO,2026,6,280.02,1,verificado
NATURMED,2026,2,300.02,1,verificado
NATURMED,2026,3,1456.1,7,verificado
NATURMED,2026,4,2232.17,9,verificado
NATURMED,2026,5,560.04,2,verificado
NAUDER,2026,3,416.03,2,verificado
NAUTICA,2026,1,3620.15,124,verificado
NAUTICA,2026,2,2902.76,106,verificado
NAUTICA,2026,3,3372.49,114,verificado
NAUTICA,2026,4,7482.89,144,verificado
NAUTICA,2026,5,4403.66,114,verificado
NAUTICA,2026,6,75.02,5,verificado
NAVAS FILMS,2026,4,643.5,1,verificado
NAVI,2026,3,329.07,2,verificado
NAZIL,2026,2,300.02,1,verificado
NAZIL,2026,3,2288.16,11,verificado
NAZIL,2026,4,6053.06,24,verificado
NAZIL,2026,5,12206.81,44,verificado
NAZIL,2026,6,1071.93,4,verificado
NCL,2026,1,249.69,41,verificado
NCL,2026,2,176.61,29,verificado
NCL,2026,3,204.01,26,verificado
NCL,2026,4,308.0,28,verificado
NEDELECSA/NEGOCIOS DEL ECUADOR S.A,2026,4,548.5,1,verificado
NEGRONI,2026,3,416.03,2,verificado
NEGRONI,2026,4,1501.55,7,verificado
NELSON MARKET,2026,2,603.3,3,verificado
NELSON MARKET,2026,5,767.84,3,verificado
NEMALAB S.A.,2026,2,1673.1,1,verificado
NEO AUTO,2026,5,888.82,1,verificado
NEORETIN,2026,5,17328.22,59,verificado
NEPROPAC SA,2026,3,658.14,4,verificado
NERVIOCALM,2026,6,6342.19,112,verificado
NESCAFE,2026,1,4276.34,2,verificado
NESCAFE,2026,2,12063.1,192,verificado
NESCAFE,2026,3,86322.46,1004,verificado
NESCAFE,2026,4,79930.68,729,verificado
NESCAFE,2026,5,54796.23,420,verificado
NESCAFE,2026,6,1988.42,40,verificado
NESEC,2026,1,8375.43,1,verificado
NESEC,2026,5,1911.14,1,verificado
NESPRESSO,2026,2,8368.01,34,verificado
NESPRESSO,2026,3,12727.21,62,verificado
NESPRESSO,2026,4,1407.71,7,verificado
NESPRESSO,2026,5,1535.67,6,verificado
NESTLE,2026,1,9159.08,180,verificado
NESTLE,2026,2,56507.22,746,verificado
NESTLE,2026,3,95325.52,1239,verificado
NESTLE,2026,4,84630.48,1157,verificado
NESTLE,2026,5,73552.08,1059,verificado
NESTLE,2026,6,2143.86,8,verificado
NESTOGENO,2026,2,963.71,4,verificado
NESTOGENO,2026,3,1768.12,10,verificado
NESTOGENO,2026,4,2390.5,8,verificado
NESTOGENO,2026,5,4252.12,15,verificado
NESTUM,2026,3,884.92,3,verificado
NESTUM,2026,4,1567.28,6,verificado
NESTUM,2026,5,2955.68,8,verificado
NETAFIM,2026,3,1616.41,57,verificado
NETLIFE,2026,1,37088.18,615,verificado
NETLIFE,2026,2,199965.37,2110,verificado
NETLIFE,2026,3,309432.34,3907,verificado
NETLIFE,2026,4,397228.35,6989,verificado
NETLIFE,2026,5,305203.57,3839,verificado
NETLIFE,2026,6,19677.85,151,verificado
NETZUN,2026,2,201.1,1,verificado
NEUMO FLUX,2026,4,248.02,1,verificado
NEUROBION,2026,1,52396.33,621,verificado
NEUROBION,2026,2,35571.43,430,verificado
NEUROBION,2026,3,38209.18,436,verificado
NEUROBION,2026,4,37203.24,436,verificado
NEUROBION,2026,5,36783.69,358,verificado
NEUROBION,2026,6,4540.28,47,verificado
NEUROVIDA,2026,4,1984.14,7,verificado
NEUTRADERM,2026,2,600.04,2,verificado
NEUTRADERM,2026,3,2912.2,14,verificado
NEUTRADERM,2026,4,2976.2,10,verificado
NEUTRADERM,2026,5,6015.97,21,verificado
NEW BALANCE,2026,2,5027.53,24,verificado
NEW BALANCE,2026,3,6706.67,30,verificado
NEW BALANCE,2026,4,11373.59,36,verificado
NEW BALANCE,2026,5,9506.13,35,verificado
NEW DENTAL CARE,2026,1,2193.24,153,verificado
NEW DENTAL CARE,2026,2,439.03,41,verificado
NEW DENTAL CARE,2026,3,4361.25,319,verificado
NEW DENTAL CARE,2026,4,4106.32,349,verificado
NEW DENTAL CARE,2026,5,3724.5,265,verificado
NEW DENTAL CARE,2026,6,168.0,8,verificado
NEW ERA CAP,2026,2,402.2,2,verificado
NEW ERA CAP,2026,4,603.3,3,verificado
NEW ERA CAP,2026,5,511.89,1,verificado
NEX GARD,2026,5,8343.56,30,verificado
NEXCARE BODY SPONGES,2026,5,2399.8,9,verificado
NEXT FUTURE,2026,6,1988.93,2,verificado
NGK,2026,2,1036.5,88,verificado
NICOVITA,2026,2,2565.4,36,verificado
NICOVITA,2026,3,1775.03,16,verificado
NICOVITA,2026,4,1520.49,17,verificado
NICOVITA,2026,5,2163.15,16,verificado
NICOVITA,2026,6,582.67,9,verificado
NIDO,2026,2,3008.47,9,verificado
NIDO,2026,3,1881.52,8,verificado
NIDO,2026,4,6256.38,19,verificado
NIDO,2026,5,6344.15,23,verificado
NIDO,2026,6,280.02,1,verificado
NIHAO JEWELRY,2026,3,164.54,1,verificado
NIKE,2026,3,2080.14,10,verificado
NIKE,2026,4,992.08,4,verificado
NIKZON,2026,1,21031.41,859,verificado
NIKZON,2026,2,27411.88,992,verificado
NIKZON,2026,3,73034.47,1382,verificado
NIKZON,2026,4,93619.08,1152,verificado
NIKZON,2026,5,50922.85,1061,verificado
NIKZON,2026,6,3594.94,69,verificado
NILU JEWELRY,2026,2,900.05,2,verificado
NINACURO (JABON),2026,2,6885.33,22,verificado
NINACURO (JABON),2026,3,10245.55,47,verificado
NIRSA,2026,1,4018.89,1,verificado
NIRSA,2026,2,5804.04,142,verificado
NIRSA,2026,3,15082.27,87,verificado
NIRSA,2026,4,14310.63,65,verificado
NIRSA,2026,5,14730.3,41,verificado
NISSAN,2026,1,166.78,29,verificado
NISSAN,2026,2,33573.32,702,verificado
NISSAN,2026,3,30253.78,215,verificado
NISSAN,2026,4,13387.72,90,verificado
NISSAN,2026,5,12209.42,67,verificado
NISSAN,2026,6,804.22,4,verificado
NITRANG S.A. (NITRANGSA),2026,3,114.72,1,verificado
NIVEA,2026,1,3041.95,78,verificado
NIVEA,2026,2,45440.23,878,verificado
NIVEA,2026,3,43671.59,639,verificado
NIVEA,2026,4,62325.43,748,verificado
NIVEA,2026,5,50168.26,545,verificado
NIVEA,2026,6,3677.68,5,verificado
NO FORK,2026,3,164.54,1,verificado
NOCOL,2026,5,5528.25,32,verificado
NOE SUSHI BAR,2026,1,525.42,60,verificado
NOE SUSHI BAR,2026,2,9000.64,30,verificado
NOE SUSHI BAR,2026,3,4020.3,29,verificado
NOE SUSHI BAR,2026,4,1841.61,42,verificado
NOE SUSHI BAR,2026,5,3823.97,14,verificado
NOPAL PLAZA,2026,2,33.51,4,verificado
NOPAL PLAZA,2026,3,167.54,20,verificado
NOPAL PLAZA,2026,4,301.74,19,verificado
NOPAL PLAZA,2026,5,269.98,17,verificado
NOPAL PLAZA,2026,6,31.76,2,verificado
NORA JHONS,2026,4,13.43,1,verificado
NORAVER,2026,1,37506.73,761,verificado
NORAVER,2026,2,50811.84,1065,verificado
NORAVER,2026,3,52223.72,1087,verificado
NORAVER,2026,4,73674.25,2869,verificado
NORAVER,2026,5,67298.16,2484,verificado
NORAVER,2026,6,5819.72,212,verificado
NORMA,2026,2,4002.45,13,verificado
NORMA,2026,3,3865.32,19,verificado
NORMA,2026,4,2882.38,11,verificado
NORMA,2026,5,5040.34,17,verificado
NORMOLAX,2026,3,1809.9,11,verificado
NORTEÑO,2026,2,1101.17,4,verificado
NORTHOSPITAL,2026,2,75.13,13,verificado
NORTHOSPITAL,2026,3,168.58,37,verificado
NORTHOSPITAL,2026,4,196.08,38,verificado
NORTHOSPITAL,2026,5,63.25,12,verificado
NOSOTRAS,2026,2,6597.89,31,verificado
NOSOTRAS,2026,3,12687.97,58,verificado
NOSOTRAS,2026,4,11641.54,61,verificado
NOSOTRAS,2026,5,34898.23,655,verificado
NOSOTRAS,2026,6,3345.97,71,verificado
NOTUSIN,2026,2,201.1,1,verificado
NOVA CLINICA SANTA CECILIA,2026,2,87.64,13,verificado
NOVA CLINICA SANTA CECILIA,2026,3,64.44,10,verificado
NOVA CLINICA SANTA CECILIA,2026,4,150.26,12,verificado
NOVA CLINICA SANTA CECILIA,2026,5,48.87,4,verificado
NOVA GYM,2026,2,1005.51,5,verificado
NOVA GYM,2026,3,52.0,1,verificado
NOVA GYM,2026,5,1607.89,6,verificado
NOVA LIDER,2026,2,600.04,2,verificado
NOVACERO,2026,1,10933.26,153,verificado
NOVACERO,2026,3,372.55,2,verificado
NOVACERO,2026,4,248.02,1,verificado
NOVACERO,2026,5,3327.29,13,verificado
NOVAMEDIC,2026,1,367.19,78,verificado
NOVAMEDIC,2026,5,280.02,1,verificado
NOVARED,2026,5,511.89,2,verificado
NOVAUTO,2026,1,215.1,1,verificado
NOVAVIDRIO,2026,4,150.83,3,verificado
NOVEDADES GLORIA SALTOS,2026,4,1099.34,5,verificado
NOVEDADES GLORIA SALTOS,2026,5,1023.78,4,verificado
NOVEDADES GLORIA SALTOS,2026,6,280.02,1,verificado
NOVEDADES TV,2026,1,29188.51,1028,verificado
NOVEDADES TV,2026,2,2329.6,104,verificado
NOVEDADES TV,2026,3,81282.72,1728,verificado
NOVEDADES TV,2026,4,156.54,14,verificado
NOVEDADES TV,2026,5,286.98,8,verificado
NOVEX (TRATAMIENTO CAPILAR),2026,4,1240.09,5,verificado
NOVEX (TRATAMIENTO CAPILAR),2026,5,3640.23,11,verificado
NOVICOMPU,2026,2,1709.46,8,verificado
NOVICOMPU,2026,3,1482.53,7,verificado
NOVICOMPU,2026,4,6908.55,29,verificado
NOVICOMPU,2026,5,4887.43,20,verificado
NOVOPAN DE ECUADOR S.A.,2026,3,263.52,1,verificado
NOVOPAN DE ECUADOR S.A.,2026,5,167.24,1,verificado
NOVUSS,2026,2,201.1,1,verificado
NUBIA,2026,3,624.04,3,verificado
NUBIA,2026,4,13969.72,55,verificado
NUBIA,2026,5,280.02,1,verificado
NUEVA MUJER,2026,1,5966.76,4,verificado
NUEVA MUJER,2026,2,2703.33,2,verificado
NUEVA MUJER,2026,3,9156.44,7,verificado
NUEVA MUJER,2026,4,3442.64,2,verificado
NUEVA MUJER,2026,5,5213.57,3,verificado
NUMA PARQUE EMPRESARIAL,2026,1,257.61,51,verificado
NUMA PARQUE EMPRESARIAL,2026,2,590.73,112,verificado
NUMA PARQUE EMPRESARIAL,2026,3,628.49,120,verificado
NUMA PARQUE EMPRESARIAL,2026,4,2539.61,127,verificado
NUMA PARQUE EMPRESARIAL,2026,5,16318.81,169,verificado
NUMA PARQUE EMPRESARIAL,2026,6,104.5,11,verificado
NUTELLA,2026,2,17168.92,391,verificado
NUTELLA,2026,3,22459.59,445,verificado
NUTRACRICK,2026,3,164.54,1,verificado
NUTRAOSTEOL,2026,2,20301.37,126,verificado
NUTRAOSTEOL,2026,3,128.8,2,verificado
NUTRAVENA,2026,4,3224.23,12,verificado
NUTRAVENA,2026,5,7560.51,26,verificado
NUTRAVENA,2026,6,280.02,1,verificado
NUTRI,2026,1,6450.45,469,verificado
NUTRI,2026,2,13540.49,166,verificado
NUTRI,2026,3,7199.51,38,verificado
NUTRI,2026,4,7333.34,28,verificado
NUTRI,2026,5,5599.12,23,verificado
NUTRI,2026,6,280.02,1,verificado
NUTRIBELA 10,2026,1,186573.84,1451,verificado
NUTRIBELA 10,2026,2,78415.74,662,verificado
NUTRIBELA 10,2026,3,47072.38,512,verificado
NUTRIBELA 10,2026,4,30960.25,253,verificado
NUTRIBELA 10,2026,5,136823.73,780,verificado
NUTRIBELA 10,2026,6,31799.32,172,verificado
NUTRICIA BEBELAC,2026,2,300.02,1,verificado
NUTRICIA BEBELAC,2026,4,1146.26,5,verificado
NUTRICIA BEBELAC,2026,5,1351.95,5,verificado
NUTRICIA BEBELAC,2026,6,1530.21,13,verificado
NUTRIFIT,2026,4,744.06,3,verificado
NUTRILON,2026,4,603.3,3,verificado
NUTRILON,2026,5,5653.13,37,verificado
NUTRILON,2026,6,1195.22,9,verificado
NUTRIMAR,2026,5,24.1,18,verificado
NUTRIMAR,2026,6,5.35,4,verificado
NUTRITEC,2026,3,1521.96,10,verificado
NUTRIUP,2026,3,832.06,4,verificado
NUTRIUP,2026,4,496.04,2,verificado
NUTRIUP,2026,5,560.04,2,verificado
NYSOL,2026,2,804.41,4,verificado
NYSOL,2026,6,280.02,1,verificado
OASIS CENT. COMERCIAL,2026,4,201.1,1,verificado
OBI CENTRO AUDITIVO,2026,1,220.67,18,verificado
OBI CENTRO AUDITIVO,2026,2,325.08,26,verificado
OBI CENTRO AUDITIVO,2026,3,217.43,18,verificado
OBI CENTRO AUDITIVO,2026,4,119.39,12,verificado
OBI CENTRO AUDITIVO,2026,5,218.25,22,verificado
ODISEA,2026,5,22.4,1,verificado
ODONTALIA,2026,1,828.3,75,verificado
ODONTALIA,2026,2,1170.66,106,verificado
ODONTALIA,2026,3,982.92,89,verificado
ODONTALIA,2026,4,1036.56,48,verificado
ODONTALIA,2026,5,323.93,15,verificado
ODONTALIA,2026,6,43.19,2,verificado
ODONTOCENTER,2026,1,395.98,28,verificado
ODONTOCENTER,2026,2,373.84,26,verificado
ODONTOCENTER,2026,3,286.02,21,verificado
ODONTOCENTER,2026,4,20.94,1,verificado
OFF,2026,1,14755.81,584,verificado
OFF,2026,2,19974.94,929,verificado
OFF,2026,3,11672.49,212,verificado
OFF,2026,4,10046.71,206,verificado
OFTALMOLOGIA CARBAJAL,2026,1,311.29,30,verificado
OFTALMOLOGIA CARBAJAL,2026,2,201.4,19,verificado
OFTALMOLOGIA CARBAJAL,2026,3,110.1,10,verificado
OFTALMOLOGIA CARBAJAL,2026,4,296.8,24,verificado
OFTALMOLOGIA CARBAJAL,2026,5,409.27,33,verificado
OFTALMOLOGIA CARBAJAL,2026,6,36.4,3,verificado
OG,2026,5,767.84,3,verificado
OISHI SUSHI & FUSION,2026,3,624.04,3,verificado
OK PRADOSPEED TRANSP. EJECUTIVO,2026,3,254.86,1,verificado
OLD NAVY,2026,2,600.04,2,verificado
OLD NAVY,2026,3,416.03,2,verificado
OLD NAVY,2026,4,1488.11,6,verificado
OLD NAVY,2026,5,1680.12,6,verificado
OLD SPICE,2026,2,603.3,3,verificado
OLD SPICE,2026,3,1359.77,8,verificado
OLD TIMES,2026,3,1040.07,5,verificado
OLD TIMES,2026,4,804.41,4,verificado
OLD TIMES,2026,5,6519.0,25,verificado
OLE,2026,2,10101.77,31,verificado
OLE,2026,3,12054.6,60,verificado
OLE,2026,5,255.95,1,verificado
OLIMPIA (DESINFECTANTE),2026,1,16384.7,98,verificado
OLIMPIA (DESINFECTANTE),2026,2,24793.63,180,verificado
OLIMPIA (DESINFECTANTE),2026,3,14980.83,115,verificado
OLIMPIA (DESINFECTANTE),2026,4,33477.76,862,verificado
OLIMPIA (DESINFECTANTE),2026,5,34207.19,558,verificado
OLIMPIADAS ESPECIALES-ECUADOR,2026,1,6401.47,72,verificado
OLIMPIADAS ESPECIALES-ECUADOR,2026,2,1091.32,11,verificado
OLIMPIADAS ESPECIALES-ECUADOR,2026,3,1425.38,14,verificado
OLIMPIADAS ESPECIALES-ECUADOR,2026,4,7048.17,51,verificado
OLIMPIADAS ESPECIALES-ECUADOR,2026,5,14160.96,103,verificado
OLIVE GARDEN,2026,2,4223.12,20,verificado
OLIVE GARDEN,2026,3,2676.05,16,verificado
OLIVE GARDEN,2026,4,1206.61,6,verificado
OLIVE GARDEN,2026,5,2071.63,7,verificado
OLIVIA MODA,2026,2,75.01,1,verificado
OLPHEEL EAT,2026,3,972.0,1,verificado
OLVAS,2026,2,201.1,1,verificado
OLX,2026,1,364.18,66,verificado
OLX,2026,2,299.01,60,verificado
OLX,2026,3,389.49,75,verificado
OLX,2026,4,414.06,72,verificado
OLX,2026,5,420.13,61,verificado
OLX,2026,6,48.09,8,verificado
OLYMPIKUS,2026,4,201.1,1,verificado
OMA MEDICINA BIOREGULADORA,2026,1,31.6,8,verificado
OMEGA  AZUL,2026,1,28128.76,898,verificado
OMEGA AZUL 369,2026,1,192.31,8,verificado
OMNIHOSPITAL,2026,1,11246.07,2,verificado
OMNIHOSPITAL,2026,2,7089.48,1,verificado
OMNIHOSPITAL,2026,3,164.54,1,verificado
OMNIHOSPITAL,2026,4,1888.07,100,verificado
OMNILIFE DEL ECUADOR,2026,3,1480.82,9,verificado
OMNILIFE DEL ECUADOR,2026,4,10180.65,16,verificado
OMNILIFE DEL ECUADOR,2026,5,17872.63,39,verificado
OMODA,2026,2,1698.93,13,verificado
OMODA,2026,3,2751.5,14,verificado
OMODA,2026,4,1206.61,6,verificado
OMODA,2026,5,1071.93,4,verificado
OMODA,2026,6,280.02,1,verificado
ONCOAMBATO,2026,2,558.89,4,verificado
ONE MOVE,2026,3,164.54,1,verificado
ONLY NATURAL,2026,1,115452.56,3847,verificado
ONLY NATURAL,2026,2,66661.72,1905,verificado
ONLY NATURAL,2026,3,73798.63,1917,verificado
ONLY NATURAL,2026,4,20345.7,1156,verificado
ONLY NATURAL,2026,5,107985.97,3754,verificado
ONLY NATURAL,2026,6,10714.44,302,verificado
ONLY QUEENS,2026,2,80.01,9,verificado
OP,2026,4,744.06,3,verificado
OP,2026,6,560.04,2,verificado
OPALS,2026,3,416.03,2,verificado
OPEN ENGLISH,2026,1,8398.8,180,verificado
OPEN ENGLISH,2026,2,11710.76,423,verificado
OPEN ENGLISH,2026,3,15314.71,1020,verificado
OPEN ENGLISH,2026,4,8376.47,435,verificado
OPEN ENGLISH,2026,5,7533.38,417,verificado
OPEN ENGLISH,2026,6,967.38,59,verificado
OPTICA BUENA VISION,2026,2,3.95,1,verificado
OPTICA LOS ANDES,2026,2,11037.73,46,verificado
OPTICA LOS ANDES,2026,3,7341.06,41,verificado
OPTICA LOS ANDES,2026,4,20223.66,73,verificado
OPTICA LOS ANDES,2026,5,12559.03,41,verificado
OPTICA VISION INTERNACIONAL,2026,5,511.89,2,verificado
OPTICAS GMO,2026,2,4657.87,178,verificado
OPTICAS GMO,2026,3,329.07,2,verificado
OPTICAS GMO,2026,4,2449.49,17,verificado
OPTICAS GMO,2026,5,2501.3,24,verificado
OPTICAS YORK,2026,1,319.93,114,verificado
OPTICAS YORK,2026,2,357.59,118,verificado
OPTICAS YORK,2026,3,606.21,151,verificado
OPTICAS YORK,2026,4,1125.99,143,verificado
OPTICAS YORK,2026,5,1108.2,140,verificado
OPTICAS YORK,2026,6,116.06,15,verificado
OPTICOM,2026,1,896.77,127,verificado
OPTICOM,2026,2,1235.81,214,verificado
OPTICOM,2026,3,1143.81,213,verificado
OPTICOM,2026,4,1265.94,200,verificado
OPTICOM,2026,5,1152.0,182,verificado
OPTICOM,2026,6,368.63,15,verificado
OPTICON,2026,1,89.51,11,verificado
OPTICON,2026,2,40.69,5,verificado
ORAL-B,2026,1,6516.07,110,verificado
ORAL-B,2026,2,4469.43,69,verificado
ORALE MEXICAN,2026,3,658.14,4,verificado
ORANGINE,2026,1,173.14,22,verificado
ORANGINE,2026,2,4151.8,52,verificado
ORANGINE,2026,3,2337.36,44,verificado
ORANGINE,2026,4,6308.43,47,verificado
ORANGINE,2026,5,2322.3,46,verificado
ORASI,2026,3,164.54,1,verificado
ORASI,2026,4,201.1,1,verificado
OREGAPURE,2026,1,477941.55,2608,verificado
OREGAPURE,2026,2,399442.2,2008,verificado
OREGAPURE,2026,3,255570.32,4004,verificado
OREGAPURE,2026,4,427630.06,2157,verificado
OREGAPURE,2026,5,406871.97,2108,verificado
OREGAPURE,2026,6,29090.27,144,verificado
OREO,2026,2,23017.36,419,verificado
OREO,2026,3,48347.2,725,verificado
OREO,2026,4,41113.78,653,verificado
OREO,2026,5,49346.51,952,verificado
OREO,2026,6,4318.96,79,verificado
ORGANIK,2026,2,201.1,1,verificado
ORGANIZACION MUNDIAL DE ALFABETIZACION,2026,5,106.65,52,verificado
ORIENTAL,2026,1,1519.85,218,verificado
ORIENTAL,2026,2,2558.61,96,verificado
ORIENTAL,2026,3,8032.71,129,verificado
ORIENTAL,2026,4,23925.17,377,verificado
ORIENTAL,2026,5,23165.06,339,verificado
ORIENTAL,2026,6,1316.42,26,verificado
ORIFLAME,2026,4,896.25,1,verificado
ORIGINAL CLASIC,2026,1,465.04,40,verificado
ORIGINAL CLASIC,2026,2,1031.49,108,verificado
ORLY,2026,2,300.02,1,verificado
ORMEDIC,2026,2,475.52,2,verificado
ORO CASH,2026,2,201.1,1,verificado
ORO CASH,2026,3,8596.78,42,verificado
ORO CASH,2026,5,13162.37,49,verificado
ORO CASH,2026,6,1325.54,9,verificado
ORO CITY,2026,1,714.36,2,verificado
ORO CITY,2026,2,1649.94,4,verificado
ORO CITY,2026,3,1462.02,3,verificado
ORO CITY,2026,4,982.24,2,verificado
ORO CITY,2026,5,1156.81,3,verificado
ORO VERDE,2026,2,3249.81,12,verificado
ORO VERDE,2026,3,7403.7,39,verificado
ORO VERDE,2026,4,14891.93,50,verificado
ORO VERDE,2026,5,12999.98,42,verificado
ORO VERDE HOTELS,2026,1,12.18,2,verificado
ORO VERDE HOTELS,2026,3,192.24,23,verificado
ORO VERDE HOTELS,2026,4,995.2,71,verificado
ORO VERDE HOTELS,2026,5,864.0,60,verificado
ORO VERDE HOTELS,2026,6,86.4,6,verificado
ORODELTI S.A.*TROLEGSA S.A.*PRIDORP S.A,2026,4,301.14,1,verificado
OROMAR TELEVISION,2026,1,174587.72,17578,verificado
OROMAR TELEVISION,2026,2,148657.07,11370,verificado
OROMAR TELEVISION,2026,3,127531.87,11562,verificado
OROMAR TELEVISION,2026,4,46665.59,8468,verificado
OROMAR TELEVISION,2026,5,57398.67,9833,verificado
OROMAR TELEVISION,2026,6,4936.52,930,verificado
OROWEAT,2026,2,7761.01,119,verificado
OROWEAT,2026,3,12278.15,219,verificado
OROWEAT,2026,4,11294.47,121,verificado
OROWEAT,2026,5,1866.15,1,verificado
ORTHODENT,2026,2,201.1,1,verificado
ORVE HOGAR,2026,1,508.83,60,verificado
ORVE HOGAR,2026,2,3698.69,57,verificado
ORVE HOGAR,2026,3,1325.67,7,verificado
ORVE HOGAR,2026,4,5322.49,149,verificado
ORVE HOGAR,2026,5,16781.01,220,verificado
ORVE HOGAR,2026,6,339.38,9,verificado
ORYZA,2026,4,248.02,1,verificado
OSADO,2026,2,150.35,31,verificado
OSADO,2026,3,36.65,7,verificado
OSCAR,2026,4,95.04,2,verificado
OSCAR AYERVE,2026,2,5375.79,59,verificado
OSCAR AYERVE,2026,3,4858.9,43,verificado
OSCAR AYERVE,2026,4,11923.18,49,verificado
OSCAR AYERVE,2026,5,16192.85,63,verificado
OSCAR AYERVE,2026,6,758.12,2,verificado
OSSION,2026,2,603.3,3,verificado
OSTER,2026,2,6173.32,24,verificado
OSTER,2026,3,6346.73,25,verificado
OTECEL S.A.,2026,1,376.43,1,verificado
OTOM RACING,2026,3,208.01,1,verificado
OUTLET TV,2026,1,1446.01,173,verificado
OUTLET TV,2026,2,1256.66,150,verificado
OUTLET TV,2026,3,2001.43,229,verificado
OUTLET TV,2026,4,2541.46,264,verificado
OUTLET TV,2026,5,1931.84,171,verificado
OUTLET TV,2026,6,202.7,18,verificado
OUTPUT,2026,1,10157.4,706,verificado
OUTPUT,2026,2,12538.19,684,verificado
OUTPUT,2026,3,17312.94,1196,verificado
OUTPUT,2026,4,9157.9,735,verificado
OUTPUT,2026,5,15097.38,1098,verificado
OVALCOHOL,2026,4,206.47,1,verificado
OWNAT,2026,5,2800.19,10,verificado
OWNAT,2026,6,280.02,1,verificado
PACA,2026,3,416.03,2,verificado
PACA,2026,4,2046.16,9,verificado
PACA,2026,5,1995.93,52,verificado
PACA,2026,6,173.25,9,verificado
PACARI,2026,1,1129.28,1,verificado
PACARI,2026,2,1856.52,2,verificado
PACIFICARD,2026,1,19811.45,893,verificado
PACIFICARD,2026,2,77811.79,2576,verificado
PACIFICARD,2026,3,102117.92,3059,verificado
PACIFICARD,2026,4,12404.82,688,verificado
PACIFICARD,2026,5,104092.98,2411,verificado
PACIFICARD,2026,6,30.8,1,verificado
PAFF,2026,2,9976.2,432,verificado
PAFF,2026,3,9231.56,504,verificado
PAFF,2026,4,518.26,178,verificado
PAGA MENOS,2026,3,658.14,4,verificado
PAGA MENOS,2026,4,201.1,1,verificado
PAGA MENOS,2026,5,4798.97,21,verificado
PAGA MENOS,2026,6,255.95,1,verificado
PAGU,2026,1,814.45,65,verificado
PAGU,2026,2,989.87,79,verificado
PAGU,2026,3,739.27,59,verificado
PAGU,2026,4,1018.2,34,verificado
PAGU,2026,5,750.75,39,verificado
PALACIO ARTESANAL MACONDO,2026,4,120.0,6,verificado
PALLADIO COSMETICS,2026,3,416.03,2,verificado
PALLADIO COSMETICS,2026,5,840.06,3,verificado
PALMOLIVE,2026,3,19403.62,475,verificado
PALMOLIVE,2026,4,21329.97,390,verificado
PAMBIL PLAZA,2026,2,50.35,6,verificado
PAMBIL PLAZA,2026,3,50.35,6,verificado
PAMBIL PLAZA,2026,4,17.39,2,verificado
PAMBIL PLAZA,2026,5,34.78,4,verificado
PAN PANCITO,2026,1,995.83,121,verificado
PAN PANCITO,2026,2,839.46,102,verificado
PAN PANCITO,2026,3,913.53,111,verificado
PAN PANCITO,2026,4,1146.98,121,verificado
PAN PANCITO,2026,5,1300.82,115,verificado
PAN PANCITO,2026,6,113.11,10,verificado
PANADERIA CALIFORNIA,2026,1,212.04,24,verificado
PANADERIA CALIFORNIA,2026,5,5.14,1,verificado
PANADERIA DEL NORTE,2026,4,754.64,1,verificado
PANADERIA EL MANA,2026,1,22.43,8,verificado
PANADERIA EL MANA,2026,2,16.82,6,verificado
PANADERIA EL MANA,2026,3,36.44,13,verificado
PANADERIA EL MANA,2026,4,165.83,25,verificado
PANADERIA EL MANA,2026,5,126.03,19,verificado
PANADERIA EL MANA,2026,6,6.63,1,verificado
PANADERIA ERIK,2026,1,42.14,8,verificado
PANADERIA LA SELECTA,2026,3,2849.97,16,verificado
PANADERIA LA SELECTA,2026,4,6857.48,28,verificado
PANALGESIC,2026,5,280.02,1,verificado
PANCHO´S KITCHEN,2026,3,493.61,3,verificado
PANEL REY,2026,2,328.76,3,verificado
PANEL REY,2026,3,22.5,3,verificado
PANEL REY,2026,4,402.2,2,verificado
PANIFICADORA AMBATO,2026,3,416.03,2,verificado
PANINI,2026,4,211.35,20,verificado
PANINI,2026,5,9368.91,726,verificado
PANKI PET,2026,2,83.88,5,verificado
PANOLINI,2026,2,1991.08,3,verificado
PANTENE,2026,1,5999.87,102,verificado
PANTENE,2026,2,12559.35,125,verificado
PANTENE,2026,3,27424.79,288,verificado
PANTENE,2026,4,31981.32,264,verificado
PANTENE,2026,5,663.7,2,verificado
PANTEON METROPOLITANO,2026,3,4738.44,436,verificado
PANTEON METROPOLITANO,2026,4,5176.02,402,verificado
PANTEON METROPOLITANO,2026,5,8980.87,451,verificado
PANTEON METROPOLITANO,2026,6,982.22,47,verificado
PAPA JHON´S,2026,2,6115.66,25,verificado
PAPA JHON´S,2026,3,7475.72,40,verificado
PAPA JHON´S,2026,4,11724.0,45,verificado
PAPA JHON´S,2026,5,11915.25,53,verificado
PAPA JHON´S,2026,6,356.82,9,verificado
PAPELERA NACIONAL,2026,2,1712.83,5,verificado
PAPELERA NACIONAL,2026,3,3563.45,27,verificado
PAPELERA NACIONAL,2026,4,161.01,1,verificado
PAPELERA NACIONAL,2026,5,3037.87,47,verificado
PAPELERA NACIONAL,2026,6,280.02,1,verificado
PAPELESA,2026,4,9688.36,3,verificado
PAPELESA,2026,5,3080.2,10,verificado
PARAISO,2026,4,965.25,1,verificado
PARAMOUNT,2026,1,1899.36,224,verificado
PARAMOUNT,2026,5,584.62,53,verificado
PARC ROYALE SUITES,2026,2,5700.41,19,verificado
PARC ROYALE SUITES,2026,3,4160.28,19,verificado
PARC ROYALE SUITES,2026,4,2480.19,10,verificado
PARC ROYALE SUITES,2026,5,255.95,1,verificado
PARMALAT,2026,1,880.92,94,verificado
PARMALAT,2026,2,534.8,80,verificado
PARMALAT,2026,3,619.09,107,verificado
PARMALAT,2026,4,1694.16,94,verificado
PARMALAT,2026,5,20600.92,522,verificado
PARMALAT,2026,6,2364.21,53,verificado
PARQUE DENTAL,2026,2,10902.93,35,verificado
PARQUE DENTAL,2026,3,7904.55,38,verificado
PARQUE DENTAL,2026,4,10912.8,41,verificado
PARQUE DENTAL,2026,5,13440.9,45,verificado
PARQUE DENTAL,2026,6,280.02,1,verificado
PARQUE NAC. GALAPAGOS,2026,3,416.03,2,verificado
PARQUEO POSITIVO,2026,1,103.46,39,verificado
PARRILLA EL ÑATO,2026,3,369.87,1,verificado
PARRILLADA DEL ÑATO,2026,5,560.04,2,verificado
PARRILLADA JR,2026,1,0.93,1,verificado
PARRILLADA JR,2026,5,19.9,9,verificado
PARRILLADA JR,2026,6,6.63,3,verificado
PARRILLADAS MEDIA RED,2026,5,2.21,1,verificado
PARROQUIA SANTA TERESITA DEL NIÑO JESUS,2026,3,25.6,6,verificado
PARTIDO SOCIAL CRISTIANO LISTA 6,2026,4,402.2,2,verificado
PASA,2026,3,329.07,2,verificado
PASA,2026,4,4291.51,176,verificado
PASA,2026,5,1287.11,18,verificado
PASA,2026,6,280.02,1,verificado
PASA IMPERMEABILIZANTE,2026,4,6.37,1,verificado
PASEO SAN FRANCISCO CUMBAYA,2026,2,4401.4,15,verificado
PASEO SAN FRANCISCO CUMBAYA,2026,3,8751.94,44,verificado
PASEO SAN FRANCISCO CUMBAYA,2026,4,1116.09,6,verificado
PASEO SAN FRANCISCO CUMBAYA,2026,5,255.95,1,verificado
PASEO SAN FRANCISCO CUMBAYA,2026,6,280.02,1,verificado
PASINERVA,2026,1,5.02,1,verificado
PASINERVA,2026,2,15.06,3,verificado
PASINERVA,2026,3,60.24,12,verificado
PASS WAY,2026,2,41.96,5,verificado
PASS WAY,2026,3,16.78,2,verificado
PASSA TEMPO,2026,6,122.67,1,verificado
PASSINERVAL,2026,1,208.99,29,verificado
PASSINERVAL,2026,2,131.44,17,verificado
PASSINERVAL,2026,3,129.19,17,verificado
PASSINERVAL,2026,4,325.29,26,verificado
PASSINERVAL,2026,5,393.87,34,verificado
PASSINERVAL,2026,6,32.54,3,verificado
PASSLINE,2026,3,208.01,1,verificado
PASTELES & COMPAÑIA,2026,3,164.54,1,verificado
PAT PRIMO,2026,4,405.79,2,verificado
PATATES,2026,1,118.27,8,verificado
PATATES,2026,2,59.13,4,verificado
PATIO TUERCA.COM,2026,2,9636.68,132,verificado
PATIO TUERCA.COM,2026,3,4482.53,72,verificado
PATIO TUERCA.COM,2026,4,2374.06,63,verificado
PATIO TUERCA.COM,2026,5,3486.85,17,verificado
PATIO TUERCA.COM,2026,6,280.02,1,verificado
PATOTTIS,2026,1,363.49,35,verificado
PATOTTIS,2026,2,188.3,18,verificado
PATOTTIS,2026,5,126.0,10,verificado
PATOTTIS,2026,6,22.4,2,verificado
PATPRIMO,2026,2,903.33,4,verificado
PATPRIMO,2026,4,248.02,1,verificado
PATPRIMO,2026,5,511.89,2,verificado
PAYJOY,2026,2,402.2,2,verificado
PAYJOY,2026,3,4757.87,250,verificado
PAYJOY,2026,4,8053.64,482,verificado
PAYJOY,2026,5,2655.74,8,verificado
PAYJOY,2026,6,280.02,1,verificado
PAYLESS SHOE SOURCE,2026,3,2675.61,66,verificado
PAYLESS SHOE SOURCE,2026,4,3895.75,154,verificado
PAYLESS SHOE SOURCE,2026,5,7026.08,66,verificado
PAYLESS SHOE SOURCE,2026,6,535.96,2,verificado
PAYPHONE,2026,5,255.95,1,verificado
PC INTERNATIONAL SEARCH & ASSESSMENT,2026,5,965.25,1,verificado
PEACH SHOP,2026,4,402.2,2,verificado
PEACH SHOP,2026,5,2047.56,8,verificado
PECS,2026,5,767.84,3,verificado
PEDIALYTE,2026,3,429.25,2,verificado
PEDIALYTE,2026,4,2429.92,13,verificado
PEDIALYTE,2026,5,3459.95,15,verificado
PEDIASURE,2026,1,38171.32,354,verificado
PEDIASURE,2026,2,39154.19,263,verificado
PEDIASURE,2026,3,39650.28,293,verificado
PEDIASURE,2026,4,42231.1,270,verificado
PEDIASURE,2026,5,37989.9,249,verificado
PEDIASURE,2026,6,560.04,2,verificado
PEDIDOS YA,2026,3,493.61,3,verificado
PEDIDOS YA,2026,5,39492.51,330,verificado
PEDIDOS YA,2026,6,2874.66,35,verificado
PEDRO ELJURI,2026,2,418.96,53,verificado
PEGADA,2026,3,208.01,1,verificado
PEGADA,2026,6,280.02,1,verificado
PEIGO,2026,2,6937.4,132,verificado
PEIGO,2026,3,7076.09,152,verificado
PEIGO,2026,4,1969.29,114,verificado
PEIGO,2026,5,2406.86,125,verificado
PEIGO,2026,6,700.84,12,verificado
PELAMBRE RECORD S,2026,1,1465.14,392,verificado
PELAMBRE RECORD S,2026,2,827.63,220,verificado
PELIKAN,2026,5,280.02,1,verificado
PELIKANO,2026,2,2678.28,16,verificado
PELIKANO,2026,3,11.04,2,verificado
PELIKANO,2026,4,2923.37,16,verificado
PELIKANO,2026,5,2381.47,15,verificado
PENINSULA,2026,4,223.99,10,verificado
PENINSULA,2026,5,515.19,23,verificado
PEPSI COLA,2026,5,840.06,3,verificado
PEPSI COLA,2026,6,891.89,3,verificado
PEPSICO ALIMENTOS ECUADPR CIA LTDA.,2026,4,85.91,2,verificado
PEREGRINACION SANTUARIO SCHOENSTATT,2026,5,2516.31,29,verificado
PERFUMANIA BIBI´S,2026,1,182.98,46,verificado
PERFUMANIA BIBI´S,2026,2,4706.27,616,verificado
PERFUMES FACTORY,2026,5,1279.73,5,verificado
PERLA,2026,2,1002.25,4,verificado
PERLA,2026,3,5408.37,26,verificado
PERLA,2026,4,3224.25,13,verificado
PERLA,2026,5,14522.57,382,verificado
PERLA,2026,6,280.02,1,verificado
PERSEO,2026,3,164.54,1,verificado
PERT,2026,1,90.99,15,verificado
PERT,2026,2,272.98,45,verificado
PESALMAR S.A.,2026,4,57.36,1,verificado
PET CODE,2026,2,300.02,1,verificado
PET CODE,2026,5,2870.2,11,verificado
PET PLANET,2026,5,10.5,1,verificado
PET PRO,2026,2,201.1,1,verificado
PET PRO,2026,4,603.3,3,verificado
PET STATION,2026,2,201.1,1,verificado
PET STATION,2026,3,329.07,2,verificado
PET STATION,2026,4,2413.22,12,verificado
PETROECUADOR/PDVSA,2026,3,424.76,2,verificado
PETROLEOS & SERVICIOS,2026,5,280.02,1,verificado
PETROLEOS & SERVICIOS,2026,6,280.02,1,verificado
PETRONAS,2026,2,402.2,2,verificado
PETRONAS,2026,4,3051.26,26,verificado
PETRONAS,2026,5,613.59,11,verificado
PEUGEOT,2026,1,9832.52,287,verificado
PEUGEOT,2026,2,29674.69,592,verificado
PEUGEOT,2026,3,20336.66,356,verificado
PEUGEOT,2026,4,13132.12,129,verificado
PEUGEOT,2026,5,1395.77,37,verificado
PEUGEOT,2026,6,7.38,1,verificado
PEZKA FRESKA,2026,4,201.1,1,verificado
PEÑA BAR BOLEROS,2026,5,13.27,1,verificado
PF CHANGS,2026,3,416.03,2,verificado
PHARMACY´S,2026,1,13999.33,683,verificado
PHARMACY´S,2026,2,7615.98,351,verificado
PHARMACY´S,2026,3,19696.4,713,verificado
PHARMACY´S,2026,4,22264.8,831,verificado
PHARMACY´S,2026,5,24472.46,756,verificado
PHARMACY´S,2026,6,131.29,11,verificado
PHARMATON,2026,2,0.28,2,verificado
PHARMATON,2026,3,11233.51,272,verificado
PHARMATON,2026,4,16410.52,411,verificado
PHARMATON,2026,5,21601.74,444,verificado
PHARMATON,2026,6,2312.3,30,verificado
PHARMAVIDA,2026,4,201.1,1,verificado
PHEROMEN,2026,2,620.37,42,verificado
PHEROMEN,2026,3,919.83,44,verificado
PHEROMEN,2026,4,537.15,106,verificado
PHEROMEN,2026,5,469.45,90,verificado
PHEROMEN,2026,6,61.6,16,verificado
PHILLIPS,2026,1,10106.29,250,verificado
PHILLIPS,2026,2,10372.42,248,verificado
PHILLIPS,2026,3,4996.25,190,verificado
PHILLIPS,2026,4,6967.39,189,verificado
PHILLIPS,2026,5,6609.68,188,verificado
PHILLIPS,2026,6,299.54,8,verificado
PHILLIPS 66,2026,2,300.02,1,verificado
PHISIQUE,2026,2,402.2,2,verificado
PHISIQUE,2026,3,2520.9,14,verificado
PHISIQUE,2026,4,2074.39,3,verificado
PHISIQUE,2026,5,2413.12,1,verificado
PHISIQUE,2026,6,21.0,2,verificado
PHONAK,2026,2,2914.34,14,verificado
PHONAK,2026,3,1872.12,8,verificado
PHONAK,2026,4,4464.29,14,verificado
PHONAK,2026,5,5040.34,17,verificado
PHONE FIXER,2026,3,624.04,3,verificado
PHOTOCARE,2026,2,300.02,1,verificado
PHYSIO SPORT & CARE,2026,1,124.25,33,verificado
PHYSIO SPORT & CARE,2026,2,139.31,37,verificado
PHYSIO SPORT & CARE,2026,3,158.13,42,verificado
PHYSIO SPORT & CARE,2026,4,47.31,9,verificado
PICA,2026,1,1865.48,238,verificado
PICA,2026,2,6403.97,377,verificado
PICA,2026,3,6882.55,218,verificado
PICA,2026,4,8212.74,36,verificado
PICA,2026,5,11974.91,39,verificado
PICAL,2026,2,3278.2,13,verificado
PICAL,2026,3,13475.02,47,verificado
PICAL,2026,4,25740.23,51,verificado
PICAL,2026,5,4262.22,13,verificado
PICANTERIA ANGELITO,2026,1,216.03,9,verificado
PICANTERIA NIÑO JESUS,2026,3,158.85,34,verificado
PICANTERIA NIÑO JESUS,2026,4,431.17,39,verificado
PICANTERIA NIÑO JESUS,2026,5,110.56,10,verificado
PICANTERIA TABANI,2026,3,123.33,14,verificado
PICANTERIA TABANI,2026,4,30.1,3,verificado
PICAVAL,2026,5,965.25,1,verificado
PICCADILLY,2026,2,9029.96,35,verificado
PICCADILLY,2026,3,10189.26,46,verificado
PICCADILLY,2026,4,6644.6,27,verificado
PICCADILLY,2026,5,3095.42,12,verificado
PICNIC,2026,2,7.53,2,verificado
PIEDRA DE AGUA,2026,2,402.2,2,verificado
PIEDRA DE AGUA,2026,3,416.03,2,verificado
PIERRE COFFEE HOUSE,2026,5,767.84,3,verificado
PIGGI S,2026,1,3763.31,30,verificado
PIGGI S,2026,3,3044.03,36,verificado
PIGGI S,2026,4,27999.53,224,verificado
PIGGI S,2026,5,33988.6,461,verificado
PIGGI S,2026,6,5457.78,80,verificado
PILADORA SAN LUIS,2026,1,719.59,69,verificado
PILADORA SAN LUIS,2026,2,559.39,53,verificado
PILADORA SAN LUIS,2026,3,615.39,58,verificado
PILADORA SAN LUIS,2026,4,845.59,68,verificado
PILADORA SAN LUIS,2026,5,921.19,74,verificado
PILADORA SAN LUIS,2026,6,58.8,5,verificado
PILLAO,2026,2,201.1,1,verificado
PILSENER,2026,1,27126.6,516,verificado
PILSENER,2026,2,42991.98,1168,verificado
PILSENER,2026,3,58429.14,1360,verificado
PILSENER,2026,4,67219.91,1165,verificado
PILSENER,2026,5,78825.05,1627,verificado
PILSENER,2026,6,5003.57,95,verificado
PILSENER LIGHT,2026,2,1612.07,8,verificado
PILSENER LIGHT,2026,4,12754.27,242,verificado
PILSENER LIGHT,2026,5,38756.57,923,verificado
PILSENER LIGHT,2026,6,4227.75,58,verificado
PINGUINO,2026,1,5161.21,33,verificado
PINGUINO,2026,2,98061.0,1621,verificado
PINGUINO,2026,3,92023.52,1234,verificado
PINGUINO,2026,4,103368.18,1579,verificado
PINGUINO,2026,5,87964.45,1131,verificado
PINGUINO,2026,6,12371.83,184,verificado
PINTO,2026,2,1608.81,8,verificado
PINTO,2026,3,1151.75,7,verificado
PINTO,2026,4,2011.0,8,verificado
PINTO,2026,5,1535.67,6,verificado
PINTO,2026,6,1400.1,5,verificado
PINTULAC,2026,4,1394.28,6,verificado
PINTULAC,2026,6,840.06,3,verificado
PINTURAS IMPERIAL,2026,1,818.5,115,verificado
PINTURAS IMPERIAL,2026,2,716.18,101,verificado
PINTURAS IMPERIAL,2026,3,51.16,9,verificado
PINTURAS UNIDAS,2026,1,3011.73,545,verificado
PINTURAS UNIDAS,2026,2,3169.79,564,verificado
PINTURAS UNIDAS,2026,3,2904.98,494,verificado
PINTURAS UNIDAS,2026,4,3305.18,357,verificado
PINTURAS UNIDAS,2026,5,2688.79,322,verificado
PINTURAS UNIDAS,2026,6,350.38,46,verificado
PINTURAUTO,2026,1,85.03,10,verificado
PINTURAUTO,2026,2,43.73,6,verificado
PINTURAUTO,2026,3,72.89,10,verificado
PINTURAUTO,2026,4,22.63,8,verificado
PINTURAUTO,2026,5,32.25,10,verificado
PIPAS,2026,2,201.1,1,verificado
PIROTECNICS-AZFIREWORK,2026,1,117.43,16,verificado
PISCATA,2026,2,6033.04,32,verificado
PISCATA,2026,3,6828.23,41,verificado
PISCATA,2026,4,7440.75,36,verificado
PISCATA,2026,5,255.95,1,verificado
PISCATA,2026,6,511.89,2,verificado
PITASEN,2026,1,10681.11,572,verificado
PITASEN,2026,2,16140.74,672,verificado
PITASEN,2026,3,17782.36,726,verificado
PITASEN,2026,4,6783.45,716,verificado
PITASEN,2026,5,8008.82,716,verificado
PITASEN,2026,6,424.88,56,verificado
PIXEL,2026,3,87.71,7,verificado
PIXEL,2026,4,1135.75,59,verificado
PIXEL,2026,5,1655.5,86,verificado
PIZA EC,2026,4,804.41,4,verificado
PIZZA CHE FARINA,2026,1,16.82,5,verificado
PIZZA CHE FARINA,2026,2,291.66,71,verificado
PIZZA CHE FARINA,2026,3,196.21,53,verificado
PIZZA CHE FARINA,2026,4,80.28,20,verificado
PIZZA CHE FARINA,2026,5,26.09,7,verificado
PIZZA DIAVOLA,2026,5,22.11,1,verificado
PIZZA DOMINO´S,2026,2,12620.47,48,verificado
PIZZA DOMINO´S,2026,3,3883.0,23,verificado
PIZZA DOMINO´S,2026,4,4491.2,20,verificado
PIZZA DOMINO´S,2026,5,2778.29,10,verificado
PIZZA DOMINO´S,2026,6,1400.1,5,verificado
PIZZA EXPRESS,2026,4,6.63,3,verificado
PIZZA EXPRESS,2026,5,13.27,6,verificado
PIZZA FEST,2026,2,1222.94,1,verificado
PIZZA FEST,2026,4,1277.16,2,verificado
PIZZA FEST,2026,5,6218.87,6,verificado
PIZZA HUT,2026,2,6418.94,27,verificado
PIZZA HUT,2026,3,24270.41,143,verificado
PIZZA HUT,2026,4,48316.32,331,verificado
PIZZA HUT,2026,5,13630.73,41,verificado
PIZZA HUT,2026,6,1096.0,4,verificado
PIZZA SA,2026,4,4.42,1,verificado
PLAN VITAL,2026,2,1005.51,5,verificado
PLAN VITAL,2026,3,1403.24,8,verificado
PLANT KINGDOM,2026,2,1206.61,6,verificado
PLAPASA,2026,4,1984.14,7,verificado
PLASTICOS RIVAL,2026,3,624.04,3,verificado
PLASTIGAMA,2026,2,804.41,4,verificado
PLASTIGAMA,2026,3,4695.89,14,verificado
PLASTIGAMA,2026,4,992.08,4,verificado
PLASTIGAMA,2026,5,694.83,3,verificado
PLASTIGAMA,2026,6,1364.22,1,verificado
PLASTIKAL,2026,2,603.3,3,verificado
PLASTIKAL,2026,3,329.07,2,verificado
PLASTILUZ,2026,2,804.41,4,verificado
PLASTILUZ,2026,3,1412.62,7,verificado
PLASTILUZ,2026,4,1005.51,5,verificado
PLASTILUZ,2026,5,1351.95,5,verificado
PLASTLIT,2026,4,71.7,1,verificado
PLAYA ALEGRIA,2026,4,402.2,2,verificado
PLAZA 33,2026,2,4703.05,18,verificado
PLAZA 33,2026,3,7982.08,34,verificado
PLAZA 33,2026,4,5952.4,20,verificado
PLAZA 33,2026,5,7000.48,25,verificado
PLAZA 33,2026,6,1656.04,6,verificado
PLAZA 8,2026,4,603.3,3,verificado
PLAZA BATAN,2026,3,329.07,2,verificado
PLAZA BATAN,2026,4,603.3,3,verificado
PLAZA BP,2026,3,416.03,2,verificado
PLAZA CELESTE,2026,1,952.29,128,verificado
PLAZA CELESTE,2026,2,4911.98,151,verificado
PLAZA CELESTE,2026,3,1066.11,143,verificado
PLAZA CELESTE,2026,4,3801.59,154,verificado
PLAZA CELESTE,2026,5,1134.19,136,verificado
PLAZA CORAL,2026,1,2073.42,209,verificado
PLAZA CORAL,2026,2,7882.91,268,verificado
PLAZA CORAL,2026,3,7895.59,360,verificado
PLAZA CORAL,2026,4,5356.12,350,verificado
PLAZA CORAL,2026,5,17901.09,406,verificado
PLAZA CORAL,2026,6,332.43,32,verificado
PLAZA DE LAS AMERICAS,2026,4,269.44,1,verificado
PLAZA DE TOROS MITAD DEL MUNDO,2026,3,20.0,2,verificado
PLAZA DEL VALLE,2026,3,3536.24,16,verificado
PLAZA LAGOS TOWN CENTER,2026,2,965.25,1,verificado
PLAZA LAGOS TOWN CENTER,2026,3,965.25,1,verificado
PLAZA LAGOS TOWN CENTER,2026,4,965.25,1,verificado
PLAZA LAGOS TOWN CENTER,2026,5,965.25,1,verificado
PLAZA MIA,2026,5,2285.73,152,verificado
PLAZA NAVONA,2026,1,15.8,6,verificado
PLAZA NAVONA,2026,2,4686.89,29,verificado
PLAZA NAVONA,2026,3,4199.33,32,verificado
PLAZA NAVONA,2026,4,1131.37,16,verificado
PLAZA NAVONA,2026,5,3179.29,16,verificado
PLAZA NAVONA,2026,6,280.02,1,verificado
PLAZA PACIFICO,2026,2,603.3,3,verificado
PLAZA PARQUE TOWN CENTER,2026,2,1302.27,5,verificado
PLAZA PARQUE TOWN CENTER,2026,3,164.54,1,verificado
PLAZA SANTA CECILIA,2026,3,1785.17,9,verificado
PLAZA SOLEIL,2026,2,801.14,3,verificado
PLAZA TIA,2026,2,1605.55,7,verificado
PLAZA TIA,2026,4,603.3,3,verificado
PLAZA VENDOME,2026,2,53.58,4,verificado
PLAZA VENDOME,2026,4,1567.08,1,verificado
PLAZA VICTORIA CLUB,2026,4,496.04,2,verificado
PLAZA VICTORIA CLUB,2026,5,255.95,1,verificado
PLAZA VICTORIA CLUB,2026,6,255.95,1,verificado
PLAZA WHYMPER,2026,3,164.54,1,verificado
PLAZA WHYMPER,2026,5,4095.11,12,verificado
PLUMROSE,2026,1,2741.2,14,verificado
PLUMROSE,2026,2,9040.93,65,verificado
PLUMROSE,2026,3,6870.56,47,verificado
PLUMROSE,2026,4,20345.49,87,verificado
PLUMROSE,2026,5,15525.54,56,verificado
PLUS OPTICAL,2026,1,288.05,20,verificado
PLUS OPTICAL,2026,2,316.86,22,verificado
PLUS OPTICAL,2026,3,288.05,19,verificado
PLUS OPTICAL,2026,4,5265.56,185,verificado
PLUS OPTICAL,2026,5,4849.03,171,verificado
PLUS OPTICAL,2026,6,320.86,11,verificado
PLUSMEDICAL,2026,3,1040.07,5,verificado
PLUSVALIA,2026,2,201.1,1,verificado
PLUSVALIA,2026,3,493.61,3,verificado
PLUSVALIA,2026,4,402.2,2,verificado
PLUSVALIA,2026,5,511.89,2,verificado
PMJ ARQUITECTOS,2026,2,25.58,2,verificado
POCASI,2026,2,201.1,1,verificado
PODOMAS,2026,2,2700.19,9,verificado
PODOMAS,2026,3,6864.48,33,verificado
PODOMAS,2026,4,1798.14,8,verificado
POER,2026,2,10572.85,1126,verificado
POER,2026,3,478.19,38,verificado
POINT TECHNOLOGY,2026,3,329.07,2,verificado
POINT TECHNOLOGY,2026,5,560.04,2,verificado
POLARIS,2026,4,1407.71,7,verificado
POLI,2026,2,7503.75,22,verificado
POLI,2026,3,6032.4,26,verificado
POLI,2026,4,5456.39,20,verificado
POLI,2026,5,5040.34,17,verificado
POLI,2026,6,280.02,1,verificado
POLICENTRO,2026,1,214.7,44,verificado
POLICENTRO,2026,2,15825.67,650,verificado
POLICENTRO,2026,3,14956.8,455,verificado
POLICENTRO,2026,4,6096.78,414,verificado
POLICENTRO,2026,5,15559.06,521,verificado
POLICENTRO,2026,6,606.02,30,verificado
POLICIA NACIONAL,2026,2,3548.72,11,verificado
POLICIA NACIONAL,2026,3,1872.13,9,verificado
POLIMEX,2026,1,619.31,43,verificado
POLIMEX,2026,2,748.93,52,verificado
POLIMEX,2026,3,777.74,54,verificado
POLIMEX,2026,4,1113.0,53,verificado
POLIMEX,2026,5,1197.0,57,verificado
POLIMEX,2026,6,126.0,6,verificado
POLIPAPEL,2026,2,2106.67,9,verificado
POLIPAPEL,2026,3,537.09,3,verificado
POLIPAPEL,2026,4,4341.6,1,verificado
POLLO CAMPERO,2026,1,256.08,64,verificado
POLLO CAMPERO,2026,2,226.57,51,verificado
POLLO FAVORITO S.A.,2026,3,967.95,1,verificado
POLLO FORASTERO,2026,1,84.09,22,verificado
POLLO FORASTERO,2026,2,323.28,79,verificado
POLLO FORASTERO,2026,3,368.12,87,verificado
POLLO FORASTERO,2026,4,313.09,62,verificado
POLLO FORASTERO,2026,5,297.04,55,verificado
POLLO FORASTERO,2026,6,18.06,3,verificado
POLLO KOKO RIKO,2026,2,50.35,6,verificado
POLLOS A LA BRASA BARCELONA,2026,6,42.56,4,verificado
POMPI FRESH,2026,2,25456.76,29,verificado
POMPI FRESH,2026,3,442.46,2,verificado
POMPI FRESH,2026,4,201.1,1,verificado
POMPI FRESH,2026,5,6750.87,26,verificado
POND´S,2026,1,41434.54,604,verificado
POND´S,2026,2,58279.35,538,verificado
POND´S,2026,3,62707.19,586,verificado
POND´S,2026,4,34036.18,273,verificado
PONTE VEDRA,2026,3,329.07,2,verificado
PONTIFICIA UNIV. CATOLICA DEL ECUADOR,2026,1,4550.09,360,verificado
PONTIFICIA UNIV. CATOLICA DEL ECUADOR,2026,2,5703.54,366,verificado
PONTIFICIA UNIV. CATOLICA DEL ECUADOR,2026,3,1316.28,6,verificado
PONTIFICIA UNIV. CATOLICA DEL ECUADOR,2026,5,840.06,3,verificado
PONTIFICIA UNIV.CATOLICA DE MANABI,2026,3,4113.39,23,verificado
PONTIFICIA UNIV.CATOLICA DE MANABI,2026,4,2011.0,8,verificado
PONTIFICIA UNIV.CATOLICA DE MANABI,2026,5,280.02,1,verificado
PONY MALTA,2026,3,2839.31,11,verificado
PONY MALTA,2026,4,34993.67,503,verificado
PONY MALTA,2026,5,30035.83,432,verificado
PONY MALTA,2026,6,1564.63,37,verificado
PORSCHE,2026,2,9043.04,42,verificado
PORSCHE,2026,3,416.03,2,verificado
PORSCHE,2026,5,1559.75,6,verificado
PORTANA PUB,2026,3,493.61,3,verificado
PORTOCENTRO,2026,1,2216.29,3,verificado
PORTOCENTRO,2026,2,3072.54,4,verificado
PORTOCENTRO,2026,3,4200.79,5,verificado
PORTOCENTRO,2026,4,3872.69,5,verificado
PORTOCENTRO,2026,5,2216.29,3,verificado
POWERADE,2026,3,5.78,1,verificado
POZO MILLONARIO,2026,1,293.55,44,verificado
POZO MILLONARIO,2026,2,1072.53,77,verificado
POZO MILLONARIO,2026,3,1390.59,233,verificado
POZO MILLONARIO,2026,4,2126.86,242,verificado
POZO MILLONARIO,2026,5,1801.82,137,verificado
POZO MILLONARIO,2026,6,264.76,14,verificado
PR FLORAL STUDIO,2026,2,1769.62,1,verificado
PR PRODUCCIONES,2026,1,5.61,6,verificado
PR PRODUCCIONES,2026,2,6.54,7,verificado
PR PRODUCCIONES,2026,3,4.67,5,verificado
PR PRODUCCIONES,2026,4,6.63,3,verificado
PR PRODUCCIONES,2026,5,8.84,4,verificado
PR PRODUCCIONES,2026,6,4.42,2,verificado
PRAXIS,2026,5,1943.37,1,verificado
PRECISAGRO,2026,1,1286.31,143,verificado
PRECISAGRO,2026,2,652.78,82,verificado
PRECISAGRO,2026,5,280.02,1,verificado
PRECISAGRO,2026,6,560.04,2,verificado
PREFECTURA DE IMBABURA,2026,2,801.14,3,verificado
PREFECTURA DE IMBABURA,2026,3,15.37,2,verificado
PREFECTURA DE MANABI,2026,3,625.08,12,verificado
PREFECTURA DE PICHINCHA,2026,3,1872.13,9,verificado
PREFECTURA DE SANTA ELENA,2026,1,1097.29,2,verificado
PREMIERPET,2026,1,168.52,16,verificado
PREMIERPET,2026,2,1850.17,9,verificado
PREMIERPET,2026,3,2237.02,11,verificado
PREMIERPET,2026,4,804.41,4,verificado
PREMIERPET,2026,5,611.87,2,verificado
PREMIERPET,2026,6,535.96,2,verificado
PREMIOS DISCO ROJO,2026,5,6090.01,6,verificado
PREMIOS EXCELENCIA LOGISTICAS ECUADOR,2026,5,1178.95,1,verificado
PRES 2,2026,4,248.02,1,verificado
PRES 2,2026,5,5797.42,336,verificado
PRES 2,2026,6,215.75,22,verificado
PRESERVATIVOS DUREX,2026,2,804.41,4,verificado
PRESERVATIVOS DUREX,2026,3,1195.23,7,verificado
PRESIDENCIA DE LA REPUBLICA,2026,1,189594.47,12116,verificado
PRESIDENCIA DE LA REPUBLICA,2026,2,111399.6,11329,verificado
PRESIDENCIA DE LA REPUBLICA,2026,3,243174.58,17779,verificado
PRESIDENCIA DE LA REPUBLICA,2026,4,418187.24,17092,verificado
PRESIDENCIA DE LA REPUBLICA,2026,5,186693.5,10091,verificado
PRESIDENCIA DE LA REPUBLICA,2026,6,13793.39,498,verificado
PRESIDENTE,2026,2,201.1,1,verificado
PRESIDENTE,2026,4,248.02,1,verificado
PRESTONE,2026,2,3105.66,12,verificado
PRESTONE,2026,3,7447.57,38,verificado
PRESTONE,2026,4,7072.01,28,verificado
PRESTONE,2026,5,2071.64,8,verificado
PRESTONE,2026,6,255.95,1,verificado
PREUNIVERSITARIO NEWMAN,2026,5,280.02,1,verificado
PREVIEX,2026,4,1802.99,161,verificado
PREVIEX,2026,5,1726.67,143,verificado
PREVIEX,2026,6,117.66,11,verificado
PRILABSA,2026,5,767.84,3,verificado
PRIMALAC,2026,2,1631.91,74,verificado
PRIMALAC,2026,3,1094.87,62,verificado
PRIMALAC,2026,5,765.95,68,verificado
PRIMAPLUS,2026,5,663.7,2,verificado
PRIMAX,2026,2,1364.22,1,verificado
PRIMAX,2026,3,7208.66,145,verificado
PRIMAX,2026,4,10800.58,321,verificado
PRIMAX,2026,5,12694.62,46,verificado
PRIMAX,2026,6,280.02,1,verificado
PRIME NUTRITION,2026,2,3214.36,15,verificado
PRIME NUTRITION,2026,3,1567.78,9,verificado
PRIME NUTRITION,2026,4,1501.55,7,verificado
PRIME NUTRITION,2026,5,280.02,1,verificado
PRIME PET,2026,2,3801.33,11,verificado
PRIME PET,2026,3,4610.4,21,verificado
PRIME PET,2026,4,4712.36,19,verificado
PRIME PET,2026,5,4968.12,18,verificado
PRIME PET,2026,6,280.02,1,verificado
PRIMEBOX,2026,3,832.06,4,verificado
PRIMEBOX,2026,5,1120.08,4,verificado
PRISMA HOGAR,2026,5,2167.93,8,verificado
PRO CERTIFICA,2026,2,172.37,16,verificado
PRO CERTIFICA,2026,3,204.7,19,verificado
PRO IMPORT MOTOS,2026,2,402.2,2,verificado
PRO IMPORT MOTOS,2026,3,658.14,4,verificado
PRO IMPORT MOTOS,2026,4,1407.71,7,verificado
PRO IMPORT MOTOS,2026,5,767.84,3,verificado
PRO NUTRITION,2026,2,1858.56,11,verificado
PRO NUTRITION,2026,3,1030.69,6,verificado
PRO ZONAS PROMOTORES INMOB.,2026,1,1616.85,242,verificado
PRO ZONAS PROMOTORES INMOB.,2026,2,1433.18,196,verificado
PRO ZONAS PROMOTORES INMOB.,2026,3,37.94,5,verificado
PRO-CAN,2026,2,1206.61,6,verificado
PRO-CAN,2026,3,20680.53,578,verificado
PRO-CAN,2026,4,14089.9,239,verificado
PRO-CAN,2026,5,18547.49,238,verificado
PRO-CAN,2026,6,255.95,1,verificado
PRO-CAT,2026,3,17219.9,212,verificado
PRO-CAT,2026,4,8066.9,97,verificado
PRO-CAT,2026,5,31005.96,979,verificado
PROAIRES S.A,2026,2,2011.01,10,verificado
PROAIRES S.A,2026,3,987.22,6,verificado
PROAIRES S.A,2026,4,4223.1,17,verificado
PROAIRES S.A,2026,5,2047.56,8,verificado
PROAIRES S.A,2026,6,255.95,1,verificado
PROALMEX,2026,2,402.2,2,verificado
PROALMEX,2026,4,248.02,1,verificado
PROAUDIO,2026,1,46.89,11,verificado
PROAUDIO,2026,2,1358.3,6,verificado
PROAUDIO,2026,3,1222.01,46,verificado
PROAUDIO,2026,4,10104.93,201,verificado
PROAUDIO,2026,5,10772.91,104,verificado
PROAÑO PROAÑO CONSTRUCTORA,2026,2,14.74,1,verificado
PROBELL,2026,6,280.02,1,verificado
PROCOINEEC,2026,2,201.1,1,verificado
PRODELSOL,2026,4,744.06,3,verificado
PRODESEG,2026,5,280.02,1,verificado
PRODIMEDA,2026,3,965.25,1,verificado
PRODUBANCO,2026,1,12418.79,8,verificado
PRODUBANCO,2026,2,111984.79,931,verificado
PRODUBANCO,2026,3,129718.68,1030,verificado
PRODUBANCO,2026,4,157666.34,945,verificado
PRODUBANCO,2026,5,140018.06,1523,verificado
PRODUBANCO,2026,6,8881.79,119,verificado
PRODUCCIONES CARIBBEAN KISS,2026,5,11.06,1,verificado
PRODUCCIONES DE CACHE,2026,1,84.1,30,verificado
PRODUCCIONES DE CACHE,2026,2,47.65,17,verificado
PROEXPO S.A.,2026,4,107.55,1,verificado
PROFECIONALI,2026,1,69.94,4,verificado
PROFECIONALI,2026,2,909.17,52,verificado
PROFECIONALI,2026,3,944.14,54,verificado
PROFECIONALI,2026,4,1007.75,63,verificado
PROFECIONALI,2026,5,431.89,27,verificado
PROGERMILA FORTE,2026,4,1811.94,111,verificado
PROGERMILA FORTE,2026,5,2014.62,122,verificado
PROGERMILA FORTE,2026,6,174.28,11,verificado
PROGRESS SERVICES,2026,2,11.63,1,verificado
PROGRESS SERVICES,2026,3,624.04,3,verificado
PROGRESS SERVICES,2026,4,496.04,2,verificado
PROHYGIENE,2026,1,181.7,46,verificado
PROHYGIENE,2026,2,158.0,40,verificado
PROHYGIENE,2026,3,118.5,30,verificado
PROHYGIENE,2026,4,279.58,64,verificado
PROHYGIENE,2026,5,161.63,37,verificado
PROKARNITA S.A,2026,4,754.65,1,verificado
PROKPIL,2026,2,300.02,1,verificado
PROMALAB,2026,2,1407.71,7,verificado
PROMART HOME CENTER,2026,2,12322.93,336,verificado
PROMART HOME CENTER,2026,3,16616.27,363,verificado
PROMART HOME CENTER,2026,4,27164.32,1120,verificado
PROMART HOME CENTER,2026,5,29265.46,1053,verificado
PROMART HOME CENTER,2026,6,467.46,20,verificado
PROMOSTORE,2026,4,1206.6,4,verificado
PROMOSTORE,2026,5,511.89,2,verificado
PROMOTORA INM. PROZONAS S.A.,2026,1,75.05,23,verificado
PROMOTORA INM. PROZONAS S.A.,2026,2,197.46,51,verificado
PROMOTORA INM. PROZONAS S.A.,2026,3,25.06,7,verificado
PRONACA,2026,1,15937.23,98,verificado
PRONACA,2026,2,18788.74,121,verificado
PRONACA,2026,3,28096.39,186,verificado
PRONACA,2026,4,37471.98,165,verificado
PRONACA,2026,5,28323.45,102,verificado
PRONACA,2026,6,280.02,1,verificado
PRONOBIS,2026,2,1801.8,1,verificado
PROSEGUR,2026,5,965.25,1,verificado
PROSIGMA,2026,4,84.25,1,verificado
PROSOL,2026,3,164.54,1,verificado
PROSOL,2026,4,5074.4,19,verificado
PROSOL,2026,5,1279.73,5,verificado
PROSOUN,2026,2,3.26,1,verificado
PROSTA EROS,2026,2,4174.99,227,verificado
PROSTA EROS,2026,3,3468.46,223,verificado
PROSTA EROS,2026,4,8974.89,482,verificado
PROSTA EROS,2026,5,8858.98,434,verificado
PROSTA EROS,2026,6,242.02,14,verificado
PROSTA MACHO,2026,5,98105.94,2632,verificado
PROSTA MACHO,2026,6,16425.28,362,verificado
PROSTA POWER,2026,4,340.51,14,verificado
PROSTA POWER,2026,5,729.67,30,verificado
PROSTA POWER,2026,6,97.29,4,verificado
PROSTAGERON,2026,1,5459.01,612,verificado
PROSTAGERON,2026,2,5249.67,540,verificado
PROSTAGERON,2026,3,5385.95,598,verificado
PROSTAGERON,2026,4,2207.56,594,verificado
PROSTAGERON,2026,5,2429.13,596,verificado
PROSTAGERON,2026,6,117.97,42,verificado
PROSTAZEUS DUO,2026,2,274167.44,7730,verificado
PROT INN COFFEE SHOP,2026,3,965.25,1,verificado
PROT INN COFFEE SHOP,2026,4,965.25,1,verificado
PROT INN COFFEE SHOP,2026,5,965.25,1,verificado
PROTECCION ANIMAL ECUADOR,2026,2,1002.25,4,verificado
PROTECCION ANIMAL ECUADOR,2026,4,5717.78,17,verificado
PROTECXIN,2026,5,767.84,3,verificado
PROTEJAS,2026,2,600.04,2,verificado
PROTEJAS,2026,3,15675.23,77,verificado
PROTEJAS,2026,4,11790.92,41,verificado
PROTEJAS,2026,5,20471.77,68,verificado
PROTEJAS,2026,6,280.02,1,verificado
PROTEX,2026,1,12461.3,402,verificado
PROTEX,2026,2,14329.66,460,verificado
PROTEX,2026,3,15497.31,523,verificado
PROYECTO AVENTURA,2026,2,405.97,63,verificado
PROYECTO AVENTURA,2026,3,309.31,48,verificado
PSYCHO BUNNY,2026,3,82.27,2,verificado
PULP,2026,3,1040.07,5,verificado
PULP,2026,5,1347.18,40,verificado
PULSO,2026,2,201.1,1,verificado
PULVAPIES,2026,2,201.1,1,verificado
PULVAPIES,2026,3,1664.12,8,verificado
PULVAPIES,2026,4,4712.36,19,verificado
PULVAPIES,2026,5,6440.44,23,verificado
PUNTA ARRECIFE,2026,2,221.23,1,verificado
PUNTA ARRECIFE,2026,3,562.26,5,verificado
PUNTA ARRECIFE,2026,4,1027.43,5,verificado
PUNTA ARRECIFE,2026,5,352.8,3,verificado
PUNTO MOTERO,2026,3,493.61,3,verificado
PUNTO MOTERO,2026,5,767.84,3,verificado
PUNTO NET,2026,1,29053.76,907,verificado
PUNTO NET,2026,2,14918.18,326,verificado
PUNTO NET,2026,3,45947.65,1025,verificado
PUNTO NET,2026,4,5049.15,75,verificado
PUNTO NET,2026,5,34365.8,734,verificado
PUNTO PASCANA,2026,3,269.44,1,verificado
PURA CODICIA,2026,5,1535.67,6,verificado
PURE NATURE,2026,3,3744.26,18,verificado
PURE NATURE,2026,4,1240.09,5,verificado
PURE NATURE,2026,5,2192.01,8,verificado
PURE NATURE,2026,6,560.04,2,verificado
PURIGI,2026,2,5088.33,8,verificado
PURIGI,2026,5,1222.94,1,verificado
PURINA,2026,3,4421.17,19,verificado
PURINA,2026,4,28506.55,78,verificado
PURINA,2026,5,41292.68,416,verificado
PURINA,2026,6,3138.05,63,verificado
PURUHA,2026,3,25.06,2,verificado
PURUHA SHOPPING,2026,2,546.44,35,verificado
PURUHA SHOPPING,2026,3,1910.08,122,verificado
PURUHA SHOPPING,2026,4,487.68,23,verificado
PURUHA SHOPPING,2026,5,1291.69,61,verificado
PURUHA SHOPPING,2026,6,51.34,2,verificado
PUSH,2026,2,250.06,4,verificado
PUSH,2026,3,120.79,2,verificado
PYCCA,2026,1,8.53,2,verificado
PYCCA,2026,2,1803.39,7,verificado
PYCCA,2026,3,1369.14,7,verificado
PYCCA,2026,4,35957.04,654,verificado
PYCCA,2026,5,40648.77,969,verificado
PYCCA,2026,6,1542.14,68,verificado
Q AUTO DETAILING,2026,1,9.3,1,verificado
Q AUTO DETAILING,2026,2,65.1,7,verificado
Q AUTO DETAILING,2026,3,167.4,18,verificado
Q AUTO DETAILING,2026,4,128.38,12,verificado
Q AUTO DETAILING,2026,5,64.19,6,verificado
QG5,2026,1,53312.57,1590,verificado
QG5,2026,2,59128.57,1603,verificado
QG5,2026,3,59703.08,1568,verificado
QG5,2026,4,127168.02,1978,verificado
QG5,2026,5,98740.0,1843,verificado
QG5,2026,6,7579.53,134,verificado
QRAR,2026,3,450.98,2,verificado
QUADRICCIO,2026,3,208.01,1,verificado
QUAKER,2026,2,3115.44,15,verificado
QUAKER,2026,3,493.61,3,verificado
QUAKER,2026,4,1206.61,6,verificado
QUALCO,2026,3,24.16,2,verificado
QUALITYGOOD,2026,3,2.63,1,verificado
QUALITYGOOD,2026,4,846.99,102,verificado
QUALITYGOOD,2026,5,87.35,30,verificado
QUALITYGOOD,2026,6,11.65,4,verificado
QUENTAO LICOR DE ACAI,2026,4,603.3,3,verificado
QUICENTRO SHOPING,2026,2,5.92,1,verificado
QUICENTRO SHOPING,2026,3,1394.21,135,verificado
QUICENTRO SHOPING,2026,4,3864.75,587,verificado
QUICENTRO SHOPING,2026,5,2291.17,84,verificado
QUICENTRO SHOPING-SAN LUIS-QUICENTRO SUR,2026,5,345.0,46,verificado
QUICENTRO SUR,2026,3,282.66,23,verificado
QUICENTRO SUR,2026,5,288.75,30,verificado
QUICK LINK,2026,2,50.28,1,verificado
QUICK LINK,2026,4,862.8,3,verificado
QUICK LINK,2026,5,331.85,1,verificado
QUIMPAC ECUADOR S.A.,2026,4,175.5,1,verificado
QUINDELOMA ART HOTEL & GALLERY,2026,1,482.2,61,verificado
QUINDELOMA ART HOTEL & GALLERY,2026,2,1264.8,160,verificado
QUINDELOMA ART HOTEL & GALLERY,2026,3,329.07,2,verificado
QUINDELOMA ART HOTEL & GALLERY,2026,4,1702.62,4,verificado
QUINDELOMA ART HOTEL & GALLERY,2026,5,331.85,1,verificado
QUINDIANO,2026,4,2542.2,11,verificado
QUINTA QUITO,2026,2,201.51,23,verificado
QUINTA QUITO,2026,3,346.39,39,verificado
QUINTA QUITO,2026,4,403.19,41,verificado
QUITO 15 K RACE ADIDAS,2026,2,2269.32,2,verificado
QUITO 15 K RACE ADIDAS,2026,3,18697.16,207,verificado
QUITO 15 K RACE ADIDAS,2026,4,2379.74,26,verificado
QUITO 15 K RACE ADIDAS,2026,5,1922.37,23,verificado
QUITO 21K,2026,3,100.24,8,verificado
QUITO 21K,2026,4,115.5,6,verificado
QUITO BOWLING & GOLF,2026,1,23.7,4,verificado
QUITO BOWLING & GOLF,2026,2,100.72,17,verificado
QUITO BOWLING & GOLF,2026,3,189.6,32,verificado
QUITO BOWLING & GOLF,2026,4,283.5,27,verificado
QUITO BOWLING & GOLF,2026,5,630.0,60,verificado
QUITO BOWLING & GOLF,2026,6,52.5,5,verificado
QUO VADIS HOTEL,2026,2,201.1,1,verificado
QWINES,2026,2,2976.28,9,verificado
QWINES,2026,3,416.02,1,verificado
RABANNE,2026,3,208.01,1,verificado
RACKERS (ALMACENAJE INDUSTRIAL),2026,2,823.68,1,verificado
RADIO AMIGA 90.1,2026,2,152.85,1,verificado
RADIO AMIGA 90.1,2026,3,42.01,1,verificado
RADIO AMIGA 90.1,2026,4,489.33,14,verificado
RADIO AMIGA 90.1,2026,5,234.5,7,verificado
RADIO CARAVANA 750 AM,2026,2,32.8,4,verificado
RADIO CENTRO (GUAYAQUIL),2026,1,195.38,34,verificado
RADIO CENTRO (GUAYAQUIL),2026,5,585.2,38,verificado
RADIO CENTRO (GUAYAQUIL),2026,6,431.2,28,verificado
RADIO CENTRO (QUITO),2026,2,262.33,20,verificado
RADIO CITY,2026,1,75445.43,75,verificado
RADIO CITY,2026,2,38310.5,66,verificado
RADIO CITY,2026,3,32219.22,22,verificado
RADIO CITY,2026,4,36905.09,21,verificado
RADIO CITY,2026,5,55166.42,35,verificado
RADIO CITY,2026,6,1768.52,1,verificado
RADIO COLON,2026,1,1004.22,166,verificado
RADIO COLON,2026,2,760.61,130,verificado
RADIO COLON,2026,3,755.67,131,verificado
RADIO COLON,2026,4,973.33,135,verificado
RADIO COLON,2026,5,942.23,127,verificado
RADIO COLON,2026,6,64.45,7,verificado
RADIO DISNEY,2026,1,3898.98,146,verificado
RADIO DISNEY,2026,2,923.08,36,verificado
RADIO DISNEY,2026,3,1066.46,40,verificado
RADIO DISNEY,2026,4,3245.08,154,verificado
RADIO DISNEY,2026,5,2609.03,136,verificado
RADIO DISNEY,2026,6,140.0,7,verificado
RADIO ELITE FM,2026,1,1147.36,157,verificado
RADIO ELITE FM,2026,2,992.06,181,verificado
RADIO ELITE FM,2026,3,1249.67,228,verificado
RADIO ELITE FM,2026,4,378.85,258,verificado
RADIO ELITE FM,2026,5,258.37,193,verificado
RADIO ELITE FM,2026,6,16.06,12,verificado
RADIO ESTEREO ZARACAY,2026,1,2029.99,121,verificado
RADIO ESTEREO ZARACAY,2026,5,195.61,15,verificado
RADIO FABU,2026,2,8.04,1,verificado
RADIO FABU,2026,3,211.55,8,verificado
RADIO I-99 FM,2026,5,2059.2,1,verificado
RADIO LA TUYA,2026,1,1240.75,87,verificado
RADIO LA TUYA,2026,2,773.67,58,verificado
RADIO LA TUYA,2026,3,623.58,56,verificado
RADIO LA TUYA,2026,4,736.08,40,verificado
RADIO LA TUYA,2026,5,588.77,34,verificado
RADIO LATINA 88.1FM,2026,2,1071.14,187,verificado
RADIO METRO STEREO,2026,1,3763.94,463,verificado
RADIO METRO STEREO,2026,2,6461.18,794,verificado
RADIO METRO STEREO,2026,3,8379.76,1030,verificado
RADIO METRO STEREO,2026,4,12916.45,1046,verificado
RADIO METRO STEREO,2026,5,11364.9,919,verificado
RADIO METRO STEREO,2026,6,74.2,6,verificado
RADIO ONDA POSITIVA FM,2026,1,11.21,12,verificado
RADIO ONDA POSITIVA FM,2026,2,9.34,10,verificado
RADIO ONDA POSITIVA FM,2026,3,0.93,1,verificado
RADIO PUNTO ROJO 89.7 FM,2026,1,2675.96,87,verificado
RADIO PUNTO ROJO 89.7 FM,2026,2,1889.32,166,verificado
RADIO PUNTO ROJO 89.7 FM,2026,3,482.11,47,verificado
RADIO PUNTO ROJO 89.7 FM,2026,4,21026.1,444,verificado
RADIO PUNTO ROJO 89.7 FM,2026,5,19483.2,403,verificado
RADIO PUNTO ROJO 89.7 FM,2026,6,2044.92,6,verificado
RADIO ROMANCE 90.1 FM,2026,1,3272.68,339,verificado
RADIO ROMANCE 90.1 FM,2026,2,4925.29,290,verificado
RADIO ROMANCE 90.1 FM,2026,3,3040.98,315,verificado
RADIO ROMANCE 90.1 FM,2026,4,6674.06,291,verificado
RADIO ROMANCE 90.1 FM,2026,5,7820.81,341,verificado
RADIO ROMANCE 90.1 FM,2026,6,435.76,19,verificado
RADIO SONORAMA,2026,1,17.44,3,verificado
RADIO SUCRE CADENAR SATELITE,2026,2,133.67,33,verificado
RADIO SUCRE CADENAR SATELITE,2026,3,455.62,96,verificado
RADIO SUCRE CADENAR SATELITE,2026,4,25.72,5,verificado
RADIO SUCRE CADENAR SATELITE,2026,5,61.72,12,verificado
RADIO TROPICALIDA FM,2026,1,8.14,1,verificado
RADIO UNICA 94.5 FM,2026,3,6267.41,315,verificado
RADIO VISION,2026,1,2205.49,279,verificado
RADIO VISION,2026,2,110.67,14,verificado
RADIOSHACK,2026,2,1407.71,7,verificado
RADIOSHACK,2026,3,1698.22,9,verificado
RADIOSHACK,2026,4,1146.26,5,verificado
RADIOSHACK,2026,5,791.91,3,verificado
RAICES,2026,5,1535.67,6,verificado
RAID,2026,1,19325.81,350,verificado
RAID,2026,2,25189.07,450,verificado
RAID,2026,3,7817.87,129,verificado
RAID,2026,5,4935.18,19,verificado
RAID,2026,6,535.96,2,verificado
RAM (AUTO),2026,2,3513.58,347,verificado
RAM (AUTO),2026,3,4777.17,19,verificado
RAM (AUTO),2026,4,2390.5,9,verificado
RAM (AUTO),2026,5,995.55,3,verificado
RAMARIM,2026,4,402.2,2,verificado
RANCHERO,2026,1,542.41,50,verificado
RANCHERO,2026,3,2052.0,1,verificado
RANCHERO,2026,4,133480.37,2929,verificado
RANCHERO,2026,5,108511.32,3083,verificado
RANCHERO,2026,6,9296.28,253,verificado
RANCHO,2026,2,201.1,1,verificado
RANGER MOTORCYCLES,2026,2,1206.61,6,verificado
RANGER MOTORCYCLES,2026,3,1809.9,11,verificado
RANGER MOTORCYCLES,2026,4,4223.08,13,verificado
RANGER MOTORCYCLES,2026,5,767.84,3,verificado
RANSA,2026,3,832.06,4,verificado
RAPPI,2026,3,208.01,1,verificado
RAPPI,2026,5,1023.78,4,verificado
RAQUIFEROL,2026,2,2004.49,8,verificado
RAQUIFEROL,2026,5,2027.92,9,verificado
RAQUIFEROL,2026,6,815.98,3,verificado
RASTRO,2026,2,804.41,4,verificado
RASTRO,2026,3,329.07,2,verificado
RASTRO,2026,4,1407.71,7,verificado
RASTRO,2026,5,511.89,2,verificado
RASU PAMBA FEST,2026,3,180.43,14,verificado
RASU PAMBA FEST,2026,4,861.02,57,verificado
RAVENOL,2026,2,201.1,1,verificado
RAVENOL,2026,3,329.07,2,verificado
RAVENOL,2026,4,1608.8,7,verificado
RAVENOL,2026,5,1279.73,5,verificado
RAYENTERTAIMENT,2026,4,1717.49,133,verificado
RAYENTERTAIMENT,2026,5,5929.52,479,verificado
RAYENTERTAIMENT,2026,6,915.01,74,verificado
RAYMOND WEIL,2026,2,300.02,1,verificado
RAYOCAR,2026,4,6.58,2,verificado
RCA,2026,1,10866.96,225,verificado
RCA,2026,2,9821.21,210,verificado
RCA,2026,3,4479.69,152,verificado
RCA,2026,4,5779.77,109,verificado
RCA,2026,5,5940.04,148,verificado
RCA,2026,6,270.83,6,verificado
READY,2026,4,3472.27,14,verificado
READY NUTRITION,2026,2,900.06,3,verificado
REAL,2026,1,8733.32,70,verificado
REAL,2026,2,23349.51,515,verificado
REAL,2026,3,23323.01,442,verificado
REAL,2026,4,145090.26,3306,verificado
REAL,2026,5,133798.74,3413,verificado
REAL,2026,6,3671.66,73,verificado
REALITY IMPORT,2026,3,151.01,6,verificado
REALITY TUNING,2026,3,104.88,5,verificado
REASEGURADORA DEL ECUADOR,2026,2,13085.27,3,verificado
RECETAS NESTLE,2026,3,4998.31,28,verificado
RECETAS NESTLE,2026,4,10671.52,36,verificado
RECICLAR CIA. LTDA.,2026,6,560.04,2,verificado
RECORDERIS,2026,1,5399.9,20,verificado
RECORDERIS,2026,2,20949.47,79,verificado
RECORDERIS,2026,3,6663.64,30,verificado
RECORDERIS,2026,4,7735.2,22,verificado
RECORDERIS,2026,5,5331.81,36,verificado
RECTIFICADORA SALINAS,2026,3,369.87,1,verificado
RECUPERARTE,2026,1,1314.25,117,verificado
RED BULL,2026,2,1406.18,4,verificado
RED BULL,2026,3,1548.62,7,verificado
RED CRAB,2026,2,600.04,2,verificado
RED ECUATORIANA DE PEDAGOGIA,2026,2,300.02,1,verificado
RED ECUATORIANA DE PEDAGOGIA,2026,3,329.07,2,verificado
RED ECUATORIANA DE PEDAGOGIA,2026,4,201.1,1,verificado
RED PANTHER,2026,4,2830.15,198,verificado
RED PANTHER,2026,5,1956.47,162,verificado
RED PANTHER,2026,6,111.54,10,verificado
REDCON 1,2026,2,402.2,2,verificado
REDI,2026,2,138.68,13,verificado
REDI,2026,3,618.22,68,verificado
REDI,2026,4,1131.97,77,verificado
REDNI ECUADOR 2030 PRODUCTIVO Y SOSTENIB,2026,5,23450.89,550,verificado
REDOXON,2026,2,5696.69,27,verificado
REDOXON,2026,3,4867.08,21,verificado
REDUX CLINICA ESTETICA,2026,1,272.08,37,verificado
REDUX CLINICA ESTETICA,2026,2,638.71,94,verificado
REDUX CLINICA ESTETICA,2026,3,460.96,77,verificado
REDUX CLINICA ESTETICA,2026,4,14.57,10,verificado
REDUX CLINICA ESTETICA,2026,5,34.97,24,verificado
REEBOK,2026,2,2445.87,2,verificado
REEBOK,2026,3,329.07,2,verificado
REFORESTAMOS S.A.,2026,1,100.68,6,verificado
REFORESTAMOS S.A.,2026,2,276.88,18,verificado
REFORESTAMOS S.A.,2026,3,209.76,16,verificado
REFORESTAMOS S.A.,2026,4,286.92,15,verificado
REFORESTAMOS S.A.,2026,5,147.81,8,verificado
REFORESTAMOS S.A.,2026,6,86.94,4,verificado
REGENERIS (ALPINA),2026,2,3.74,1,verificado
REGENERIS (ALPINA),2026,5,1023.78,4,verificado
REGENEXT,2026,1,527.65,96,verificado
REGENEXT,2026,2,1298.57,240,verificado
REGENEXT,2026,3,26.36,7,verificado
REGENEXT,2026,4,5.14,1,verificado
REGENEXT,2026,5,6078.91,510,verificado
REGENEXT,2026,6,367.64,51,verificado
REGIA,2026,5,44833.79,714,verificado
REGIA,2026,6,4984.23,40,verificado
REJUVA LIFE CENTRO MEDICO,2026,1,559.06,34,verificado
RELIEF,2026,2,1800.13,6,verificado
RELY,2026,2,1746.24,140,verificado
RELY,2026,3,1984.76,50,verificado
RELY,2026,4,7117.15,336,verificado
RELY,2026,5,4886.43,246,verificado
REMECO,2026,2,2252.37,11,verificado
REMECO,2026,3,1352.1,7,verificado
REMECO,2026,5,1844.83,7,verificado
REMINGTON,2026,2,2804.01,25,verificado
REMINGTON,2026,3,3388.87,27,verificado
REMINGTON,2026,4,4597.29,32,verificado
REMINGTON,2026,5,8344.43,48,verificado
RENACIENTE,2026,2,13402.0,41,verificado
RENACIENTE,2026,3,5616.37,25,verificado
RENACIENTE,2026,4,13640.98,50,verificado
RENACIENTE,2026,5,19999.19,72,verificado
RENACIENTE,2026,6,1680.12,6,verificado
RENAULT,2026,2,16617.6,61,verificado
RENAULT,2026,3,8439.93,44,verificado
RENAULT,2026,4,12158.51,90,verificado
RENAULT,2026,5,9682.78,62,verificado
RENAULT,2026,6,280.02,1,verificado
RENE SILVA,2026,1,1176.9,16,verificado
RENE SILVA,2026,2,1096.76,19,verificado
RENE SILVA,2026,3,1462.68,35,verificado
RENE SILVA,2026,4,2102.94,34,verificado
RENE SILVA,2026,5,2144.6,43,verificado
RENE SILVA,2026,6,197.96,3,verificado
RENT A CAR,2026,5,58.8,5,verificado
REPRESENTACIONES ACASA S.A.,2026,1,71.6,10,verificado
REPUTATION DAY,2026,2,1178.95,1,verificado
RESAQUIT,2026,2,402.2,2,verificado
RESAQUIT,2026,3,164.54,1,verificado
RESGASA,2026,5,148.73,4,verificado
RESIFLEX,2026,2,201.1,1,verificado
RESIFLEX,2026,4,496.04,2,verificado
RESIFLEX,2026,5,560.04,2,verificado
REST. CASA GANGOTENA,2026,2,300.02,1,verificado
REST. CASA GANGOTENA,2026,3,208.01,1,verificado
REST. CASA GANGOTENA,2026,4,4464.29,13,verificado
REST. CASA GANGOTENA,2026,5,5320.36,18,verificado
REST. LA JAMA,2026,1,12.89,2,verificado
REST. LA JAMA,2026,2,45.11,7,verificado
REST. LA JAMA,2026,3,83.77,13,verificado
REST. LA JAMA,2026,4,97.73,8,verificado
REST. LA JAMA,2026,5,158.81,13,verificado
REST. LA JAMA,2026,6,12.22,1,verificado
REST. SPAGHETTI,2026,3,416.03,2,verificado
RESTONIC,2026,2,15.03,2,verificado
RESVERATROL,2026,1,23523.37,628,verificado
RESVERATROL,2026,2,57352.52,1072,verificado
RESVERATROL,2026,3,47815.02,778,verificado
RESVERATROL,2026,4,534.08,32,verificado
RESVERATROL,2026,5,74.14,5,verificado
RETARON,2026,1,3936.33,2,verificado
RETARON,2026,2,3801.89,2,verificado
REVESTI,2026,1,84.59,11,verificado
REVESTI,2026,2,267.07,46,verificado
REVESTI,2026,3,295.19,28,verificado
REVESTI,2026,4,172.47,25,verificado
REVESTI,2026,5,228.2,33,verificado
REVESTI,2026,6,27.61,4,verificado
REXONA,2026,1,28739.2,428,verificado
REXONA,2026,2,26406.18,329,verificado
REXONA,2026,3,16130.23,214,verificado
REXONA,2026,4,3451.22,11,verificado
REXONA,2026,5,38817.99,367,verificado
REXONA HOMBRE,2026,2,11503.77,179,verificado
REXONA HOMBRE,2026,3,21007.53,270,verificado
REXONA HOMBRE,2026,4,14488.18,199,verificado
REXONA MUJER,2026,2,14101.75,202,verificado
REXONA MUJER,2026,3,12591.05,204,verificado
REXONA MUJER,2026,4,14623.44,331,verificado
REXONA MUJER,2026,5,958.51,42,verificado
REY BOLON,2026,5,511.89,2,verificado
REY RANCHO NOBOA,2026,1,114.72,1,verificado
REY RANCHO NOBOA,2026,3,114.72,1,verificado
REY VICHE,2026,1,171.88,14,verificado
REY VICHE,2026,2,218.13,19,verificado
RIBERA DEL BUIJO,2026,2,3303.3,4,verificado
RIBERA DEL BUIJO,2026,3,493.61,3,verificado
RIBERA DEL BUIJO,2026,4,201.1,1,verificado
RIBERA DEL BUIJO,2026,5,1364.88,2,verificado
RIBERA DEL BUIJO,2026,6,280.02,1,verificado
RIBERA PARAISO,2026,2,804.41,4,verificado
RIBERA PARAISO,2026,3,987.21,5,verificado
RIBERA PARAISO,2026,5,560.04,2,verificado
RICACAO,2026,2,663.69,3,verificado
RICO ARROZ,2026,5,1387.22,80,verificado
RICO ARROZ,2026,6,256.95,15,verificado
RINCON DE PUEMBO,2026,5,1106.25,94,verificado
RINCON DE PUEMBO,2026,6,7.5,2,verificado
RIO STORE DE MI COMISARIATO,2026,2,9447.29,87,verificado
RIO STORE DE MI COMISARIATO,2026,3,1251.41,44,verificado
RIO STORE DE MI COMISARIATO,2026,4,11003.24,65,verificado
RIO STORE DE MI COMISARIATO,2026,5,9368.26,50,verificado
RIOCENTRO,2026,1,1390.13,206,verificado
RIOCENTRO,2026,2,6338.66,152,verificado
RIOCENTRO,2026,3,4027.32,192,verificado
RIOCENTRO,2026,4,8402.55,302,verificado
RIOCENTRO,2026,5,40660.9,641,verificado
RIOCENTRO,2026,6,2074.58,11,verificado
RISTORANTE POSITANO,2026,3,493.61,3,verificado
RISTORANTE POSITANO,2026,4,2413.2,10,verificado
RISTORANTE POSITANO,2026,5,511.89,2,verificado
RITZ,2026,3,28885.84,501,verificado
RITZ,2026,4,24121.94,368,verificado
RITZ,2026,5,8092.55,288,verificado
RITZ,2026,6,3233.33,138,verificado
RIVER CAFE,2026,5,11.0,1,verificado
RIVER MALL,2026,4,7.7,1,verificado
RIVIERA,2026,2,2100.15,7,verificado
RIVIERA (ELECTRODOMESTICO),2026,5,1559.75,6,verificado
RIVIERA DEL RIO,2026,3,164.54,1,verificado
RIVIERA DEL RIO,2026,4,402.2,2,verificado
RIZADAS,2026,2,600.04,2,verificado
RIZADAS,2026,5,4480.3,15,verificado
RM,2026,1,6078.49,211,verificado
RM,2026,2,26455.88,219,verificado
RM,2026,3,38038.22,255,verificado
RM,2026,4,30965.99,363,verificado
RM,2026,5,41297.51,699,verificado
RM,2026,6,2244.07,7,verificado
RM HOGAR,2026,4,19.25,1,verificado
RM HOGAR,2026,5,31.66,2,verificado
ROCHE,2026,2,4022.03,20,verificado
ROCHE,2026,3,2617.23,13,verificado
ROCHE,2026,4,6059.3,16,verificado
ROCHE,2026,5,5320.37,19,verificado
ROCHE,2026,6,280.02,1,verificado
ROCK SHOW CONCERT,2026,3,16.78,2,verificado
ROCK STONE,2026,2,2703.45,10,verificado
ROCK STONE,2026,3,2486.8,13,verificado
ROCK STONE,2026,5,420.03,3,verificado
ROCNARF,2026,3,1316.29,8,verificado
ROGERS,2026,5,1400.1,5,verificado
ROKADA,2026,1,88.88,15,verificado
ROLAND,2026,3,208.01,1,verificado
ROLAND,2026,4,496.04,2,verificado
ROLCARGO,2026,1,100.3,22,verificado
ROLCARGO,2026,2,232.06,30,verificado
ROLCARGO,2026,3,279.18,38,verificado
ROLCARGO,2026,4,281.3,37,verificado
ROLCARGO,2026,5,288.6,38,verificado
ROLEX,2026,2,2807.31,6,verificado
ROLEX,2026,3,1151.75,7,verificado
ROLEX,2026,4,2614.32,13,verificado
ROLEX,2026,5,2183.54,4,verificado
ROLORTIZ,2026,3,164.54,1,verificado
ROMEO,2026,5,1680.12,6,verificado
ROMERAL LTDA.,2026,4,8285.12,23,verificado
RON CARTAVIO,2026,3,164.54,1,verificado
RON CARTAVIO,2026,5,1535.67,5,verificado
RON RONERO,2026,2,300.02,1,verificado
RON RONERO,2026,3,745.1,4,verificado
RONSON,2026,4,402.2,2,verificado
ROOTOURS S.A.,2026,3,188.78,9,verificado
ROSA MEZCAL,2026,2,201.1,1,verificado
ROSA MEZCAL,2026,3,329.07,2,verificado
ROSA MEZCAL,2026,4,1809.9,8,verificado
ROSITA PICANTERIA,2026,1,758.69,73,verificado
ROSITA PICANTERIA,2026,2,385.89,37,verificado
ROSITA PICANTERIA,2026,3,275.8,27,verificado
ROSITA PICANTERIA,2026,4,266.0,21,verificado
ROSITA PICANTERIA,2026,5,327.6,26,verificado
ROSITA PICANTERIA,2026,6,11.2,1,verificado
ROSSI,2026,1,40.64,6,verificado
ROSSI,2026,2,34.49,4,verificado
ROSSI,2026,3,66.07,8,verificado
ROSSI,2026,4,66.4,5,verificado
ROSSI,2026,5,97.58,8,verificado
ROUSS DENTAL,2026,2,300.02,1,verificado
ROUTE 21 GRILL,2026,1,213.04,38,verificado
ROUTE 21 GRILL,2026,2,39.24,7,verificado
ROUTE 21 GRILL,2026,3,100.92,18,verificado
ROUTE 21 GRILL,2026,4,291.87,22,verificado
ROUTE 21 GRILL,2026,5,159.2,12,verificado
ROUTE 21 GRILL,2026,6,79.6,6,verificado
ROUTE 21 PRODUCCIONES,2026,1,19.62,3,verificado
ROUTE 21 PRODUCCIONES,2026,2,65.41,10,verificado
ROUTE 21 PRODUCCIONES,2026,3,136.42,21,verificado
ROUTE 21 PRODUCCIONES,2026,4,800.42,52,verificado
ROUTE 21 PRODUCCIONES,2026,5,1812.18,71,verificado
ROX MOTOR,2026,2,1568.55,4,verificado
ROX MOTOR,2026,4,965.25,1,verificado
ROX MOTOR,2026,5,849.17,17,verificado
ROX MOTOR,2026,6,109.92,3,verificado
ROYAL,2026,2,50.01,4,verificado
ROYAL,2026,3,16998.96,275,verificado
ROYAL,2026,4,19725.84,206,verificado
ROYAL,2026,5,1179.36,1,verificado
ROYAL,2026,6,1551.9,24,verificado
ROYAL CANIN,2026,2,8400.59,27,verificado
ROYAL CANIN,2026,3,208.01,1,verificado
ROYAL CANIN,2026,5,3640.24,12,verificado
ROYAL CANIN,2026,6,280.02,1,verificado
ROYAL ENFIELD,2026,2,300.02,1,verificado
ROYAL ENFIELD,2026,3,1698.22,9,verificado
ROYAL GRA,2026,1,25.81,1,verificado
ROYAL GRA,2026,2,13426.75,504,verificado
ROYAL GRA,2026,3,19557.08,732,verificado
ROYAL GRA,2026,4,9686.16,749,verificado
ROYAL GRA,2026,5,10378.0,732,verificado
ROYAL GRA,2026,6,741.39,62,verificado
ROYAL PRESTIGE,2026,2,20523.08,111,verificado
ROYAL PRESTIGE,2026,3,19987.07,107,verificado
ROYAL PRESTIGE,2026,4,33236.72,155,verificado
ROYAL PRESTIGE,2026,5,29538.85,142,verificado
ROYAL PRESTIGE,2026,6,1218.52,9,verificado
RR ENTERTAINMENT,2026,3,1312.93,147,verificado
RUEDA DE NOGOCIOS CON TAIWAN,2026,2,566.35,1,verificado
RUFFLES,2026,4,488.7,2,verificado
RUFFLES,2026,5,7632.52,15,verificado
RUFFLES,2026,6,255.95,1,verificado
RUFFLES/DORITOS/DE TODITOS,2026,4,1076.44,100,verificado
RUFFLES/DORITOS/DE TODITOS,2026,5,2031.01,189,verificado
RUNADE,2026,4,1595.38,7,verificado
RUNADE,2026,5,6127.47,21,verificado
RUNNING COAST,2026,5,511.89,2,verificado
RUTA DE LAS IGLESIAS,2026,4,7079.09,49,verificado
RUTA DE LAS IGLESIAS,2026,5,7218.22,50,verificado
RUTA DE LAS IGLESIAS,2026,6,334.73,4,verificado
RUTA DEL SABOR,2026,2,661.06,63,verificado
RUTA DEL SABOR,2026,3,577.12,55,verificado
RUTA DEL SABOR,2026,4,633.6,66,verificado
RUTA DEL SABOR,2026,5,585.6,61,verificado
RUTA DEL SABOR,2026,6,57.6,6,verificado
RYM COURIER,2026,2,1800.13,6,verificado
S NAP SHOT,2026,3,580.56,3,verificado
S NAP SHOT,2026,4,3720.28,15,verificado
S NAP SHOT,2026,5,7903.89,29,verificado
S NAP SHOT,2026,6,560.04,2,verificado
S Y O LA PESCA,2026,5,4095.11,12,verificado
S-OIL,2026,3,431.94,24,verificado
S-OIL,2026,4,936.91,83,verificado
S-OIL,2026,5,811.15,42,verificado
SABORA,2026,2,201.1,1,verificado
SACA LA RESACA,2026,5,1037.58,62,verificado
SACA LA RESACA,2026,6,91.0,6,verificado
SAENZ,2026,3,7982.13,39,verificado
SAENZ,2026,4,10664.8,42,verificado
SAENZ,2026,5,280.02,1,verificado
SAENZ,2026,6,840.06,3,verificado
SAFARI BIKE,2026,2,5.27,1,verificado
SAFARI XTREME,2026,1,15.8,4,verificado
SAFE PLACE,2026,2,201.1,1,verificado
SAFETY ENFORCEMENT,2026,1,424.76,1,verificado
SAFIED S.A,2026,3,483.98,1,verificado
SAIA IMPORTADORA ANDINA,2026,3,11.2,1,verificado
SAIA IMPORTADORA ANDINA,2026,6,22.4,2,verificado
SAIGON DEL ECUADOR,2026,5,767.84,3,verificado
SALCEDO MOTORS,2026,1,475.02,90,verificado
SALCEDO MOTORS,2026,2,671.12,124,verificado
SALCEDO MOTORS,2026,3,752.12,140,verificado
SALCEDO MOTORS,2026,4,1918.9,140,verificado
SALCEDO MOTORS,2026,5,2378.75,187,verificado
SALCEDO MOTORS,2026,6,272.8,20,verificado
SALERM,2026,2,50.28,1,verificado
SALFIPIL S.A.,2026,3,179.25,1,verificado
SALINAS GOLF & TENIS,2026,4,95.6,1,verificado
SALINAS YACHT CLUB,2026,4,359.64,1,verificado
SALINERITO,2026,2,1101.17,4,verificado
SALINERITO,2026,5,2800.19,10,verificado
SALMOIL,2026,4,1454.63,7,verificado
SALMOIL,2026,5,255.95,1,verificado
SALON DE NAVIDAD,2026,1,29.62,5,verificado
SALON TRES ESTRELLAS,2026,3,208.01,1,verificado
SALSAS MIA,2026,2,5601.48,18,verificado
SALSAS MIA,2026,3,5321.4,23,verificado
SALSAS MIA,2026,4,6602.61,22,verificado
SALSAS MIA,2026,5,5040.34,17,verificado
SALSAS MIA,2026,6,280.02,1,verificado
SALUBRIS,2026,2,25.15,32,verificado
SALUBRIS,2026,3,9.69,13,verificado
SALUD AUDITIVA,2026,2,300.02,1,verificado
SALUD AUDITIVA,2026,3,2704.19,13,verificado
SALUD AUDITIVA,2026,5,2800.19,10,verificado
SALUDSA,2026,1,2344.73,29,verificado
SALUDSA,2026,2,13331.98,179,verificado
SALUDSA,2026,3,5569.44,161,verificado
SALUDSA,2026,4,7368.24,186,verificado
SALUDSA,2026,5,7790.99,149,verificado
SALVACERO,2026,3,208.01,1,verificado
SAMADI MOTOS,2026,2,501.12,2,verificado
SAMADI MOTOS,2026,3,208.01,1,verificado
SAMADI MOTOS,2026,6,280.02,1,verificado
SAMBOLON,2026,3,1858.58,28,verificado
SAMBOLON,2026,4,1608.79,6,verificado
SAMBOLON,2026,5,767.84,3,verificado
SAMBOMBA,2026,3,8.96,1,verificado
SAMSONITE,2026,4,248.02,1,verificado
SAMSUNG,2026,2,3609.26,31,verificado
SAMSUNG,2026,3,8326.81,108,verificado
SAMSUNG,2026,4,9612.31,41,verificado
SAMSUNG,2026,5,12145.63,286,verificado
SAMSUNG,2026,6,658.0,30,verificado
SAN CARLOS,2026,2,13659.83,40,verificado
SAN CARLOS,2026,3,14678.1,58,verificado
SAN CARLOS,2026,4,17445.27,67,verificado
SAN CARLOS,2026,5,13563.46,48,verificado
SAN CARLOS,2026,6,1096.0,4,verificado
SAN FELIPE,2026,4,965.25,1,verificado
SAN JOSE CHOCOLATE,2026,6,70.01,1,verificado
SAN MARCOS MEDICAL CENTER,2026,3,201.84,21,verificado
SAN MARCOS MEDICAL CENTER,2026,4,523.34,48,verificado
SAN MARCOS MEDICAL CENTER,2026,5,623.59,55,verificado
SAN MARCOS MEDICAL CENTER,2026,6,47.58,4,verificado
SAN MARINO SHOPPING,2026,2,2250.43,12,verificado
SAN MARINO SHOPPING,2026,3,3387.05,21,verificado
SAN MARINO SHOPPING,2026,4,1511.0,7,verificado
SAN MARINO SHOPPING,2026,5,2063.8,7,verificado
SAN MIGUEL,2026,3,2278.78,12,verificado
SAN MIGUEL,2026,4,15957.77,98,verificado
SAN MIGUEL,2026,5,928.06,19,verificado
SAN MIGUEL INDUSTRIALES (SMI),2026,4,258.12,1,verificado
SAN PATRICIO SMART LIVING,2026,3,1057.12,7,verificado
SANA MEDIC,2026,2,515.75,69,verificado
SANA MEDIC,2026,3,590.49,79,verificado
SANDUCHES LOS BIEN PUESTOS,2026,4,17.39,1,verificado
SANGAY FOODS,2026,2,1500.11,5,verificado
SANGAY FOODS,2026,3,1872.13,9,verificado
SANGAY FOODS,2026,4,4216.3,15,verificado
SANGAY FOODS,2026,5,1773.91,49,verificado
SANGAY FOODS,2026,6,67.97,8,verificado
SANGRIA FIESTA BRAVA,2026,1,484.77,26,verificado
SANGRIA FIESTA BRAVA,2026,2,326.57,22,verificado
SANISSIMO,2026,3,1074.17,6,verificado
SANTA BARBARA EP,2026,4,1772.52,1,verificado
SANTA PRISCILA,2026,1,11385.0,138,verificado
SANTA PRISCILA,2026,2,10171.45,110,verificado
SANTA PRISCILA,2026,3,1567.5,19,verificado
SANTA PRISCILA,2026,4,16042.98,283,verificado
SANTA PRISCILA,2026,5,12820.04,248,verificado
SANTA PRISCILA,2026,6,990.0,12,verificado
SANTA RITA (LABORATORIOS),2026,1,420.05,1,verificado
SANTA RITA (LABORATORIOS),2026,2,441.0,1,verificado
SANTA SAZON,2026,3,50.34,4,verificado
SANTA SAZON,2026,4,26.08,2,verificado
SANTA TERESITA DEL NIÑO JESUS,2026,5,144.78,10,verificado
SANTA TERESITA DEL NIÑO JESUS,2026,6,390.9,27,verificado
SANTANDER TAITA,2026,1,2572.23,1,verificado
SANTANDER TAITA,2026,4,4669.46,2,verificado
SANTANDER TAITA,2026,5,4905.17,2,verificado
SANTANDER UNIVERSIDADES,2026,1,643.1,88,verificado
SANTANDER UNIVERSIDADES,2026,2,540.79,74,verificado
SANTANDER UNIVERSIDADES,2026,3,334.63,46,verificado
SANTO BAR,2026,2,600.04,2,verificado
SANTO SAZON,2026,1,4.19,1,verificado
SANTO SAZON,2026,2,25.16,6,verificado
SANTO SAZON,2026,3,16.77,4,verificado
SANTO SAZON,2026,4,4.34,1,verificado
SANTO SAZON,2026,5,8.69,2,verificado
SANTO VERDE,2026,4,1005.51,5,verificado
SANTUARIO DE SCHOENSTATT,2026,4,312.23,41,verificado
SANTUARIO DE SCHOENSTATT,2026,5,2892.7,301,verificado
SANY,2026,3,22.46,1,verificado
SANYTOL,2026,4,2013.21,7,verificado
SAORI SUSHI,2026,4,804.41,4,verificado
SASCHA FITNESS,2026,2,300.02,1,verificado
SAUBER,2026,2,21554.77,84,verificado
SAUBER,2026,3,6019.63,35,verificado
SAUBER,2026,4,3995.17,18,verificado
SAUBER,2026,5,6287.13,24,verificado
SAVILOE,2026,3,10583.05,213,verificado
SAVILOE,2026,4,6315.27,92,verificado
SAVITAL,2026,2,71774.71,1143,verificado
SAVITAL,2026,3,81050.31,1320,verificado
SAVITAL,2026,4,85832.9,1011,verificado
SAVITAL,2026,5,45193.99,311,verificado
SAVITAL,2026,6,1866.15,1,verificado
SAYVISA,2026,2,858.03,44,verificado
SAYVISA,2026,3,416.23,43,verificado
SCALA SHOPPING,2026,1,85.82,1,verificado
SCALA SHOPPING,2026,3,870.49,95,verificado
SCALA SHOPPING,2026,4,1002.57,99,verificado
SCALA SHOPPING,2026,5,3604.97,252,verificado
SCALA SHOPPING,2026,6,328.32,34,verificado
SCHULLO,2026,3,376.43,1,verificado
SCHWEPPES,2026,3,747.59,117,verificado
SCHWEPPES,2026,4,3513.9,181,verificado
SCHWEPPES,2026,5,17495.62,297,verificado
SCIENZA BODY CARE,2026,5,511.89,2,verificado
SEASCAPE LUXURY RESORT,2026,3,54.81,9,verificado
SEASCAPE LUXURY RESORT,2026,4,110.0,10,verificado
SEASCAPE LUXURY RESORT,2026,5,143.0,13,verificado
SEASCAPE LUXURY RESORT,2026,6,11.0,1,verificado
SECRET,2026,2,2312.76,10,verificado
SECRET,2026,3,11864.74,150,verificado
SECRET,2026,4,15628.97,190,verificado
SECRET,2026,5,13875.82,123,verificado
SECRET. DE GESTION INMOB. DEL SECTOR PUB,2026,2,544.96,25,verificado
SECRET. DE GESTION INMOB. DEL SECTOR PUB,2026,3,54.15,5,verificado
SECRET.GENERAL DE COMUNICACION,2026,3,442.46,1,verificado
SECRET.GENERAL DE COMUNICACION,2026,5,1791.62,7,verificado
SECURITY DATA,2026,1,1801.17,3,verificado
SECURITY DATA,2026,2,529.29,19,verificado
SECURITY DATA,2026,3,987.22,6,verificado
SECURITY DATA,2026,4,4361.04,4,verificado
SECURITY DATA,2026,5,3862.79,4,verificado
SECURITY DATA,2026,6,1626.27,13,verificado
SEDAL,2026,2,46107.26,729,verificado
SEDAL,2026,3,44353.64,636,verificado
SEDAL,2026,4,26087.73,351,verificado
SEGLE,2026,2,201.1,1,verificado
SEGLE,2026,3,164.54,1,verificado
SEGLE,2026,4,201.1,1,verificado
SEGURILAB,2026,1,73.56,6,verificado
SEGURILAB,2026,2,75.02,6,verificado
SEGURILAB,2026,3,24.16,2,verificado
SEGURILAB,2026,4,39.8,4,verificado
SEGURILAB,2026,5,39.68,4,verificado
SEGURILAB CENTRO MEDICO ESPECIALIDADES,2026,1,252.54,18,verificado
SEGURILAB CENTRO MEDICO ESPECIALIDADES,2026,2,298.82,20,verificado
SEGURILAB CENTRO MEDICO ESPECIALIDADES,2026,3,224.68,16,verificado
SEGURILAB CENTRO MEDICO ESPECIALIDADES,2026,4,132.32,12,verificado
SEGURILAB CENTRO MEDICO ESPECIALIDADES,2026,5,224.21,20,verificado
SEGUROS ALIANZA,2026,2,1200.07,3,verificado
SEGUROS ALIANZA,2026,3,378.03,3,verificado
SEGUROS ALIANZA,2026,4,1180.83,5,verificado
SEGUROS CHUBB,2026,2,34386.19,78,verificado
SEGUROS CHUBB,2026,3,3077.07,115,verificado
SEGUROS CHUBB,2026,4,28108.73,150,verificado
SEGUROS CHUBB,2026,5,38495.68,110,verificado
SEGUROS CHUBB,2026,6,1783.77,5,verificado
SEGUROS COLON,2026,2,229.44,1,verificado
SEGUROS CONDOR,2026,1,368.76,92,verificado
SEGUROS CONDOR,2026,2,70.28,20,verificado
SEGUROS CONDOR,2026,4,992.08,4,verificado
SEGUROS DEL PICHINCHA S.A.,2026,2,17862.13,5,verificado
SEGUROS DEL PICHINCHA S.A.,2026,3,1046.07,6,verificado
SEGUROS DEL PICHINCHA S.A.,2026,4,2480.19,10,verificado
SEGUROS DEL PICHINCHA S.A.,2026,6,280.02,1,verificado
SEGUROS LA UNION,2026,2,4013.05,2,verificado
SEGUROS SUCRE,2026,4,1919.77,3,verificado
SEGUROS UNIDOS S.A.,2026,2,6221.1,27,verificado
SEGUROS UNIDOS S.A.,2026,3,2511.52,15,verificado
SEGUROS UNIDOS S.A.,2026,4,804.41,4,verificado
SEGUROS UNIDOS S.A.,2026,5,3839.18,15,verificado
SEGUROS UNIDOS S.A.,2026,6,280.02,1,verificado
SEGUROS.COM.EC,2026,3,6.46,1,verificado
SEGUROS.COM.EC,2026,4,6.43,1,verificado
SEGURPACIFIC  C.LTDA.,2026,4,86.04,1,verificado
SEIVA CLUB,2026,2,100.67,8,verificado
SELLO AZUL,2026,2,600.04,2,verificado
SELLO AZUL,2026,3,1456.1,7,verificado
SELLO AZUL,2026,4,1736.13,7,verificado
SELLO AZUL,2026,5,1960.13,7,verificado
SELLO AZUL,2026,6,840.06,3,verificado
SEMAICA,2026,3,359.64,1,verificado
SEMEDIC CENT. MEDICO,2026,5,2815.39,8,verificado
SENDA,2026,2,201.1,1,verificado
SENFINECO,2026,3,832.06,4,verificado
SENSODYNE,2026,2,2433.55,7,verificado
SENSODYNE,2026,3,2172.66,8,verificado
SENSODYNE,2026,4,8013.26,15,verificado
SENSODYNE,2026,5,18884.38,33,verificado
SENZA,2026,4,248.02,1,verificado
SERCOMPETROL,2026,5,286.8,1,verificado
SERES,2026,3,164.54,1,verificado
SERES,2026,6,140.01,2,verificado
SERGIO VASQUEZ,2026,2,1457.12,106,verificado
SERGIO VASQUEZ,2026,3,1677.06,244,verificado
SERGIO VASQUEZ,2026,4,2433.11,354,verificado
SERGIO VASQUEZ,2026,5,5031.18,366,verificado
SERGIO VASQUEZ,2026,6,494.87,36,verificado
SERLIPEN S.A.,2026,5,214.86,1,verificado
SERPE,2026,5,1178.95,1,verificado
SERVAMAIN,2026,1,100.38,1,verificado
SERVI TAXI,2026,1,25.23,9,verificado
SERVI TAXI,2026,2,22.43,8,verificado
SERVI TAXI,2026,3,36.44,13,verificado
SERVI TAXI,2026,4,165.83,25,verificado
SERVI TAXI,2026,5,119.4,18,verificado
SERVI TAXI,2026,6,6.63,1,verificado
SERVICAT,2026,3,372.55,2,verificado
SERVICIO DE CESANTIA DE LA POLICIA NAC.,2026,2,169.9,1,verificado
SERVICIO DE RENTAS INTERNAS,2026,4,183.81,1,verificado
SERVICIOS HOSPITALARIOS S.A. (ALBOTEOTON,2026,3,359.64,1,verificado
SERVICIOS HOSPITALARIOS S.A. (ALBOTEOTON,2026,4,1768.5,1,verificado
SERVIENTREGA,2026,1,466.63,57,verificado
SERVIENTREGA,2026,2,26921.92,1214,verificado
SERVIENTREGA,2026,3,979.4,69,verificado
SERVIENTREGA,2026,4,969.66,41,verificado
SERVIENTREGA,2026,5,4886.38,49,verificado
SERVIENTREGA,2026,6,1680.37,64,verificado
SERVIPAGOS,2026,3,832.06,4,verificado
SETECO,2026,5,511.89,2,verificado
SEVEN SEVEN,2026,3,4693.96,28,verificado
SEVEN SEVEN,2026,4,2460.14,12,verificado
SEYTU,2026,1,2340.51,18,verificado
SEYTU,2026,2,12076.41,38,verificado
SEYTU,2026,3,707.23,8,verificado
SEYTU,2026,4,575.2,2,verificado
SEÑAL X CIA. LTDA.,2026,6,1364.22,1,verificado
SEÑORA LEY ABOGADOS ESPECIALISTAS,2026,2,146.83,7,verificado
SEÑORA LEY ABOGADOS ESPECIALISTAS,2026,3,356.58,17,verificado
SEÑORA LEY ABOGADOS ESPECIALISTAS,2026,4,43.47,2,verificado
SEÑORA LEY ABOGADOS ESPECIALISTAS,2026,5,173.89,8,verificado
SHACMAN,2026,2,1500.09,4,verificado
SHACMAN,2026,4,5542.64,17,verificado
SHACMAN,2026,5,8449.91,19,verificado
SHAMPOO FAMILY,2026,3,416.03,2,verificado
SHAOLIN,2026,1,11448.54,257,verificado
SHAOLIN,2026,2,9627.71,220,verificado
SHE STUDIO HIGH EXCELLENCE,2026,5,560.04,2,verificado
SHELL,2026,2,2150.53,88,verificado
SHELL,2026,3,30234.03,323,verificado
SHELL,2026,4,31773.29,82,verificado
SHILUV,2026,2,201.1,1,verificado
SHINDAIWA,2026,3,416.03,2,verificado
SHINERAY,2026,1,20.5,2,verificado
SHINERAY,2026,2,821.27,3,verificado
SHINERAY,2026,3,12591.13,973,verificado
SHINERAY,2026,4,8915.65,15,verificado
SHINERAY,2026,5,8549.79,358,verificado
SHOE STORE,2026,3,658.14,4,verificado
SHOE STORE,2026,5,767.84,3,verificado
SHOES ALVARITO,2026,6,4.42,2,verificado
SHOES TATIANA,2026,1,2016.56,2,verificado
SHOPIN,2026,2,201.1,1,verificado
SHOPIN,2026,3,329.07,2,verificado
SHOWS 360,2026,3,1879.65,183,verificado
SHOWS 360,2026,4,2923.86,163,verificado
SI CAFE,2026,4,4465.47,358,verificado
SI CAFE,2026,5,5793.58,481,verificado
SI CAFE,2026,6,53.3,9,verificado
SI CAFE-PRES 2,2026,5,255.95,1,verificado
SICA,2026,1,702.1,89,verificado
SICONTAC CENTER S.A.,2026,2,107.55,1,verificado
SIE7E (BOUTIQUE),2026,3,2322.26,12,verificado
SIE7E (BOUTIQUE),2026,4,496.04,2,verificado
SIE7E (BOUTIQUE),2026,6,280.02,1,verificado
SIES SALUD,2026,1,144.84,21,verificado
SIGHT CONCERTS,2026,1,1576.53,148,verificado
SIGHT CONCERTS,2026,2,2406.42,9,verificado
SIGHT CONCERTS,2026,4,2443.48,17,verificado
SIGHT CONCERTS,2026,5,5114.38,5,verificado
SIGLO 21,2026,4,965.25,1,verificado
SIKA ECUATORIANA S.A.,2026,1,256.47,66,verificado
SIKA ECUATORIANA S.A.,2026,2,3948.3,527,verificado
SIKA ECUATORIANA S.A.,2026,3,7647.23,278,verificado
SIKA ECUATORIANA S.A.,2026,4,190.16,43,verificado
SIKA ECUATORIANA S.A.,2026,5,70.76,16,verificado
SIKA ECUATORIANA S.A.,2026,6,218.4,18,verificado
SIKURA,2026,2,201.1,1,verificado
SIKURA,2026,3,745.1,4,verificado
SIKURA,2026,5,17942.76,65,verificado
SIKURA,2026,6,255.95,1,verificado
SILED,2026,1,314.6,25,verificado
SILED,2026,2,629.2,50,verificado
SILED,2026,3,364.94,29,verificado
SILED,2026,4,378.17,29,verificado
SILED,2026,5,560.74,43,verificado
SILKA MEDIC,2026,2,762.55,1,verificado
SILKA MEDIC,2026,3,933.08,1,verificado
SILUETICA,2026,2,201.1,1,verificado
SILUETICA,2026,4,402.2,2,verificado
SILVERCROSS S.A.,2026,2,1097.01,2,verificado
SILVERCROSS S.A.,2026,5,965.25,1,verificado
SILVESTRA,2026,2,5327.56,26,verificado
SILVESTRA,2026,3,5557.78,34,verificado
SILVESTRA,2026,4,7333.43,26,verificado
SILVESTRA,2026,5,4911.1,17,verificado
SIM STORE.EC,2026,1,78.4,7,verificado
SIM STORE.EC,2026,2,56.0,5,verificado
SIM STORE.EC,2026,4,56.0,5,verificado
SIM STORE.EC,2026,5,33.6,3,verificado
SIMARIN,2026,2,4806.87,18,verificado
SIMARIN,2026,3,7904.55,38,verificado
SIMARIN,2026,4,4338.66,18,verificado
SIMARIN,2026,5,8352.43,30,verificado
SIME,2026,2,900.06,3,verificado
SIME,2026,3,164.54,1,verificado
SIME,2026,4,1984.15,8,verificado
SIME,2026,5,9520.64,33,verificado
SIME,2026,6,280.02,1,verificado
SIMED,2026,3,965.25,1,verificado
SIMMONS,2026,2,402.2,2,verificado
SIMMONS,2026,3,987.22,6,verificado
SIMMONS,2026,4,3016.52,15,verificado
SIMMONS,2026,5,511.89,2,verificado
SIMPARICA,2026,2,3854.86,8,verificado
SIMPARICA,2026,3,3044.38,8,verificado
SIMPARICA,2026,5,2240.15,7,verificado
SIMPLA,2026,2,201.1,1,verificado
SIMPLA,2026,3,2632.55,10,verificado
SIN CABLES,2026,4,1407.68,3,verificado
SIN CABLES,2026,5,1791.62,7,verificado
SIND. CHOFERES PROF. DE HUAQUILLAS,2026,3,334.85,1,verificado
SIND. CHOFERES PROFES. DE DAULE,2026,1,1512.95,104,verificado
SIND. CHOFERES PROFES. DE DAULE,2026,2,2006.68,128,verificado
SIND. CHOFERES PROFES. DE DAULE,2026,3,2321.44,144,verificado
SIND. CHOFERES PROFES. DE DAULE,2026,4,3117.07,150,verificado
SIND. CHOFERES PROFES. DE DAULE,2026,5,2931.93,143,verificado
SIND. CHOFERES PROFES. DE DAULE,2026,6,107.37,7,verificado
SIND. CHOFERES PROFES. PICHINCHA,2026,5,361.96,30,verificado
SIND. CHOFERES PROFES. PICHINCHA,2026,6,47.11,4,verificado
SINDICATO CHOFERES DE ARENILLA,2026,3,357.18,1,verificado
SINDICATO DE CHOFERES PROFESIONALES DAUL,2026,1,1194.21,78,verificado
SINDICATO DE CHOFERES PROFESIONALES DAUL,2026,2,616.34,51,verificado
SINDICATO DE CHOFERES PROFESIONALES DAUL,2026,3,744.23,59,verificado
SINDICATO DE CHOFERES PROFESIONALES DAUL,2026,4,1007.14,68,verificado
SINDICATO DE CHOFERES PROFESIONALES DAUL,2026,5,922.41,64,verificado
SINDICATO DE CHOFERES PROFESIONALES DAUL,2026,6,240.79,10,verificado
SINOHYDRO CORPORATION,2026,2,1819.54,22,verificado
SINOHYDRO CORPORATION,2026,3,1538.59,14,verificado
SINOHYDRO CORPORATION,2026,4,402.2,2,verificado
SINOHYDRO CORPORATION,2026,5,12853.72,139,verificado
SINOHYDRO CORPORATION,2026,6,1791.94,20,verificado
SINOTRUK,2026,1,1224.5,134,verificado
SINOTRUK,2026,2,13093.25,101,verificado
SINOTRUK,2026,3,12415.4,392,verificado
SINOTRUK,2026,4,11828.03,501,verificado
SINOTRUK,2026,5,3324.66,395,verificado
SINOTRUK,2026,6,280.13,36,verificado
SINTOFIL,2026,3,416.03,2,verificado
SION LUNG BUFFET & MARISCOS,2026,3,164.54,1,verificado
SIRI EVENTOS,2026,1,29.9,8,verificado
SIRI EVENTOS,2026,2,18.69,5,verificado
SIRI EVENTOS,2026,3,59.8,16,verificado
SIRI EVENTOS,2026,4,150.36,17,verificado
SIRI EVENTOS,2026,5,265.33,30,verificado
SIRI EVENTOS,2026,6,35.38,4,verificado
SIRI MODELS,2026,1,11.21,2,verificado
SIRI MODELS,2026,2,16.82,3,verificado
SIRI MODELS,2026,3,16.82,3,verificado
SIS DIGITAL,2026,2,116.26,10,verificado
SIS DIGITAL,2026,3,309.96,27,verificado
SIS DIGITAL,2026,4,354.2,28,verificado
SIS DIGITAL,2026,5,88.55,7,verificado
SKECHERS,2026,3,417.67,29,verificado
SKECHERS,2026,4,10622.89,488,verificado
SKECHERS,2026,5,2079.17,17,verificado
SKF,2026,3,1248.09,6,verificado
SKF,2026,4,248.02,1,verificado
SKODA,2026,2,312.88,2,verificado
SKRETTING,2026,2,2004.49,8,verificado
SKRETTING,2026,3,5535.63,18,verificado
SKRETTING,2026,4,30616.16,84,verificado
SKRETTING,2026,5,4449.21,10,verificado
SKYBIZ TRAVEL,2026,3,416.03,2,verificado
SKYLINE,2026,3,4.26,1,verificado
SKYWELL,2026,4,90.92,7,verificado
SKYWELL,2026,5,364.98,10,verificado
SMART,2026,2,2453.48,12,verificado
SMART,2026,3,2609.57,13,verificado
SMART,2026,4,1232.76,5,verificado
SMART,2026,5,1687.48,6,verificado
SMART,2026,6,560.04,2,verificado
SMART BUY,2026,2,201.1,1,verificado
SMART BUY,2026,5,331.85,1,verificado
SMART CLUB,2026,4,712.33,76,verificado
SMART FIT,2026,1,1138.05,194,verificado
SMART FIT,2026,2,5331.74,270,verificado
SMART FIT,2026,3,5256.83,201,verificado
SMART FIT,2026,4,8708.22,136,verificado
SMART FIT,2026,5,5242.82,109,verificado
SMART FIT,2026,6,336.22,9,verificado
SMART LIVING (ELECTRODOMESTICOS),2026,2,42.38,2,verificado
SMART LIVING - GT,2026,3,1.87,1,verificado
SMARTDECOR,2026,2,1005.51,5,verificado
SMARTDECOR,2026,5,255.95,1,verificado
SMARTLINK,2026,2,250.86,20,verificado
SMARTLINK,2026,3,2040.23,142,verificado
SMARTLINK,2026,4,706.85,136,verificado
SMARTPHONES SOLUCIONES,2026,4,7.7,1,verificado
SMARTSIM,2026,1,289.88,54,verificado
SMARTSIM,2026,2,272.28,44,verificado
SMARTSIM,2026,3,247.25,47,verificado
SMARTSIM,2026,4,600.6,59,verificado
SMARTSIM,2026,5,531.3,53,verificado
SMARTSIM,2026,6,61.6,6,verificado
SMASH,2026,2,402.2,2,verificado
SMASH,2026,3,329.07,2,verificado
SMASH,2026,4,804.41,4,verificado
SMECTA,2026,2,300.02,1,verificado
SMECTA,2026,5,2240.15,8,verificado
SMILE DENT,2026,3,22.43,8,verificado
SMILE DENT,2026,4,6.63,1,verificado
SMILE DESIGN,2026,3,0.93,1,verificado
SOC. BENEFICIENCIA DE SEÑORAS DE GYE,2026,2,175.5,1,verificado
SOC. DEPORTIVO QUITO,2026,3,83.77,13,verificado
SOC. ECUATORIANA DE UROLOGIA,2026,5,1819.4,206,verificado
SOC. ECUATORIANA DE UROLOGIA,2026,6,9.37,7,verificado
SOC. FUNERARIA NACIONAL,2026,3,792.89,1,verificado
SOC. FUNERARIA NACIONAL,2026,4,1359.24,2,verificado
SOCIAL MEDIA DAY,2026,4,852.4,1,verificado
SOCIAL MEDIA DAY,2026,5,9376.35,8,verificado
SOCIEDAD CIVIL Y COMERCIAL CND MACHACHI,2026,4,359.64,1,verificado
SOCIEPLAST S.A.,2026,4,1768.5,1,verificado
SOHO BURGERS & WINGS,2026,4,402.2,2,verificado
SOHO BURGERS & WINGS,2026,5,511.89,2,verificado
SOHO EDIF.,2026,3,416.03,2,verificado
SOL DE IPANEMA,2026,2,603.3,3,verificado
SOL DE IPANEMA,2026,3,8526.03,47,verificado
SOL DE IPANEMA,2026,4,10886.09,42,verificado
SOL DE IPANEMA,2026,5,2800.19,10,verificado
SOL IMPORTACIONES,2026,5,1791.62,7,verificado
SOLANO,2026,3,3120.22,15,verificado
SOLAVENIR,2026,1,1010.33,158,verificado
SOLAVENIR,2026,2,883.05,142,verificado
SOLAVENIR,2026,3,859.45,143,verificado
SOLAVENIR,2026,4,1674.4,151,verificado
SOLAVENIR,2026,5,1680.8,149,verificado
SOLAVENIR,2026,6,172.7,15,verificado
SOLCA,2026,1,16157.75,5,verificado
SOLCA,2026,2,9804.98,26,verificado
SOLCA,2026,3,8619.54,69,verificado
SOLCA,2026,4,5480.98,15,verificado
SOLCA,2026,5,5198.28,10,verificado
SOLCA,2026,6,1364.22,1,verificado
SOLINES SOLUCIONES INMOBIALIARIAS,2026,1,12412.68,2,verificado
SOLINES SOLUCIONES INMOBIALIARIAS,2026,3,3024.0,1,verificado
SOLPHOWER,2026,3,52.0,1,verificado
SOLPHOWER,2026,4,449.12,2,verificado
SOLPHOWER,2026,5,280.02,1,verificado
SOLVER,2026,2,804.41,4,verificado
SON OF A BURGER,2026,3,329.07,2,verificado
SONAX,2026,3,624.04,3,verificado
SONAX,2026,4,248.02,1,verificado
SONIDO E ILUMINACION MENDEZ,2026,4,33.17,3,verificado
SONIDOS TOALA,2026,5,8.84,1,verificado
SONLINK,2026,4,1206.6,5,verificado
SONLINK,2026,5,511.89,2,verificado
SONY,2026,2,52.68,4,verificado
SONY,2026,3,199.5,6,verificado
SONY,2026,4,11.56,2,verificado
SONY,2026,5,6.55,1,verificado
SONY PICTURES,2026,1,3734.77,59,verificado
SONY PICTURES,2026,2,7826.15,28,verificado
SONY PICTURES,2026,5,511.89,2,verificado
SONY STORE,2026,1,10.72,1,verificado
SONY STORE,2026,2,385.77,36,verificado
SONY STORE,2026,3,3118.61,344,verificado
SORBETTO ARTESANAL,2026,2,201.1,1,verificado
SORBETTO ARTESANAL,2026,3,329.07,2,verificado
SORBETTO ARTESANAL,2026,4,402.2,2,verificado
SORISEG CIA. LTDA.,2026,4,496.04,2,verificado
SORVO,2026,4,2232.15,7,verificado
SOTTILE,2026,2,16142.51,104,verificado
SOTTILE,2026,3,10141.07,76,verificado
SOTTILE,2026,4,304.42,4,verificado
SOTTILE,2026,5,3351.36,13,verificado
SPECIALIZED,2026,2,603.3,3,verificado
SPEED STICK,2026,4,27.5,1,verificado
SPEEDWRITING,2026,3,1253.87,89,verificado
SPEEDWRITING,2026,4,1827.82,86,verificado
SPEEDWRITING,2026,5,565.84,25,verificado
SPLASH TEARS,2026,3,658.14,4,verificado
SPLASH TEARS,2026,4,11227.83,33,verificado
SPLASH TEARS,2026,5,9367.34,35,verificado
SPLENDA,2026,4,965.25,1,verificado
SPLENDOR,2026,2,1800.13,6,verificado
SPLENDOR,2026,3,2288.16,11,verificado
SPLENDOR,2026,4,3242.72,10,verificado
SPLENDOR,2026,5,1692.12,10,verificado
SPLENDOR,2026,6,1123.08,5,verificado
SPORADE,2026,3,466.88,8,verificado
SPORADE,2026,5,560.04,2,verificado
SPORT FEST,2026,2,1704.8,2,verificado
SPORT PLANET BAR-RESTAURANT,2026,2,300.02,1,verificado
SPORT PLANET BAR-RESTAURANT,2026,3,2399.84,13,verificado
SPORT PLANET BAR-RESTAURANT,2026,5,1023.78,4,verificado
SPORT SOURCE,2026,2,402.2,2,verificado
SPORT SOURCE,2026,3,329.07,2,verificado
SPORT SOURCE,2026,4,8.96,1,verificado
SPORTBET PRONOSTICOS DEPORTIVOS,2026,1,1344.78,179,verificado
SPORTBET PRONOSTICOS DEPORTIVOS,2026,2,31921.91,1242,verificado
SPORTBET PRONOSTICOS DEPORTIVOS,2026,3,49950.78,2292,verificado
SPORTBET PRONOSTICOS DEPORTIVOS,2026,4,69222.09,3073,verificado
SPORTBET PRONOSTICOS DEPORTIVOS,2026,5,84012.15,2393,verificado
SPORTBET PRONOSTICOS DEPORTIVOS,2026,6,4407.92,104,verificado
SPORTMANCAR,2026,1,1027.35,34,verificado
SPORTS GARDEN,2026,3,0.93,1,verificado
STACEY MOTOS,2026,4,1407.71,7,verificado
STACEY MOTOS,2026,5,511.89,2,verificado
STAEDTLER,2026,2,603.3,3,verificado
STANGEN,2026,4,744.06,3,verificado
STANLEY (TERMOS),2026,3,329.07,2,verificado
STAR OFFICE,2026,2,201.1,1,verificado
STAR SHOW,2026,1,14.94,1,verificado
STAR SHOW,2026,3,1141.38,100,verificado
STAR SHOW,2026,4,13.43,1,verificado
STAR SHOW,2026,5,255.11,19,verificado
STARBUCKS,2026,3,5252.36,26,verificado
STARBUCKS,2026,5,965.25,1,verificado
STARLINK,2026,3,235.94,7,verificado
STARLINK,2026,4,137.84,2,verificado
STARLINK,2026,5,4493.38,25,verificado
STARLINK,2026,6,1171.64,3,verificado
STAV POLLO HORNEADO,2026,1,11.63,3,verificado
STAV POLLO HORNEADO,2026,2,10.29,3,verificado
STEREN,2026,2,2307.77,10,verificado
STEREN,2026,4,1796.47,7,verificado
STEREN,2026,5,1023.78,3,verificado
STEREN,2026,6,280.02,1,verificado
STEVIA FIT,2026,5,560.04,2,verificado
STEVIA LIFE,2026,1,3.26,1,verificado
STEVIA LIFE,2026,4,965.25,1,verificado
STEVIA SWEET,2026,2,8700.59,26,verificado
STEVIA SWEET,2026,3,8394.74,46,verificado
STEVIA SWEET,2026,4,402.2,2,verificado
STEVIA SWEET,2026,5,1535.67,6,verificado
STIHL,2026,1,1648.5,131,verificado
STIHL,2026,2,1661.09,132,verificado
STIHL,2026,3,1573.0,125,verificado
STIHL,2026,4,1421.41,109,verificado
STIHL,2026,5,1630.06,125,verificado
STIHL,2026,6,104.32,8,verificado
STONE,2026,1,514.9,7,verificado
STONE,2026,2,150.04,2,verificado
STONE,2026,3,217.43,3,verificado
STONE,2026,4,119.39,2,verificado
STRADIVARIUS,2026,6,560.04,2,verificado
STRAW BEAUTY,2026,1,2.9,1,verificado
STRAW BEAUTY,2026,3,10.62,3,verificado
STRAW BEAUTY,2026,4,31.96,4,verificado
STRAW BEAUTY,2026,5,7.2,1,verificado
STREPSILS,2026,2,39083.48,340,verificado
STREPSILS,2026,3,26554.26,615,verificado
STREPSILS,2026,4,16038.2,58,verificado
STREPSILS,2026,5,5768.53,21,verificado
STUDIO HOME,2026,5,280.02,1,verificado
SU FARMACIA,2026,5,6440.44,23,verificado
SUAVE,2026,3,2123.55,1,verificado
SUAVE,2026,5,1866.15,1,verificado
SUAVE,2026,6,1866.15,1,verificado
SUAVITEL,2026,1,11131.37,452,verificado
SUAVITEL,2026,2,12020.09,418,verificado
SUAVITEL,2026,3,270.79,52,verificado
SUBARU,2026,2,3941.69,18,verificado
SUBARU,2026,3,845.27,4,verificado
SUBARU,2026,4,977.41,4,verificado
SUBARU,2026,5,891.89,3,verificado
SUBARU,2026,6,560.04,2,verificado
SUDAMERICANA DE SOFTWARE S.A.,2026,1,2390.74,168,verificado
SUDAMERICANA DE SOFTWARE S.A.,2026,2,1913.81,133,verificado
SUDAMERICANA DE SOFTWARE S.A.,2026,3,1696.33,117,verificado
SUDAMERICANA DE SOFTWARE S.A.,2026,4,2367.55,152,verificado
SUDAMERICANA DE SOFTWARE S.A.,2026,5,2460.9,157,verificado
SUDAMERICANA DE SOFTWARE S.A.,2026,6,214.74,14,verificado
SUEROX,2026,1,37948.11,1187,verificado
SUEROX,2026,2,66028.7,1687,verificado
SUEROX,2026,3,57549.35,1380,verificado
SUEROX,2026,4,83943.28,1478,verificado
SUEROX,2026,5,56963.74,1092,verificado
SUEROX,2026,6,7122.2,126,verificado
SUKASA,2026,1,6266.35,76,verificado
SUKASA,2026,3,6397.88,71,verificado
SUKASA,2026,4,13280.23,134,verificado
SUKASA,2026,5,6611.63,35,verificado
SUKASA,2026,6,255.95,1,verificado
SUKASA * TODO HOGAR,2026,4,11.2,1,verificado
SUKASA * TODO HOGAR,2026,5,490.29,33,verificado
SUKIDA,2026,2,7239.62,32,verificado
SUKIDA,2026,3,7075.05,43,verificado
SUKIDA,2026,4,8895.32,37,verificado
SUKIDA,2026,5,3071.34,12,verificado
SUL BIBLOS,2026,5,511.89,2,verificado
SULTAN DE LOS ANDES,2026,2,201.1,1,verificado
SUMA CORP,2026,2,34.37,2,verificado
SUMAT EXPO,2026,5,1178.95,1,verificado
SUMIG,2026,3,208.01,1,verificado
SUMMIT 360,2026,2,1769.62,1,verificado
SUMMIT 360,2026,3,2059.2,1,verificado
SUNCARE,2026,1,4847.62,612,verificado
SUNCARE,2026,2,81723.96,1332,verificado
SUNCARE,2026,3,19813.51,30,verificado
SUNCARE,2026,4,1810.04,11,verificado
SUNCARE,2026,5,25716.03,483,verificado
SUNCARE,2026,6,5040.21,125,verificado
SUNDAYS,2026,2,2815.42,14,verificado
SUNDAYS,2026,3,1316.28,7,verificado
SUNGLASS HOT,2026,2,2700.17,7,verificado
SUNGLASS HOT,2026,5,280.02,1,verificado
SUNGLASS HOT,2026,6,280.02,1,verificado
SUNNY,2026,4,4471.12,18,verificado
SUNNY,2026,5,2047.56,8,verificado
SUPAN,2026,2,804.41,4,verificado
SUPAN,2026,3,208.01,1,verificado
SUPAN,2026,4,1005.51,5,verificado
SUPAN,2026,5,255.95,1,verificado
SUPAN,2026,6,280.02,1,verificado
SUPER 4,2026,3,5191.59,7,verificado
SUPER 4,2026,4,6146.92,27,verificado
SUPER 4,2026,5,13086.14,47,verificado
SUPER 4,2026,6,535.96,2,verificado
SUPER AGUA BLESS,2026,1,261.03,14,verificado
SUPER AGUA BLESS,2026,2,206.79,14,verificado
SUPER AGUA BLESS,2026,3,292.67,14,verificado
SUPER AGUA BLESS,2026,4,122.34,18,verificado
SUPER AGUA BLESS,2026,5,115.49,14,verificado
SUPER BOARD,2026,2,201.1,1,verificado
SUPER BOARD,2026,3,745.1,4,verificado
SUPER BOARD,2026,4,1903.75,9,verificado
SUPER BOARD,2026,5,5630.78,17,verificado
SUPER COLCHON,2026,2,1764.0,4,verificado
SUPER COLCHON,2026,3,1381.8,4,verificado
SUPER COLCHON,2026,4,1560.02,4,verificado
SUPER DIARIO FAMILIAR,2026,1,1651.33,2,verificado
SUPER DIARIO FAMILIAR,2026,2,8386.78,16,verificado
SUPER DIARIO FAMILIAR,2026,3,12374.27,25,verificado
SUPER DIARIO FAMILIAR,2026,4,3906.46,8,verificado
SUPER DIARIO FAMILIAR,2026,5,7302.96,11,verificado
SUPER DIESEL,2026,1,109.15,1,verificado
SUPER EASY MARKET,2026,2,5027.52,23,verificado
SUPER EASY MARKET,2026,4,804.41,4,verificado
SUPER EASY MARKET,2026,5,3839.18,15,verificado
SUPER EXITO,2026,1,59436.64,1226,verificado
SUPER EXITO,2026,2,41697.11,1124,verificado
SUPER EXITO,2026,3,43344.23,1261,verificado
SUPER EXITO,2026,4,61624.29,1340,verificado
SUPER EXITO,2026,5,110945.22,1173,verificado
SUPER EXITO,2026,6,6734.88,109,verificado
SUPER FERIA ELECTRO SHOW,2026,3,27096.58,631,verificado
SUPER PA.CO,2026,1,5.92,1,verificado
SUPER PA.CO,2026,2,1011.43,6,verificado
SUPER PA.CO,2026,3,3078.01,180,verificado
SUPER PA.CO,2026,4,22673.08,475,verificado
SUPER PA.CO,2026,5,8443.69,382,verificado
SUPER PA.CO,2026,6,547.52,21,verificado
SUPER SEC,2026,4,10912.75,37,verificado
SUPER TICKET,2026,3,658.14,4,verificado
SUPERCENTRO FERRETERO KYWI,2026,2,7962.77,29,verificado
SUPERCENTRO FERRETERO KYWI,2026,3,20339.83,86,verificado
SUPERCENTRO FERRETERO KYWI,2026,4,23386.99,80,verificado
SUPERCENTRO FERRETERO KYWI,2026,5,27894.21,100,verificado
SUPERCENTRO FERRETERO KYWI,2026,6,535.96,2,verificado
SUPERCINES,2026,2,18073.04,82,verificado
SUPERCINES,2026,3,3525.15,85,verificado
SUPERCINES,2026,4,7825.88,141,verificado
SUPERCINES,2026,5,14617.22,43,verificado
SUPERCINES,2026,6,1551.15,4,verificado
SUPERINT. DE COMPAÑIAS VALORES Y SEGUROS,2026,3,137.16,1,verificado
SUPERINT. DE ECONOMIA POPULAR Y SOLIDARI,2026,1,852.39,1,verificado
SUPERINT. DE ECONOMIA POPULAR Y SOLIDARI,2026,3,4948.56,2,verificado
SUPERINT. DE ECONOMIA POPULAR Y SOLIDARI,2026,5,2284.06,4,verificado
SUPERINTENDENCIA DE BANCOS,2026,1,2276.1,1,verificado
SUPERINTENDENCIA DE BANCOS,2026,2,147.57,1,verificado
SUPERINTENDENCIA DE BANCOS,2026,4,4552.2,2,verificado
SUPERINTENDENCIA DE BANCOS,2026,5,1857.93,3,verificado
SUPERINTENDENCIA DE COMPAÑIAS,2026,2,2764.03,1,verificado
SUPERMAXI,2026,2,567.62,4,verificado
SUPERMAXI,2026,3,2124.44,18,verificado
SUPERMAXI,2026,4,2417.0,271,verificado
SUPERMAXI,2026,5,12508.86,47,verificado
SUPERMAXI,2026,6,1960.41,13,verificado
SUPERMAXI SALINAS 10K,2026,3,3.26,1,verificado
SUPERMAXI Y MEGAMAXI,2026,1,162146.05,3736,verificado
SUPERMAXI Y MEGAMAXI,2026,2,115209.76,2229,verificado
SUPERMAXI Y MEGAMAXI,2026,3,85853.9,1778,verificado
SUPERMAXI Y MEGAMAXI,2026,4,90153.32,2082,verificado
SUPERMAXI Y MEGAMAXI,2026,5,238994.67,4273,verificado
SUPERMAXI Y MEGAMAXI,2026,6,14912.12,434,verificado
SUPERMERCADO CASANOVA,2026,2,201.1,1,verificado
SUPERMERCADO CASANOVA,2026,5,511.89,2,verificado
SUPERMERCADOS SANTA MARIA,2026,1,30681.74,624,verificado
SUPERMERCADOS SANTA MARIA,2026,2,77913.4,2003,verificado
SUPERMERCADOS SANTA MARIA,2026,3,48029.93,1063,verificado
SUPERMERCADOS SANTA MARIA,2026,4,51185.51,1157,verificado
SUPERMERCADOS SANTA MARIA,2026,5,17625.88,449,verificado
SUPERMERCADOS SANTA MARIA,2026,6,109.71,6,verificado
SUR ONE,2026,1,8.53,2,verificado
SUR ONE,2026,2,1651.44,18,verificado
SUR ONE,2026,3,397.28,18,verificado
SURCOANDINO,2026,3,2.8,3,verificado
SURCOANDINO,2026,4,11.06,5,verificado
SURCOANDINO,2026,5,6.63,3,verificado
SURPAPEL S.A,2026,3,103.97,1,verificado
SUSANA GONZALEZ,2026,3,208.01,1,verificado
SUSANA GONZALEZ,2026,5,3080.21,11,verificado
SUSANA GONZALEZ,2026,6,280.02,1,verificado
SUSHICORP S.A.,2026,2,2688.75,1,verificado
SUSHIZO,2026,3,493.61,3,verificado
SUSHIZO,2026,4,402.2,2,verificado
SUTIN (SUMINISTROS TEC.IND),2026,5,1415.7,1,verificado
SUTIN (SUMINISTROS TEC.IND),2026,6,1364.22,1,verificado
SUZUKI,2026,1,51957.48,165,verificado
SUZUKI,2026,2,92999.4,820,verificado
SUZUKI,2026,3,69537.83,868,verificado
SUZUKI,2026,4,81366.68,971,verificado
SUZUKI,2026,5,89700.38,1405,verificado
SUZUKI,2026,6,3730.73,78,verificado
SWEADEN CIA. DE SEGUROS Y RESEG,2026,1,598.64,69,verificado
SWEADEN CIA. DE SEGUROS Y RESEG,2026,2,825.59,101,verificado
SWEADEN CIA. DE SEGUROS Y RESEG,2026,3,1118.62,131,verificado
SWEADEN CIA. DE SEGUROS Y RESEG,2026,4,1538.53,139,verificado
SWEADEN CIA. DE SEGUROS Y RESEG,2026,5,1030.46,119,verificado
SWEADEN CIA. DE SEGUROS Y RESEG,2026,6,116.77,14,verificado
SWEET & COFFEE,2026,1,184.83,34,verificado
SWEET & COFFEE,2026,2,8.53,2,verificado
SWEET & COFFEE,2026,4,419.51,44,verificado
SWEET & COFFEE,2026,5,5330.25,145,verificado
SWEET & COFFEE,2026,6,106.66,11,verificado
SWEET CAKE,2026,2,52.32,14,verificado
SWITCH,2026,2,15886.96,73,verificado
SWITCH,2026,3,3784.33,23,verificado
SWM,2026,2,300.02,1,verificado
SWM,2026,5,280.02,1,verificado
SYLVANIA,2026,2,201.1,1,verificado
SYLVANIA,2026,4,402.2,2,verificado
SYLVIA MARIA (ARROZ),2026,1,1911.55,194,verificado
SYLVIA MARIA (ARROZ),2026,2,1070.18,51,verificado
SYLVIA MARIA (ARROZ),2026,3,1618.37,77,verificado
SYLVIA MARIA (ARROZ),2026,4,5897.89,200,verificado
SYLVIA MARIA (ARROZ),2026,5,2889.27,116,verificado
SYLVIA MARIA (ARROZ),2026,6,89.6,4,verificado
T.G.I. FRIDAY´S,2026,3,1664.12,8,verificado
T.G.I. FRIDAY´S,2026,4,5456.4,21,verificado
T.G.I. FRIDAY´S,2026,5,9144.32,31,verificado
T.G.I. FRIDAY´S,2026,6,1400.1,5,verificado
TABACO Y PIPA,2026,2,201.1,1,verificado
TABACO Y PIPA,2026,3,987.22,6,verificado
TABACO Y PIPA,2026,5,255.95,1,verificado
TABU DENIM,2026,3,164.54,1,verificado
TABU DENIM,2026,5,511.89,2,verificado
TAC & ROLL,2026,2,73.32,26,verificado
TAC & ROLL,2026,3,13.8,5,verificado
TAC TECHNOLOGIES,2026,1,50.46,9,verificado
TAC TECHNOLOGIES,2026,2,33.64,6,verificado
TACO BELL,2026,2,19105.59,55,verificado
TACO BELL,2026,3,15843.09,62,verificado
TACO BELL,2026,4,1843.4,8,verificado
TACO BELL,2026,5,10080.69,36,verificado
TADA DELIVERY,2026,4,992.08,4,verificado
TADA DELIVERY,2026,5,1704.79,1,verificado
TAG JOYAS,2026,2,201.1,1,verificado
TAG JOYAS,2026,3,1248.09,6,verificado
TAG JOYAS,2026,5,560.04,2,verificado
TAG JOYAS,2026,6,280.02,1,verificado
TAIWAN,2026,3,376.43,1,verificado
TAKENOS,2026,6,8.96,1,verificado
TAKIS,2026,5,22.4,2,verificado
TAKIS,2026,6,280.02,1,verificado
TALENT SCOUTING,2026,1,285.29,27,verificado
TALLER MACIAS,2026,1,33.64,9,verificado
TAN UNIKO,2026,2,201.1,1,verificado
TAN UNIKO,2026,3,822.68,5,verificado
TANGO,2026,4,15191.85,150,verificado
TANGO,2026,5,12050.9,35,verificado
TANOSHII,2026,3,416.03,2,verificado
TAPIORICA,2026,4,5456.42,22,verificado
TAPIORICA,2026,5,1120.07,3,verificado
TARGET,2026,1,854.52,75,verificado
TARGET,2026,2,1110.29,114,verificado
TARGET,2026,3,1168.42,128,verificado
TARGET,2026,4,1312.45,120,verificado
TARGET,2026,5,265.65,24,verificado
TASTY ROOTS,2026,4,496.04,2,verificado
TATOO ADVENTURE GEAR,2026,2,201.1,1,verificado
TATOO ADVENTURE GEAR,2026,4,11093.8,40,verificado
TATOO ADVENTURE GEAR,2026,5,13727.27,49,verificado
TATOO ADVENTURE GEAR,2026,6,560.04,2,verificado
TATOS,2026,5,1960.13,7,verificado
TAURUS GYM,2026,2,900.06,3,verificado
TAYANA S.A.,2026,5,125.47,1,verificado
TC TELEVISION,2026,1,512493.9,13816,verificado
TC TELEVISION,2026,2,322574.51,9569,verificado
TC TELEVISION,2026,3,540727.61,13209,verificado
TC TELEVISION,2026,4,657862.27,14150,verificado
TC TELEVISION,2026,5,579779.93,11849,verificado
TC TELEVISION,2026,6,51743.61,653,verificado
TCL,2026,1,10845.35,250,verificado
TCL,2026,2,14928.85,242,verificado
TCL,2026,3,8121.65,182,verificado
TCL,2026,4,11225.15,237,verificado
TCL,2026,5,7204.35,186,verificado
TCL,2026,6,383.61,10,verificado
TDU CARGO,2026,3,553.43,31,verificado
TDU CARGO,2026,4,1353.96,65,verificado
TDU CARGO,2026,5,2638.23,57,verificado
TDU CARGO,2026,6,37.63,2,verificado
TEATRICAL,2026,1,16632.73,555,verificado
TEATRICAL,2026,2,23179.67,753,verificado
TEATRICAL,2026,3,44283.9,1367,verificado
TEATRICAL,2026,4,61517.14,1356,verificado
TEATRICAL,2026,5,56451.64,1423,verificado
TEATRICAL,2026,6,2607.5,63,verificado
TEATRO CENTRO CIVICO,2026,1,21.92,4,verificado
TEATRO CENTRO CIVICO,2026,5,14.73,11,verificado
TEATRO CENTRO CIVICO,2026,6,10.71,8,verificado
TEATRO CENTRO DE ARTE,2026,1,2596.57,90,verificado
TEATRO CENTRO DE ARTE,2026,2,6938.85,732,verificado
TEATRO CENTRO DE ARTE,2026,3,7908.28,797,verificado
TEATRO CENTRO DE ARTE,2026,4,2352.65,142,verificado
TEATRO CENTRO DE ARTE,2026,5,1477.85,131,verificado
TEATRO CENTRO DE ARTE,2026,6,45.87,2,verificado
TEATRO EXPERIMENTAL GUAYAQUIL,2026,3,62.98,1,verificado
TEATRO SAN GABRIEL,2026,1,1605.59,159,verificado
TEATRO SAN GABRIEL,2026,2,1492.58,112,verificado
TEATRO SAN GABRIEL,2026,3,3320.35,395,verificado
TEATRO SAN GABRIEL,2026,4,485.27,39,verificado
TEATRO SAN GABRIEL,2026,5,1576.39,44,verificado
TEATRO SANCHEZ AGUILAR,2026,1,4.26,1,verificado
TEATRO SANCHEZ AGUILAR,2026,3,5032.41,29,verificado
TEATRO SANCHEZ AGUILAR,2026,4,15740.4,330,verificado
TEATRO SANCHEZ AGUILAR,2026,5,12499.92,211,verificado
TEC ITALY,2026,5,4287.71,15,verificado
TECHINT,2026,4,88.02,1,verificado
TECK SOLUCIONES CONSTRUCTIVAS,2026,4,248.02,1,verificado
TECNICENTRO FLORES,2026,2,77.33,6,verificado
TECNICENTRO JORDAN,2026,3,19.79,2,verificado
TECNICENTRO RIOMACAR,2026,3,2.8,1,verificado
TECNISEGUROS,2026,3,208.01,1,verificado
TECNO,2026,3,19553.77,65,verificado
TECNO,2026,4,2499.72,12,verificado
TECNOCOSTO,2026,5,840.06,3,verificado
TECNOL. BOLIVARIANO,2026,5,759.17,45,verificado
TECNOL. BOLIVARIANO,2026,6,66.16,8,verificado
TECNOL. CORDILLERA,2026,3,3227.89,251,verificado
TECNOL. CORDILLERA,2026,4,2283.8,158,verificado
TECNOL. DE FORMACION,2026,3,208.01,1,verificado
TECNOL. EDUPRAXIS,2026,5,560.04,2,verificado
TECNOL. ESPIRITU SANTO,2026,1,1131.21,85,verificado
TECNOL. ESPIRITU SANTO,2026,2,2292.78,180,verificado
TECNOL. ESPIRITU SANTO,2026,3,2857.64,121,verificado
TECNOL. ESPIRITU SANTO,2026,4,8791.61,163,verificado
TECNOL. ESPIRITU SANTO,2026,5,2208.04,109,verificado
TECNOL. ESPIRITU SANTO,2026,6,15.4,2,verificado
TECNOL. PICHINCHA,2026,2,1809.91,9,verificado
TECNOL. PICHINCHA,2026,3,2745.96,17,verificado
TECNOL. PICHINCHA,2026,4,7816.09,37,verificado
TECNOL. PICHINCHA,2026,5,12965.77,47,verificado
TECNOLOGICO SAN ANTONIO,2026,1,3059.26,12,verificado
TECNOLOGICO SAN ANTONIO,2026,5,179.71,8,verificado
TECNOLOGICO SAN ANTONIO,2026,6,51.34,2,verificado
TECNORED,2026,5,2240.15,7,verificado
TECNOSMART,2026,5,1680.12,6,verificado
TECNOVA,2026,4,402.2,2,verificado
TECNOVA,2026,5,511.89,2,verificado
TECNOVA S.A - PLACAS DEL SUR S.A,2026,4,191.2,1,verificado
TECO PESCA,2026,5,1415.7,1,verificado
TEDEG S.A,2026,3,8.96,1,verificado
TEKA,2026,2,22877.18,37,verificado
TEKA,2026,3,442.46,2,verificado
TELCONET,2026,1,5708.08,1141,verificado
TELCONET,2026,2,18081.38,1244,verificado
TELCONET,2026,3,20584.57,1404,verificado
TELCONET,2026,4,15479.13,1336,verificado
TELCONET,2026,5,17444.21,1253,verificado
TELCONET,2026,6,602.34,84,verificado
TELEAMAZONAS,2026,1,762764.09,6841,verificado
TELEAMAZONAS,2026,2,641451.84,6072,verificado
TELEAMAZONAS,2026,3,751910.3,7268,verificado
TELEAMAZONAS,2026,4,510235.11,5652,verificado
TELEAMAZONAS,2026,5,533295.84,7308,verificado
TELEAMAZONAS,2026,6,32809.05,607,verificado
TELECOM. SOLUTION CENTER TSC S. A.,2026,3,215.1,1,verificado
TELECOMVAS,2026,2,201.1,1,verificado
TELEFERIQO,2026,4,744.06,3,verificado
TELENEWS S.A.,2026,4,58.26,1,verificado
TELERAMA,2026,1,213.73,3,verificado
TELERAMA,2026,2,45.2,4,verificado
TELERAMA,2026,4,52.25,1,verificado
TELESHOP,2026,2,6300.45,21,verificado
TELESHOP,2026,4,23796.64,91,verificado
TELESHOP,2026,5,13239.45,47,verificado
TELESHOP,2026,6,255.95,1,verificado
TELESISTEMA,2026,1,364897.56,24776,verificado
TELESISTEMA,2026,2,331111.1,21375,verificado
TELESISTEMA,2026,3,416096.82,21753,verificado
TELESISTEMA,2026,4,334058.64,22847,verificado
TELESISTEMA,2026,5,279770.75,17892,verificado
TELESISTEMA,2026,6,11557.16,543,verificado
TELEVICENTRO,2026,1,563830.23,35472,verificado
TELEVICENTRO,2026,2,382941.19,26336,verificado
TELEVICENTRO,2026,3,658707.17,34233,verificado
TELEVICENTRO,2026,4,487228.73,31720,verificado
TELEVICENTRO,2026,5,457212.54,32868,verificado
TELEVICENTRO,2026,6,29412.53,1634,verificado
TEMPO DESIGN,2026,2,3904.87,72,verificado
TEMPO DESIGN,2026,3,1877.82,9,verificado
TEMPO DESIGN,2026,4,1882.21,11,verificado
TEMPO DESIGN,2026,5,1341.52,6,verificado
TEMU,2026,2,300.02,1,verificado
TEMU,2026,4,402.2,2,verificado
TEMU,2026,5,919.88,5,verificado
TENGHUI,2026,2,1005.51,5,verificado
TENNIS,2026,2,21317.01,27,verificado
TENNIS,2026,3,663.69,3,verificado
TEOJAMA COMERCIAL S. A.,2026,2,3947.05,240,verificado
TEOJAMA COMERCIAL S. A.,2026,3,583.85,64,verificado
TEOJAMA COMERCIAL S. A.,2026,4,927.5,50,verificado
TEOJAMA COMERCIAL S. A.,2026,5,2474.79,41,verificado
TEOJAMA COMERCIAL S. A.,2026,6,77.0,4,verificado
TEQUILA CARRERA,2026,2,804.41,4,verificado
TEQUILA CARRERA,2026,4,603.3,3,verificado
TERCENA DON IVAN,2026,3,18.69,5,verificado
TERCENA DON IVAN,2026,4,362.62,41,verificado
TERCENA DON IVAN,2026,5,159.2,18,verificado
TERJAMANCO S.A.,2026,1,250.95,1,verificado
TERMINAL AEROPORTUARIA DE GUAYAQUIL,2026,4,258.12,2,verificado
TERMINAL PORTUARIO DE GUAYAQUIL,2026,5,1415.7,1,verificado
TERMINAL PORTUARIO DE MANTA,2026,1,611.4,1,verificado
TERMINAL TERRESTRE DE GQUIL.,2026,1,1008.9,126,verificado
TERMINAL TERRESTRE DE GQUIL.,2026,5,5266.84,1,verificado
TERMOGUAYAS GENERATION S.A.,2026,3,351.33,1,verificado
TERPEL,2026,1,1779.24,212,verificado
TERPEL,2026,2,112.95,30,verificado
TERPEL,2026,3,547.8,37,verificado
TERPEL,2026,4,614.33,25,verificado
TERPEL,2026,5,465.17,37,verificado
TERPEL,2026,6,20.57,4,verificado
TERRA COFFEE,2026,3,164.54,1,verificado
TERRA COFFEE,2026,4,201.1,1,verificado
TERRA TOWN CENTER,2026,5,840.06,3,verificado
TERRA TOWN CENTER,2026,6,280.02,1,verificado
TERRUA WINE LOUNGE,2026,2,201.1,1,verificado
TERRUA WINE LOUNGE,2026,3,658.14,3,verificado
TESCHE,2026,2,900.06,3,verificado
TESCHE,2026,3,832.06,4,verificado
TESCHE,2026,4,248.02,1,verificado
TESCHE,2026,5,280.02,1,verificado
TETRA PAK,2026,4,496.04,2,verificado
TEXAS CHICKEN,2026,1,867.26,135,verificado
TEXAS CHICKEN,2026,2,937.29,138,verificado
TEXAS CHICKEN,2026,3,1050.41,151,verificado
TEXAS CHICKEN,2026,4,1077.29,121,verificado
TEXAS CHICKEN,2026,5,750.0,155,verificado
TEXAS CHICKEN,2026,6,48.75,10,verificado
TEXMODA,2026,5,511.89,2,verificado
TEXTIL PADILLA,2026,3,1298.77,118,verificado
TEXTIL PADILLA,2026,4,1453.16,126,verificado
TEXTIL PADILLA,2026,5,1293.57,113,verificado
THE BRANG,2026,2,201.1,1,verificado
THE BRANG,2026,3,658.14,4,verificado
THE BRITISH SCHOOL QUITO,2026,3,301.14,1,verificado
THE KIDS PLACE,2026,2,201.1,1,verificado
THE KING FIT,2026,2,402.2,2,verificado
THE KING FIT,2026,3,329.07,2,verificado
THINK (VENTA/REPARACION DE CELULARES),2026,4,744.06,3,verificado
THINK (VENTA/REPARACION DE CELULARES),2026,5,560.04,2,verificado
THOMANN,2026,4,36.0,4,verificado
THOR KITCHEN,2026,3,416.03,2,verificado
THOR KITCHEN,2026,5,285.93,2,verificado
TIA,2026,1,91008.57,2362,verificado
TIA,2026,2,96714.42,2697,verificado
TIA,2026,3,96846.87,3138,verificado
TIA,2026,4,132162.23,4207,verificado
TIA,2026,5,149098.24,4624,verificado
TIA,2026,6,5868.65,173,verificado
TIA PATTY (MACHALA),2026,2,334.85,1,verificado
TICKET STAR 365,2026,3,1664.12,8,verificado
TIENDA EL UNIVERSO,2026,1,886.27,115,verificado
TIENDA EL UNIVERSO,2026,2,1057.25,137,verificado
TIENDA EL UNIVERSO,2026,3,803.69,105,verificado
TIENDA EL UNIVERSO,2026,4,506.76,80,verificado
TIENDA EL UNIVERSO,2026,5,76.01,12,verificado
TIENDA PL,2026,3,658.14,4,verificado
TIENDAMIA.COM,2026,2,300.02,1,verificado
TIENDAMIA.COM,2026,4,992.08,4,verificado
TIKI TAKA,2026,3,2303.73,1,verificado
TIMING ECUADOR,2026,2,201.1,1,verificado
TIMOCELL,2026,2,2205.59,9,verificado
TIMOCELL,2026,3,6696.48,28,verificado
TINTA CAFE,2026,2,501.12,2,verificado
TINTESA,2026,3,416.03,2,verificado
TIO NACHO,2026,1,81207.02,2698,verificado
TIO NACHO,2026,2,149775.57,4020,verificado
TIO NACHO,2026,3,144141.5,3559,verificado
TIO NACHO,2026,4,189981.21,3190,verificado
TIO NACHO,2026,5,106046.43,2134,verificado
TIO NACHO,2026,6,5371.9,107,verificado
TIPTI MARKET,2026,1,6689.97,2,verificado
TIPTI MARKET,2026,2,6052.3,179,verificado
TIPTI MARKET,2026,3,6914.46,156,verificado
TIPTI MARKET,2026,4,13109.45,320,verificado
TIPTI MARKET,2026,5,10391.31,235,verificado
TIPTI MARKET,2026,6,585.88,11,verificado
TIP´S,2026,2,402.2,2,verificado
TIP´S,2026,3,14578.91,81,verificado
TIP´S,2026,4,851.32,4,verificado
TITAN,2026,1,2426.38,227,verificado
TITAN,2026,2,2408.57,191,verificado
TITAN,2026,3,5827.97,247,verificado
TITAN,2026,4,5666.28,225,verificado
TITAN,2026,5,7136.04,227,verificado
TITAN,2026,6,540.46,16,verificado
TITANIUM,2026,2,5507.47,81,verificado
TITANIUM,2026,3,1159.81,52,verificado
TITANIUM/DINERS CLUB/DISCOVER,2026,2,10101.76,30,verificado
TIWINZA DEL VALLE,2026,2,607.31,86,verificado
TIWINZA DEL VALLE,2026,3,715.69,104,verificado
TIWINZA DEL VALLE,2026,4,136.48,24,verificado
TMA LOGISTICA INTERNACIONAL,2026,2,2400.17,8,verificado
TO FLY AGENCYS,2026,2,125.44,14,verificado
TO FLY AGENCYS,2026,3,89.6,10,verificado
TOCOBO,2026,1,16.4,2,verificado
TOCOBO,2026,5,280.02,1,verificado
TODO HOGAR,2026,1,3612.67,81,verificado
TODO HOGAR,2026,2,3913.3,41,verificado
TODO HOGAR,2026,3,3159.46,39,verificado
TODO HOGAR,2026,4,8919.3,92,verificado
TODO HOGAR,2026,5,1546.07,17,verificado
TODO HOGAR,2026,6,280.02,1,verificado
TODOLED ECUADOR,2026,2,201.1,1,verificado
TODOMOTO,2026,2,201.1,1,verificado
TODOS A LA U,2026,1,296.53,17,verificado
TOKIO CLUB,2026,1,41.76,2,verificado
TOMMY G,2026,3,329.07,2,verificado
TOMMY HILFIGER,2026,3,493.61,3,verificado
TOMMY HILFIGER,2026,5,3583.23,14,verificado
TON WAS,2026,2,8028.91,269,verificado
TON WAS,2026,3,4982.97,25,verificado
TON WAS,2026,4,3643.59,52,verificado
TON WAS,2026,5,6584.45,61,verificado
TONI,2026,2,5700.38,17,verificado
TONI,2026,3,10962.08,45,verificado
TONI,2026,4,34288.04,370,verificado
TONI,2026,5,17983.69,387,verificado
TONI,2026,6,3939.83,14,verificado
TOP COMBI,2026,3,416.03,2,verificado
TOP MOTORS,2026,1,684.55,82,verificado
TOP MOTORS,2026,2,615.77,74,verificado
TOP MOTORS,2026,3,730.87,87,verificado
TOP MOTORS,2026,4,694.39,70,verificado
TOP MOTORS,2026,5,357.14,36,verificado
TOP SHOW,2026,1,35418.49,3815,verificado
TOP SHOW,2026,2,55315.98,5206,verificado
TOP SHOW,2026,3,53808.23,4968,verificado
TOP SHOW,2026,4,33960.2,2735,verificado
TOP SHOW,2026,5,46807.57,3276,verificado
TOP SHOW,2026,6,6536.61,494,verificado
TOP TRADING,2026,3,1230.03,1,verificado
TOPACIO FINE ARTS,2026,4,248.02,1,verificado
TOPSY,2026,2,38.36,3,verificado
TOPSY,2026,4,4309.13,54,verificado
TOPSY,2026,5,5677.47,333,verificado
TOPSY,2026,6,321.71,26,verificado
TOPTRADING,2026,2,4795.42,3,verificado
TOPTRADING,2026,3,2676.96,1,verificado
TOPTRADING,2026,4,2303.73,1,verificado
TOPTRADING,2026,6,1364.22,1,verificado
TORRE DEL SOL,2026,5,268.88,1,verificado
TORRE MEDICA PARA LA FAMILIA,2026,1,179.92,1,verificado
TORRE MEDICA PARA LA FAMILIA,2026,4,179.92,1,verificado
TORTAMANIA,2026,1,269.11,48,verificado
TORTAMANIA,2026,2,1129.81,79,verificado
TORTAMANIA,2026,3,627.92,112,verificado
TORTAMANIA,2026,4,1207.27,91,verificado
TORTAMANIA,2026,5,1605.27,121,verificado
TORTAMANIA,2026,6,185.73,14,verificado
TOSCANA,2026,2,6013.46,22,verificado
TOSCANA,2026,3,6565.67,31,verificado
TOSCANA,2026,4,25216.57,72,verificado
TOSCANA,2026,5,12843.49,45,verificado
TOSCANA,2026,6,840.06,3,verificado
TOSCANA CAFE,2026,5,280.02,1,verificado
TOSTIQUESO,2026,2,600.04,2,verificado
TOTAL,2026,3,624.04,3,verificado
TOTAL (LUBRICANTE),2026,1,2406.38,293,verificado
TOTAL (LUBRICANTE),2026,2,9585.64,522,verificado
TOTAL (LUBRICANTE),2026,3,5355.18,565,verificado
TOTAL (LUBRICANTE),2026,4,4584.45,571,verificado
TOTAL (LUBRICANTE),2026,5,4107.08,474,verificado
TOTAL (LUBRICANTE),2026,6,434.58,18,verificado
TOTALMEDIC,2026,1,97.44,16,verificado
TOTALMEDIC,2026,2,12.18,2,verificado
TOTTO,2026,1,647.52,49,verificado
TOTTO,2026,2,2975.88,133,verificado
TOTTO,2026,3,41456.72,261,verificado
TOTTO,2026,4,12047.99,462,verificado
TOTTO,2026,5,19393.11,306,verificado
TOTTO,2026,6,343.37,5,verificado
TOUR TRAVELS,2026,2,1203.35,5,verificado
TOUR TRAVELS,2026,3,832.06,4,verificado
TOYOTA,2026,1,1975.76,46,verificado
TOYOTA,2026,2,26536.61,312,verificado
TOYOTA,2026,3,26419.03,480,verificado
TOYOTA,2026,4,26919.01,1084,verificado
TOYOTA,2026,5,10950.07,611,verificado
TOYOTA,2026,6,22.14,2,verificado
TQ PETS,2026,2,201.1,1,verificado
TQ PETS,2026,3,493.61,3,verificado
TQ PETS,2026,5,255.95,1,verificado
TRACKLINK,2026,2,804.41,4,verificado
TRACKLINK,2026,3,164.54,1,verificado
TRACKLINK,2026,4,6126.84,26,verificado
TRACKLINK,2026,5,767.84,3,verificado
TRACKLINK,2026,6,280.02,1,verificado
TRADINTER,2026,3,322.65,1,verificado
TRAJES EL UNIVERSITARIO,2026,1,29.87,4,verificado
TRAJES EL UNIVERSITARIO,2026,2,52.28,7,verificado
TRAJES EL UNIVERSITARIO,2026,3,59.74,8,verificado
TRAJES EL UNIVERSITARIO,2026,4,35.99,6,verificado
TRAJES EL UNIVERSITARIO,2026,5,41.99,7,verificado
TRANKIL,2026,2,300.02,1,verificado
TRANSMATE,2026,2,201.1,1,verificado
TRANSPART. S.A.,2026,4,86.04,1,verificado
TRATORIA NAPOLI,2026,2,39.41,3,verificado
TRATORIA NAPOLI,2026,3,65.68,5,verificado
TRATORIA NAPOLI,2026,4,1958.31,132,verificado
TRATORIA NAPOLI,2026,5,2341.5,169,verificado
TRATORIA NAPOLI,2026,6,168.0,13,verificado
TRATTORIA MURANO,2026,2,603.3,3,verificado
TRATTORIA PICCOLO MONDO,2026,2,6105.86,21,verificado
TRATTORIA PICCOLO MONDO,2026,3,9689.67,40,verificado
TRATTORIA PICCOLO MONDO,2026,4,13640.95,47,verificado
TRATTORIA PICCOLO MONDO,2026,5,8328.35,29,verificado
TRATTORIA PICCOLO MONDO,2026,6,255.95,1,verificado
TRAVELAND EC,2026,1,648.79,31,verificado
TRAVELAND EC,2026,2,1036.78,49,verificado
TRAVELAND EC,2026,3,1275.5,61,verificado
TRAVELAND EC,2026,4,1685.57,68,verificado
TRAVELAND EC,2026,5,1792.67,72,verificado
TRAVELEX,2026,5,23.1,3,verificado
TRAVELEX,2026,6,15.4,2,verificado
TRAVEX,2026,4,100.55,2,verificado
TRAVEX,2026,5,1141.93,5,verificado
TREE HUT,2026,3,416.03,2,verificado
TRES REYES,2026,2,804.41,4,verificado
TRES REYES,2026,3,1741.69,9,verificado
TRESCIENTOS,2026,2,6.09,1,verificado
TREZE FURNITURE,2026,2,17.05,4,verificado
TREZE FURNITURE,2026,3,18.27,3,verificado
TRIANGLE,2026,2,501.12,2,verificado
TRIANGLE,2026,5,1327.87,5,verificado
TRIBU NUTRITION,2026,3,329.07,2,verificado
TRIBUNAL CONTENCIOSO ELECTORAL,2026,1,1928.73,4,verificado
TRIBUNAL CONTENCIOSO ELECTORAL,2026,2,2479.47,3,verificado
TRINEU,2026,2,603.3,3,verificado
TRIPLE MACA INKA,2026,3,22235.79,706,verificado
TRIUMPH MOTO,2026,3,1480.82,9,verificado
TRIUMPH MOTO,2026,4,402.2,2,verificado
TRIUMPH MOTO,2026,5,840.06,3,verificado
TRONCAL BURGER,2026,2,201.1,1,verificado
TROPI BURGER,2026,1,135.32,21,verificado
TROPI BURGER,2026,2,2256.06,71,verificado
TROPI BURGER,2026,3,3188.14,84,verificado
TROPI BURGER,2026,4,7985.58,100,verificado
TROPI BURGER,2026,5,10970.39,93,verificado
TROPI BURGER,2026,6,85.51,7,verificado
TROPICAL,2026,3,9615.24,24,verificado
TROPICAL,2026,4,31366.97,72,verificado
TROPICAL,2026,5,21668.79,72,verificado
TROPICAL,2026,6,280.02,1,verificado
TROPICAL PACKING S.A. (TROPACK ),2026,5,50.19,1,verificado
TSUYOSHI,2026,1,34.31,2,verificado
TSUYOSHI,2026,4,42.15,2,verificado
TU TIENDA ECUADOR,2026,1,46.5,2,verificado
TU TIENDA ECUADOR,2026,2,197.64,12,verificado
TU TIENDA ECUADOR,2026,3,142.42,14,verificado
TUBOS PACIFICO,2026,1,5833.3,24,verificado
TUBOS PACIFICO,2026,2,46.89,11,verificado
TUBOS PACIFICO,2026,3,63.95,15,verificado
TUBOS PACIFICO,2026,4,146.3,19,verificado
TUBOS PACIFICO,2026,5,1429.61,18,verificado
TUBOS PACIFICO,2026,6,15.4,2,verificado
TUENTI,2026,2,9577.39,264,verificado
TUENTI,2026,3,2301.93,260,verificado
TUENTI,2026,4,4671.9,298,verificado
TUENTI,2026,5,2900.91,254,verificado
TUKO,2026,2,603.3,3,verificado
TUKO,2026,3,125.12,22,verificado
TUKO,2026,4,2011.0,8,verificado
TUKO,2026,5,4480.31,16,verificado
TUKOL NATURALS,2026,3,15687.9,472,verificado
TUKOL NATURALS,2026,4,34990.87,757,verificado
TUKOL NATURALS,2026,5,13640.39,357,verificado
TUKOL-D,2026,1,20302.19,834,verificado
TUKOL-D,2026,2,25989.56,860,verificado
TUKOL-D,2026,3,17159.78,558,verificado
TUKOL-D,2026,4,37743.36,888,verificado
TUKOL-D,2026,5,23431.87,548,verificado
TUKOL-D,2026,6,3467.62,81,verificado
TUNALIA,2026,1,1820.44,182,verificado
TUNALIA,2026,2,16.95,2,verificado
TUNALIA,2026,3,4834.17,472,verificado
TUNALIA,2026,4,1620.22,404,verificado
TUNALIA,2026,5,2322.27,552,verificado
TUTI,2026,2,2688.75,1,verificado
TUTI,2026,4,2319.59,2,verificado
TUTI,2026,5,7058.84,20,verificado
TUTI,2026,6,47.04,5,verificado
TVENTAS,2026,1,40178.93,520,verificado
TVENTAS,2026,2,43017.56,443,verificado
TVENTAS,2026,3,40078.22,490,verificado
TVENTAS,2026,4,44462.53,573,verificado
TVENTAS,2026,5,60752.86,602,verificado
TVENTAS,2026,6,7258.93,106,verificado
UANATACA,2026,4,1367.45,3,verificado
UBER,2026,2,201.1,1,verificado
UBER,2026,3,416.03,2,verificado
UBER,2026,5,1047.86,4,verificado
UBER,2026,6,535.96,2,verificado
UD TRUCKS,2026,2,201.1,1,verificado
UD TRUCKS,2026,3,260.02,2,verificado
UEES CLINIC,2026,2,600.04,2,verificado
UEES CLINIC,2026,3,2027.29,11,verificado
UEES CLINIC,2026,4,1749.56,8,verificado
UEES CLINIC,2026,5,1631.97,6,verificado
UEES CLINIC,2026,6,280.02,1,verificado
ULTRA KLIN,2026,3,11546.51,48,verificado
ULTRA KLIN,2026,4,2548.83,7,verificado
ULTRA KLIN,2026,5,8939.74,30,verificado
ULTRANEX,2026,2,884.92,4,verificado
ULTRANEX,2026,3,884.92,4,verificado
ULTREX,2026,4,1240.09,5,verificado
ULTREX,2026,5,1023.78,4,verificado
UMBRELLA,2026,2,25413.26,313,verificado
UMBRELLA,2026,3,221.23,1,verificado
UMBRELLA,2026,4,33334.37,451,verificado
UMBRELLA,2026,5,20001.55,278,verificado
UMCO,2026,1,31935.76,178,verificado
UMCO,2026,2,22955.74,174,verificado
UMCO,2026,3,23651.63,191,verificado
UMCO,2026,4,8644.31,93,verificado
UMCO,2026,5,660.28,58,verificado
UNACEM ECUADOR S.A.,2026,2,452.48,3,verificado
UNACEM ECUADOR S.A.,2026,3,2893.43,13,verificado
UNACEM ECUADOR S.A.,2026,4,1595.38,7,verificado
UNACEM ECUADOR S.A.,2026,5,4117.35,3,verificado
UNACEM ECUADOR S.A.,2026,6,1364.22,1,verificado
UNDER ARMOUR,2026,2,6636.94,8,verificado
UNDER ARMOUR,2026,3,14822.54,23,verificado
UNDER20,2026,4,496.04,2,verificado
UNDER20,2026,5,767.84,3,verificado
UNESIA,2026,1,18188.02,536,verificado
UNESIA,2026,2,21594.41,665,verificado
UNESIA,2026,3,25428.88,751,verificado
UNESIA,2026,4,33696.8,760,verificado
UNESIA,2026,5,34082.45,695,verificado
UNESIA,2026,6,2899.58,78,verificado
UNI. AUTORES Y ARTIST. AUDIOVI (UNIARTE),2026,5,1371.26,1,verificado
UNICEF,2026,2,5355.0,20,verificado
UNICEF,2026,3,5771.55,29,verificado
UNICEF,2026,4,1642.3,7,verificado
UNICEF,2026,5,7232.34,24,verificado
UNICENTRO,2026,2,201.1,1,verificado
UNICOMER DEL ECUADOR,2026,4,175.5,1,verificado
UNID. EDUC. ATENEA,2026,4,1591.3,3,verificado
UNID. EDUC. BOSTON,2026,3,624.04,3,verificado
UNID. EDUC. EDUCAMUNDO,2026,4,170.24,18,verificado
UNID. EDUC. EDUCAMUNDO,2026,5,430.07,43,verificado
UNID. EDUC. EDUCAMUNDO,2026,6,58.24,6,verificado
UNID. EDUC. INFORMATICA PORTOVIEJO,2026,4,420.05,1,verificado
UNID. EDUC. KENNEDY,2026,2,13.07,1,verificado
UNID. EDUC. KENNEDY,2026,3,6.54,1,verificado
UNID. EDUC. MANABI TECNOLOGICO,2026,2,396.9,4,verificado
UNID. EDUC. MANABI TECNOLOGICO,2026,3,705.6,7,verificado
UNID. EDUC. MANABI TECNOLOGICO,2026,4,164.63,2,verificado
UNID. EDUC. NUESTRO MUNDO,2026,4,70.5,37,verificado
UNID. EDUC. NUESTRO MUNDO,2026,5,100.4,53,verificado
UNID. EDUC. NUESTRO MUNDO,2026,6,9.37,5,verificado
UNID. EDUC. SIR THOMAS MORE,2026,2,3217.61,15,verificado
UNID. EDUC. SIR THOMAS MORE,2026,3,2269.4,13,verificado
UNID. EDUC. SIR THOMAS MORE,2026,4,2413.22,12,verificado
UNIDAD EDUC. CARLO ACUTIS,2026,2,1500.11,5,verificado
UNIDAD EDUC. CREAR,2026,2,2212.12,11,verificado
UNIDAD EDUC. CREAR,2026,4,1438.01,5,verificado
UNIDAD EDUC. CREAR,2026,5,843.74,3,verificado
UNIDAD EDUC. LEMAS,2026,5,2303.5,7,verificado
UNIDAD EDUC. PART. BAUTISTA GUAYACANES,2026,3,43.85,4,verificado
UNIDAD EDUC. PART. BAUTISTA GUAYACANES,2026,4,91.03,34,verificado
UNIDAD EDUCATIVA BILINGUE JEFFERSON,2026,2,900.06,3,verificado
UNIDAD EDUCATIVA BILINGUE JEFFERSON,2026,3,372.55,2,verificado
UNIDAD EDUCATIVA MONTFORT,2026,2,900.06,3,verificado
UNIDAD EDUCATIVA PAUL RIVET,2026,3,416.03,2,verificado
UNIDAD MEDICA MANO AMIGA,2026,3,208.01,1,verificado
UNIDAD POPULAR LISTA 2,2026,1,98.38,1,verificado
UNIDAD.EDUC.SAN ANDRES,2026,3,47.12,5,verificado
UNIDAD.EDUC.SAN ANDRES,2026,4,2779.7,103,verificado
UNIDAD.EDUC.SAN ANDRES,2026,5,2590.79,96,verificado
UNIMEDICA ORTIZ,2026,1,274.89,5,verificado
UNIMEDICA ORTIZ,2026,2,48.51,1,verificado
UNIMOTOR,2026,3,624.04,3,verificado
UNIMOTOR,2026,4,992.08,4,verificado
UNION CEMENTERA NACIONAL,2026,4,933.08,1,verificado
UNION CEMENTERA NACIONAL,2026,6,27.43,1,verificado
UNIPARK,2026,2,300.02,1,verificado
UNIPARK,2026,3,101.05,14,verificado
UNIPARK,2026,4,119.59,16,verificado
UNIPARK,2026,5,76.46,12,verificado
UNITAXI,2026,5,280.02,1,verificado
UNITRON,2026,2,1809.9,8,verificado
UNITRON,2026,3,822.68,5,verificado
UNITRON,2026,4,1407.71,7,verificado
UNITY STORES,2026,2,720.28,7,verificado
UNITY STORES,2026,5,5.93,1,verificado
UNIV. ANDINA SIMON BOLIVAR,2026,2,1265.27,2,verificado
UNIV. ANDINA SIMON BOLIVAR,2026,5,280.02,1,verificado
UNIV. BOLIVARIANA DEL ECUADOR,2026,4,1783.42,97,verificado
UNIV. BOLIVARIANA DEL ECUADOR,2026,5,1817.96,170,verificado
UNIV. BOLIVARIANA DEL ECUADOR,2026,6,50.55,7,verificado
UNIV. CASA GRANDE,2026,2,8585.65,206,verificado
UNIV. CASA GRANDE,2026,3,21671.54,448,verificado
UNIV. CASA GRANDE,2026,4,11816.92,208,verificado
UNIV. CASA GRANDE,2026,5,11104.44,39,verificado
UNIV. CASA GRANDE,2026,6,560.04,2,verificado
UNIV. CATOLICA DE CUENCA,2026,1,629.61,74,verificado
UNIV. CATOLICA DE CUENCA,2026,2,643.29,72,verificado
UNIV. CATOLICA DE CUENCA,2026,3,1982.35,102,verificado
UNIV. CATOLICA DE CUENCA,2026,4,2520.04,8,verificado
UNIV. CATOLICA SANTIAGO DE GUAYAQUIL,2026,1,417.37,76,verificado
UNIV. CATOLICA SANTIAGO DE GUAYAQUIL,2026,2,1143.02,98,verificado
UNIV. CATOLICA SANTIAGO DE GUAYAQUIL,2026,3,3661.58,170,verificado
UNIV. CATOLICA SANTIAGO DE GUAYAQUIL,2026,4,2521.48,229,verificado
UNIV. CATOLICA SANTIAGO DE GUAYAQUIL,2026,5,3808.46,174,verificado
UNIV. CATOLICA SANTIAGO DE GUAYAQUIL,2026,6,66.5,10,verificado
UNIV. CENTRAL DEL ECUADOR,2026,5,5.66,1,verificado
UNIV. DE GUAYAQUIL,2026,1,24857.52,1122,verificado
UNIV. DE GUAYAQUIL,2026,2,7978.49,6,verificado
UNIV. DE GUAYAQUIL,2026,3,3717.07,108,verificado
UNIV. DE GUAYAQUIL,2026,4,2203.02,203,verificado
UNIV. DE GUAYAQUIL,2026,5,1232.81,125,verificado
UNIV. DE GUAYAQUIL,2026,6,104.7,11,verificado
UNIV. DE INVEST.  INNOV. DE MEXI (UIIX),2026,3,206.76,3,verificado
UNIV. DE INVEST.  INNOV. DE MEXI (UIIX),2026,4,206.76,3,verificado
UNIV. DE LAS AMERICAS,2026,1,9821.33,2,verificado
UNIV. DE LAS AMERICAS,2026,2,90385.3,2259,verificado
UNIV. DE LAS AMERICAS,2026,3,66765.68,2213,verificado
UNIV. DE LAS AMERICAS,2026,4,32960.54,1711,verificado
UNIV. DE LAS AMERICAS,2026,5,63459.48,921,verificado
UNIV. DE LAS AMERICAS,2026,6,2222.2,22,verificado
UNIV. DE LAS ARTES,2026,3,1872.13,9,verificado
UNIV. DE LAS ARTES,2026,4,744.04,2,verificado
UNIV. DE LOS ANDES,2026,5,255.95,1,verificado
UNIV. DE LOS HEMISFERIOS,2026,1,4.26,1,verificado
UNIV. DEL AZUAY,2026,2,1931.18,20,verificado
UNIV. DEL AZUAY,2026,3,3308.17,18,verificado
UNIV. DEL AZUAY,2026,4,68.92,1,verificado
UNIV. DEL AZUAY,2026,5,280.02,1,verificado
UNIV. DEL AZUAY,2026,6,110.22,1,verificado
UNIV. DEL PACIFICO (ESC. DE NEGOCIOS),2026,2,804.41,4,verificado
UNIV. DEL PACIFICO (ESC. DE NEGOCIOS),2026,4,603.3,3,verificado
UNIV. DEL PACIFICO (ESC. DE NEGOCIOS),2026,5,663.7,2,verificado
UNIV. DEL PACIFICO (ESC. DE NEGOCIOS),2026,6,98.95,1,verificado
UNIV. ESPIRITU SANTO,2026,1,19373.76,342,verificado
UNIV. ESPIRITU SANTO,2026,2,33844.85,613,verificado
UNIV. ESPIRITU SANTO,2026,3,46694.54,987,verificado
UNIV. ESPIRITU SANTO,2026,4,41412.89,602,verificado
UNIV. ESPIRITU SANTO,2026,5,58704.03,785,verificado
UNIV. ESPIRITU SANTO,2026,6,4542.65,102,verificado
UNIV. ESTATAL DE MILAGRO,2026,2,1200.09,4,verificado
UNIV. ESTATAL DE MILAGRO,2026,3,1040.07,5,verificado
UNIV. ESTATAL DE MILAGRO,2026,4,1531.72,9,verificado
UNIV. ESTATAL DE MILAGRO,2026,5,17645.67,64,verificado
UNIV. ESTATAL DE MILAGRO,2026,6,535.96,2,verificado
UNIV. ESTATAL PENINSULA DE SANTA ELENA,2026,3,2947.23,1,verificado
UNIV. ESTATAL PENINSULA DE SANTA ELENA,2026,4,933.08,1,verificado
UNIV. ESTATAL PENINSULA DE SANTA ELENA,2026,5,2303.73,1,verificado
UNIV. EUROPEA,2026,2,603.3,3,verificado
UNIV. EUROPEA,2026,3,1809.9,11,verificado
UNIV. EUROPEA,2026,4,603.3,3,verificado
UNIV. FUERZAS ARMADAS,2026,2,322.65,1,verificado
UNIV. FUERZAS ARMADAS,2026,3,86.04,1,verificado
UNIV. INTERNAC. DEL ECUADOR (UIDE),2026,1,13068.53,66,verificado
UNIV. INTERNAC. DEL ECUADOR (UIDE),2026,2,58940.87,378,verificado
UNIV. INTERNAC. DEL ECUADOR (UIDE),2026,3,82281.15,1703,verificado
UNIV. INTERNAC. DEL ECUADOR (UIDE),2026,4,71461.04,1666,verificado
UNIV. INTERNAC. DEL ECUADOR (UIDE),2026,5,24624.66,497,verificado
UNIV. INTERNAC. DEL ECUADOR (UIDE),2026,6,2081.32,32,verificado
UNIV. INTERNACIONAL DE VALENCIA,2026,2,343.87,11,verificado
UNIV. INTERNACIONAL DE VALENCIA,2026,3,1015.96,9,verificado
UNIV. INTERNACIONAL DE VALENCIA,2026,4,1512.62,8,verificado
UNIV. INTERNACIONAL DE VALENCIA,2026,5,63.99,1,verificado
UNIV. INTERNACIONAL SEK,2026,2,1789.01,128,verificado
UNIV. INTERNACIONAL SEK,2026,3,1037.98,163,verificado
UNIV. INTERNACIONAL SEK,2026,4,1800.4,153,verificado
UNIV. INTERNACIONAL SEK,2026,5,2105.46,155,verificado
UNIV. INTERNACIONAL SEK,2026,6,94.5,9,verificado
UNIV. LAICA ELOY ALFARO DE MANABI,2026,2,5.94,6,verificado
UNIV. LAICA VICENTE ROCAFUERTE DE GQUIL,2026,2,1102.39,1,verificado
UNIV. METROPOLITANA,2026,2,247.89,1,verificado
UNIV. METROPOLITANA,2026,4,575.2,2,verificado
UNIV. METROPOLITANA,2026,5,4594.06,12,verificado
UNIV. METROPOLITANA,2026,6,995.54,1,verificado
UNIV. NAC. DE CHIMBORAZO,2026,1,4519.23,130,verificado
UNIV. NAC. DE CHIMBORAZO,2026,2,1482.14,35,verificado
UNIV. NEBRIJA,2026,5,1279.73,5,verificado
UNIV. POLITECNICA SALESIANA,2026,1,6830.0,251,verificado
UNIV. POLITECNICA SALESIANA,2026,2,10519.37,664,verificado
UNIV. POLITECNICA SALESIANA,2026,3,22093.62,808,verificado
UNIV. POLITECNICA SALESIANA,2026,4,20507.26,664,verificado
UNIV. POLITECNICA SALESIANA,2026,5,7106.47,11,verificado
UNIV. POLITECNICA SALESIANA,2026,6,504.43,16,verificado
UNIV. SAN FRANCISCO DE QUITO,2026,2,7578.73,22,verificado
UNIV. SAN FRANCISCO DE QUITO,2026,3,3768.98,20,verificado
UNIV. SAN FRANCISCO DE QUITO,2026,4,1146.26,5,verificado
UNIV. SAN FRANCISCO DE QUITO,2026,5,1279.73,5,verificado
UNIV. SAN GREGORIO DE PORTOVIEJO,2026,2,2502.35,9,verificado
UNIV. SAN GREGORIO DE PORTOVIEJO,2026,3,832.06,4,verificado
UNIV. SAN GREGORIO DE PORTOVIEJO,2026,4,992.08,4,verificado
UNIV. TECN. PART. DE LOJA,2026,1,3135.69,238,verificado
UNIV. TECN. PART. DE LOJA,2026,2,55018.17,1694,verificado
UNIV. TECN. PART. DE LOJA,2026,3,66946.27,1633,verificado
UNIV. TECN. PART. DE LOJA,2026,4,11332.14,470,verificado
UNIV. TECN. PART. DE LOJA,2026,5,2216.82,51,verificado
UNIV. TECN. PART. DE LOJA,2026,6,2527.48,4,verificado
UNIV. TECNOL. ECOTEC,2026,1,15545.26,8,verificado
UNIV. TECNOL. ECOTEC,2026,2,7674.16,662,verificado
UNIV. TECNOL. ECOTEC,2026,3,14648.64,827,verificado
UNIV. TECNOL. ECOTEC,2026,4,20803.06,879,verificado
UNIV. TECNOL. ECOTEC,2026,5,23446.74,857,verificado
UNIV. TECNOL. ECOTEC,2026,6,1094.55,64,verificado
UNIV. TECNOL. EMPRESARIAL GQUIL.,2026,1,1099.76,142,verificado
UNIV. TECNOL. EMPRESARIAL GQUIL.,2026,2,9673.81,280,verificado
UNIV. TECNOL. EMPRESARIAL GQUIL.,2026,3,8686.32,299,verificado
UNIV. TECNOL. EMPRESARIAL GQUIL.,2026,4,8659.52,270,verificado
UNIV. TECNOL. EMPRESARIAL GQUIL.,2026,5,1833.21,196,verificado
UNIV. TECNOL. EMPRESARIAL GQUIL.,2026,6,109.55,10,verificado
UNIV. TECNOL. INDOAMERICA,2026,2,2171.86,7,verificado
UNIV. TECNOL. INDOAMERICA,2026,3,1151.75,6,verificado
UNIV. TECNOL. INDOAMERICA,2026,4,8038.69,57,verificado
UNIV. TECNOL. INDOAMERICA,2026,5,2280.41,3,verificado
UNIV. TECNOL. ISRAEL,2026,1,11.63,3,verificado
UNIV. TECNOL. ISRAEL,2026,2,13030.15,426,verificado
UNIV. TECNOL. ISRAEL,2026,3,9503.64,683,verificado
UNIV. TECNOL. ISRAEL,2026,4,29427.15,1629,verificado
UNIV. TECNOL. ISRAEL,2026,5,4142.63,147,verificado
UNIV. TECNOL. ISRAEL,2026,6,18.48,2,verificado
UNIV. TECNOL. LATINOAMERICANA EN LINEA,2026,1,803.6,122,verificado
UNIV. TECNOL. LATINOAMERICANA EN LINEA,2026,2,1222.71,183,verificado
UNIV. TECNOL. LATINOAMERICANA EN LINEA,2026,3,1262.01,185,verificado
UNIV. TECNOLOGICA EQUINOCCIAL,2026,2,10811.44,117,verificado
UNIV. TECNOLOGICA EQUINOCCIAL,2026,3,4200.44,268,verificado
UNIV. TECNOLOGICA EQUINOCCIAL,2026,4,7766.4,222,verificado
UNIV. UNIANDES,2026,1,1082.18,80,verificado
UNIV. UNIANDES,2026,2,1803.39,121,verificado
UNIV. UNIANDES,2026,3,889.24,66,verificado
UNIV. UNIANDES,2026,4,8425.21,82,verificado
UNIV. UNIANDES,2026,5,7196.21,83,verificado
UNIV. UNIANDES,2026,6,733.25,7,verificado
UNIV. UNIR,2026,1,56.45,3,verificado
UNIV. UNIR,2026,2,13008.54,1314,verificado
UNIV. UTEL,2026,2,38897.78,51,verificado
UNIV. UTEL,2026,3,38734.12,64,verificado
UNIV. UTEL,2026,4,287.6,1,verificado
UNIV. UTEL,2026,5,1422.94,9,verificado
UNIV. UTEL,2026,6,280.02,1,verificado
UNIV.INTERNAC.DE LA RIOJA (ESPAÑA),2026,2,6941.3,255,verificado
UNIV.INTERNAC.DE LA RIOJA (ESPAÑA),2026,3,1983.81,11,verificado
UNIV.INTERNAC.DE LA RIOJA (ESPAÑA),2026,4,7353.52,29,verificado
UNIV.INTERNAC.DE LA RIOJA (ESPAÑA),2026,5,4055.84,15,verificado
UNIVERSAL PICTURES,2026,2,5831.93,28,verificado
UNIVERSAL PICTURES,2026,3,624.04,3,verificado
UNIVERSAL PICTURES,2026,4,2543.59,135,verificado
UNIVERSIDAD DEL RIO,2026,2,1104.43,5,verificado
UNIVERSIDAD DEL RIO,2026,3,493.61,3,verificado
UNIVERSIDAD ZAMORANO,2026,3,2357.9,1,verificado
UNOCACE,2026,4,62.01,1,verificado
UOMO VENETTO,2026,4,402.2,2,verificado
UOMO VENETTO,2026,5,1023.78,4,verificado
URAGA,2026,2,1608.81,8,verificado
URAGA,2026,3,1412.62,7,verificado
URAGA,2026,4,1206.61,6,verificado
URAGA,2026,5,1071.93,4,verificado
URB. BONAVILA,2026,3,416.03,2,verificado
URB. BONAVILA,2026,5,732.08,2,verificado
URB. CENTRO DE VIAJES ECUADOR,2026,1,701.45,73,verificado
URB. CENTRO DE VIAJES ECUADOR,2026,2,1014.42,101,verificado
URB. CENTRO DE VIAJES ECUADOR,2026,3,1052.61,101,verificado
URB. CENTRO DE VIAJES ECUADOR,2026,4,1646.4,100,verificado
URB. CENTRO DE VIAJES ECUADOR,2026,5,4345.4,265,verificado
URB. CENTRO DE VIAJES ECUADOR,2026,6,385.6,24,verificado
URB. CIMABELA,2026,5,1237.79,95,verificado
URB. GALILEA,2026,4,791.76,2,verificado
URB. GALILEA,2026,5,393.67,1,verificado
URB. SAVALI,2026,3,520.03,4,verificado
URB. TERRE NOVA,2026,2,10826.85,43,verificado
URB. TERRE NOVA,2026,3,12536.22,59,verificado
URB. VISTANA,2026,2,1200.09,4,verificado
URB. VISTANA,2026,5,767.84,3,verificado
URBAN OPTICA,2026,3,987.22,6,verificado
URBAN OPTICA,2026,4,201.1,1,verificado
URBANIZACION LA RIOJA,2026,3,9568.66,46,verificado
URBANIZACION LA RIOJA,2026,4,8928.68,36,verificado
URBANIZACION LA RIOJA,2026,5,9240.63,32,verificado
URBANIZACION LA RIOJA,2026,6,1120.08,4,verificado
URBANO ENVIOS,2026,2,2614.32,13,verificado
URBANO ENVIOS,2026,3,5100.61,29,verificado
URBANO ENVIOS,2026,4,24681.57,90,verificado
URBANO ENVIOS,2026,5,38903.63,139,verificado
URBANO ENVIOS,2026,6,1023.78,4,verificado
URDESA SUITES HOTEL,2026,1,6.53,2,verificado
URDESA SUITES HOTEL,2026,2,29.37,9,verificado
URDESA SUITES HOTEL,2026,3,7.53,2,verificado
URDESA SUITES HOTEL,2026,4,44.29,4,verificado
URDESA SUITES HOTEL,2026,5,33.21,3,verificado
URIAGE,2026,2,9300.65,30,verificado
URIAGE,2026,3,8959.09,45,verificado
URIAGE,2026,4,11496.06,47,verificado
URIAGE,2026,5,7560.52,27,verificado
URIAGE,2026,6,280.02,1,verificado
URVASEO,2026,1,31008.03,1790,verificado
URVASEO,2026,2,31730.4,1860,verificado
URVASEO,2026,3,80922.34,2141,verificado
URVASEO,2026,4,37564.22,1869,verificado
URVASEO,2026,5,37612.05,1890,verificado
URVASEO,2026,6,1738.96,156,verificado
USAFLEX,2026,2,2606.26,8,verificado
USAFLEX,2026,3,221.23,1,verificado
USPORT,2026,2,48.72,8,verificado
USPORT,2026,3,79.17,13,verificado
USPORT,2026,4,99.0,9,verificado
USPORT,2026,5,132.0,12,verificado
USPORT,2026,6,22.0,2,verificado
UZHUPUD GARDEN,2026,2,1567.08,1,verificado
VACAN FILMS PRODUCCIONES,2026,1,84.86,10,verificado
VALLAS BARRERA,2026,2,14.17,18,verificado
VALLAS BARRERA,2026,3,17.4,22,verificado
VALLAS BARRERA,2026,4,18.91,25,verificado
VALLAS BARRERA,2026,5,25.27,41,verificado
VALLAS BARRERA,2026,6,1.98,2,verificado
VALVOLINE,2026,1,4874.46,495,verificado
VALVOLINE,2026,2,11524.29,1060,verificado
VALVOLINE,2026,3,25860.95,1184,verificado
VALVOLINE,2026,4,17378.67,1109,verificado
VALVOLINE,2026,5,11868.43,1018,verificado
VALVOLINE,2026,6,868.46,77,verificado
VAN CAMP´S,2026,2,2103.41,8,verificado
VAN CAMP´S,2026,3,1828.63,7,verificado
VAN CAMP´S,2026,4,402.2,2,verificado
VAN CAMP´S,2026,5,8726.21,33,verificado
VAN CAMP´S,2026,6,511.89,2,verificado
VANDERBILT CIA. LTDA.,2026,4,1736.13,7,verificado
VANDERBILT CIA. LTDA.,2026,5,2520.17,9,verificado
VANS,2026,5,1535.67,6,verificado
VAPORAL,2026,1,3609.02,326,verificado
VAPORAL,2026,2,3413.87,245,verificado
VAPORAL,2026,3,3195.14,287,verificado
VAPORAL,2026,4,5801.32,306,verificado
VAPORAL,2026,5,9347.3,583,verificado
VAPORAL,2026,6,496.79,29,verificado
VASARI,2026,2,604.48,14,verificado
VASARI,2026,3,2208.3,163,verificado
VASARI,2026,4,6444.77,172,verificado
VASARI,2026,5,3887.32,13,verificado
VAZ SEGUROS S.A.,2026,2,201.1,1,verificado
VAZ SEGUROS S.A.,2026,3,2704.19,13,verificado
VAZ SEGUROS S.A.,2026,4,6510.45,23,verificado
VAZ SEGUROS S.A.,2026,5,1631.96,5,verificado
VECACHI,2026,4,201.1,1,verificado
VEHICENTRO,2026,1,28553.56,314,verificado
VEHICENTRO,2026,2,23452.25,163,verificado
VEHICENTRO,2026,3,22521.65,186,verificado
VEHICENTRO,2026,4,275.69,4,verificado
VENETTO (LICOR),2026,2,1605.55,7,verificado
VENETTO (LICOR),2026,3,2225.92,13,verificado
VENETTO (LICOR),2026,4,3948.23,16,verificado
VENETTO (LICOR),2026,5,2631.68,10,verificado
VENEZIA PIZZA,2026,5,22.11,2,verificado
VENEZIA PIZZA,2026,6,11.06,1,verificado
VENTAS MUNDO TV,2026,1,220.67,18,verificado
VENTAS MUNDO TV,2026,2,225.06,18,verificado
VENTAS MUNDO TV,2026,3,144.95,12,verificado
VENTURA MALL,2026,2,201.1,1,verificado
VENUS,2026,1,2028.21,229,verificado
VENUS,2026,2,25.09,2,verificado
VENUS,2026,3,232.34,9,verificado
VENUS,2026,4,28901.96,789,verificado
VENUS,2026,5,11841.62,353,verificado
VENUS,2026,6,60.96,3,verificado
VENUS CLUB QUITO,2026,1,254.61,18,verificado
VENUS CLUB QUITO,2026,2,339.48,24,verificado
VENUS CLUB QUITO,2026,3,339.48,24,verificado
VENUS CLUB QUITO,2026,4,295.4,26,verificado
VENUS CLUB QUITO,2026,5,204.51,18,verificado
VENUS FILMS S.A.,2026,5,511.89,2,verificado
VENUSTAS,2026,4,12.25,1,verificado
VEOLIA,2026,4,965.25,1,verificado
VEPAGAS,2026,1,15894.23,3,verificado
VEPAGAS,2026,5,2067.64,144,verificado
VEPAGAS,2026,6,306.25,28,verificado
VERDE PAMBA,2026,2,5700.4,18,verificado
VERDE PAMBA,2026,3,2080.14,10,verificado
VERDE PAMBA,2026,4,2976.23,12,verificado
VERDE PAMBA,2026,5,840.06,3,verificado
VERDE PAMBA,2026,6,280.02,1,verificado
VERIS,2026,2,9419.16,37,verificado
VERIS,2026,3,3902.17,17,verificado
VERIS,2026,4,6200.47,21,verificado
VERIS,2026,5,2015.88,9,verificado
VERMONT PLAZA,2026,4,1191.53,218,verificado
VERMONT PLAZA,2026,5,1816.81,269,verificado
VERMONT PLAZA,2026,6,108.26,16,verificado
VERMOUTH DISCOTEC,2026,4,5.14,1,verificado
VERMOUTH DISCOTEC,2026,5,5.14,1,verificado
VERNAZA GRAFIC,2026,3,254.86,1,verificado
VERNAZA GRAFIC,2026,6,280.02,1,verificado
VERSSATO,2026,3,329.07,2,verificado
VERTIGO,2026,1,343.65,58,verificado
VERTIGO,2026,2,213.3,36,verificado
VERTIGO,2026,3,438.45,74,verificado
VERTIGO,2026,4,504.0,48,verificado
VERTIGO,2026,5,451.5,43,verificado
VERTIGO,2026,6,21.0,2,verificado
VET 911,2026,3,1195.23,7,verificado
VET 911,2026,4,2367.93,8,verificado
VET CARE CENTER,2026,2,135.96,8,verificado
VET CARE CENTER,2026,3,1584.81,93,verificado
VET CARE CENTER,2026,4,2309.95,95,verificado
VET CARE CENTER,2026,5,2256.31,92,verificado
VETERINARIA CHAVEZ LASSO,2026,2,201.1,1,verificado
VETERINARIA GOLDEN,2026,1,105.09,16,verificado
VETERINARIA GOLDEN,2026,2,136.17,16,verificado
VETERINARIA MEDICAL CENTER,2026,5,35.7,3,verificado
VETJAM,2026,4,8.22,1,verificado
VETJAM,2026,5,840.06,3,verificado
VETJAM,2026,6,280.02,1,verificado
VETO ( MATERIALES ELECTRICOS,2026,2,4500.3,13,verificado
VETO ( MATERIALES ELECTRICOS,2026,3,3120.2,13,verificado
VIAJE HOY,2026,2,14400.99,45,verificado
VIAJE HOY,2026,3,10816.71,47,verificado
VIAJE HOY,2026,4,992.08,4,verificado
VIAJEMOS,2026,2,251.38,2,verificado
VIAJEMOS,2026,3,2530.27,13,verificado
VIAJEMOS,2026,4,248.02,1,verificado
VIAJEMOS,2026,5,1120.08,4,verificado
VIAJES EL CANO,2026,1,1507.51,273,verificado
VIAJES EL CANO,2026,2,1562.73,283,verificado
VIAJES EL CANO,2026,3,1514.0,272,verificado
VIAJES EL CANO,2026,4,2148.7,199,verificado
VIAJES EL CANO,2026,5,1500.85,139,verificado
VIAJES EL CANO,2026,6,140.37,13,verificado
VIAJES Y VISAS EC,2026,1,18.6,1,verificado
VIAJES Y VISAS EC,2026,3,241.8,13,verificado
VIAJES Y VISAS EC,2026,4,256.75,12,verificado
VIAJES Y VISAS EC,2026,5,299.55,14,verificado
VIASOLE,2026,2,896.25,1,verificado
VIASOLE,2026,3,7112.94,7,verificado
VIASOLE,2026,4,3504.24,199,verificado
VIASOLE,2026,5,6880.41,179,verificado
VIBA,2026,3,208.01,1,verificado
VIBA,2026,4,496.04,2,verificado
VIBRA WELLNESS HOTEL & SPA,2026,2,1005.51,5,verificado
VICEPRESIDENCIA DE LA REPUBLICA,2026,1,42.63,2,verificado
VICEÑA,2026,3,329.07,2,verificado
VICK VAPORUB,2026,1,29055.51,672,verificado
VICK VAPORUB,2026,2,25332.04,644,verificado
VICK VAPORUB,2026,3,25858.24,645,verificado
VICK VAPORUB,2026,4,29814.6,651,verificado
VICK VAPORUB,2026,5,38029.36,713,verificado
VICK VAPORUB,2026,6,3166.13,61,verificado
VICTORIALED,2026,1,151.01,12,verificado
VIDA LIBROS,2026,2,300.02,1,verificado
VIDA LIBROS,2026,3,208.01,1,verificado
VIEJO VERDE,2026,3,493.61,3,verificado
VIEJO VERDE,2026,4,2815.36,5,verificado
VIEJO VERDE,2026,5,3583.22,11,verificado
VIGIA,2026,3,208.01,1,verificado
VIGOR PROST,2026,5,30.8,1,verificado
VILCAGUA,2026,2,201.1,1,verificado
VILLA DEL REY,2026,2,1206.6,5,verificado
VILLA DEL REY,2026,3,493.61,3,verificado
VILLA DEL REY,2026,4,2305.95,11,verificado
VILLA ENSUEÑO,2026,1,2521.58,434,verificado
VILLA ENSUEÑO,2026,2,2512.95,433,verificado
VILLA ENSUEÑO,2026,3,226.05,23,verificado
VILLA ENSUEÑO,2026,4,1748.64,220,verificado
VILLA ENSUEÑO,2026,5,1528.31,179,verificado
VILLA ENSUEÑO,2026,6,421.12,16,verificado
VILLAGE PLAZA,2026,2,501.12,2,verificado
VILLAGE PLAZA,2026,3,5605.29,20,verificado
VILLAGE PLAZA,2026,4,6227.31,25,verificado
VILLAGE PLAZA,2026,5,24693.63,89,verificado
VILLAGE PLAZA,2026,6,255.95,1,verificado
VINO CEREBRAL,2026,1,10287.87,566,verificado
VINO CEREBRAL,2026,2,15929.94,636,verificado
VINO CEREBRAL,2026,3,18726.99,698,verificado
VINO CEREBRAL,2026,4,6627.87,678,verificado
VINO CEREBRAL,2026,5,7719.3,670,verificado
VINO CEREBRAL,2026,6,408.15,50,verificado
VIOLETA FLOWER SHOP,2026,5,767.84,3,verificado
VISA,2026,2,955.73,7,verificado
VISA,2026,3,15818.1,459,verificado
VISA,2026,4,23340.8,289,verificado
VISA,2026,5,28338.59,110,verificado
VISA,2026,6,532.76,13,verificado
VISA BANCO DE GUAYAQUIL,2026,2,20.38,4,verificado
VISA BANCO DE GUAYAQUIL,2026,3,137.04,20,verificado
VISA BANCO DEL AUSTRO,2026,3,27748.85,1207,verificado
VISA BANCO DEL AUSTRO,2026,4,1549.08,136,verificado
VISA BANCO DEL AUSTRO,2026,5,1347.41,6,verificado
VISA BCO. GENERAL RUMIÑAHUI,2026,4,16.38,1,verificado
VISA BCO. GENERAL RUMIÑAHUI,2026,5,975.14,13,verificado
VISA BCO.DEL PICHINCHA,2026,1,85.55,7,verificado
VISA BCO.DEL PICHINCHA,2026,2,251.99,8,verificado
VISA BCO.DEL PICHINCHA,2026,3,5264.66,115,verificado
VISA BCO.DEL PICHINCHA,2026,4,10814.58,90,verificado
VISA BCO.DEL PICHINCHA,2026,5,7218.73,129,verificado
VISA BCO.DEL PICHINCHA,2026,6,560.04,2,verificado
VISA MASTERCARD BANCO DEL PICHINCHA,2026,1,212423.28,2964,verificado
VISA MASTERCARD BANCO DEL PICHINCHA,2026,2,135906.74,3619,verificado
VISA MASTERCARD BANCO DEL PICHINCHA,2026,3,118262.06,2409,verificado
VISA MASTERCARD BANCO DEL PICHINCHA,2026,4,177938.39,3348,verificado
VISA MASTERCARD BANCO DEL PICHINCHA,2026,5,87126.78,2027,verificado
VISA MASTERCARD BANCO DEL PICHINCHA,2026,6,1668.17,36,verificado
VISA MASTERCARD BCO. DE GUAYAQUIL,2026,2,960.16,120,verificado
VISA MASTERCARD BCO. DE GUAYAQUIL,2026,3,1646.34,228,verificado
VISA MASTERCARD BCO. DE GUAYAQUIL,2026,4,12.22,1,verificado
VISA PRODUBANCO,2026,2,11747.76,1329,verificado
VISA PRODUBANCO,2026,3,19360.24,1677,verificado
VISA PRODUBANCO,2026,4,1156.94,9,verificado
VISA PRODUBANCO,2026,5,1656.04,6,verificado
VISA VIAJES.COM,2026,2,5.48,1,verificado
VISIONFUND ECUADOR S.A.,2026,1,1806.34,12,verificado
VISIONFUND ECUADOR S.A.,2026,2,13.15,1,verificado
VISIONFUND ECUADOR S.A.,2026,5,703.2,2,verificado
VISTAMAX,2026,1,184474.26,1484,verificado
VISTAMAX,2026,2,220832.11,1339,verificado
VISTAMAX,2026,3,255227.22,2179,verificado
VISTAMAX,2026,4,359825.03,1449,verificado
VISTAMAX,2026,5,291448.4,1546,verificado
VISTAMAX,2026,6,20104.88,103,verificado
VISTAZO,2026,1,17083.38,46,verificado
VISTAZO,2026,2,19254.31,52,verificado
VISTAZO,2026,3,4368.87,14,verificado
VISTAZO,2026,5,12943.59,28,verificado
VITA,2026,1,42630.96,263,verificado
VITA,2026,2,42690.69,471,verificado
VITA,2026,3,30788.3,407,verificado
VITA,2026,4,18803.79,120,verificado
VITA,2026,5,5248.66,17,verificado
VITA,2026,6,1364.22,1,verificado
VITACAP,2026,2,3740.8,10,verificado
VITACAP,2026,3,663.69,2,verificado
VITAFOS,2026,2,12600.86,39,verificado
VITAFOS,2026,3,416.03,2,verificado
VITAFOS,2026,5,1400.1,5,verificado
VITAL PETS REHABILITACION & FISIOTERAPIA,2026,1,269.44,1,verificado
VITAMINA D,2026,3,797.25,4,verificado
VITAMINA D,2026,4,8297.27,56,verificado
VITAMINWAY,2026,5,7641.33,25,verificado
VITANE,2026,2,4867.09,9,verificado
VITANE,2026,3,16437.8,152,verificado
VITANE,2026,4,1443.52,20,verificado
VITASEI,2026,2,9075.52,234,verificado
VITASEI,2026,3,14911.21,319,verificado
VITASEI,2026,4,6010.39,420,verificado
VITASEI,2026,5,800.92,50,verificado
VITEFAMA,2026,1,567.19,87,verificado
VITEFAMA,2026,2,848.35,68,verificado
VITEFAMA,2026,3,3040.02,182,verificado
VITEFAMA,2026,4,1331.59,134,verificado
VITEFAMA,2026,5,2211.41,173,verificado
VITEFAMA,2026,6,28.88,3,verificado
VITRUM,2026,3,164.54,1,verificado
VITRUM,2026,4,1608.79,4,verificado
VITRUM,2026,5,280.02,1,verificado
VIU PLAZA,2026,5,21.6,2,verificado
VIVAN´T,2026,1,12.79,3,verificado
VIVAN´T,2026,2,11229.05,44,verificado
VIVAN´T,2026,3,4516.0,33,verificado
VIVAN´T,2026,4,790.26,9,verificado
VIVAN´T,2026,5,2124.56,18,verificado
VIVAN´T,2026,6,15.4,2,verificado
VIVE CONCIERTOS,2026,3,164.54,1,verificado
VIVE MEDICAL,2026,3,624.04,3,verificado
VIVI (DANEC),2026,3,164.54,1,verificado
VIZZIO,2026,2,1809.91,9,verificado
VIZZIO,2026,3,1490.2,8,verificado
VIZZIO,2026,4,3452.19,14,verificado
VIZZIO,2026,5,1791.62,7,verificado
VODKA RUSKAYA,2026,3,624.04,3,verificado
VODKA RUSKAYA,2026,6,280.02,1,verificado
VOGUE (MAQUILLAJE),2026,2,12871.48,30,verificado
VOGUE (MAQUILLAJE),2026,3,221.23,1,verificado
VOLKSWAGEN,2026,1,6291.18,594,verificado
VOLKSWAGEN,2026,2,49989.41,861,verificado
VOLKSWAGEN,2026,3,21632.95,269,verificado
VOLKSWAGEN,2026,4,75010.59,301,verificado
VOLKSWAGEN,2026,5,56366.03,198,verificado
VOLKSWAGEN,2026,6,2243.84,8,verificado
VOLT,2026,1,8.96,1,verificado
VOLT,2026,2,405.59,49,verificado
VOLT,2026,3,877.52,82,verificado
VOLTAREN,2026,2,2660.97,201,verificado
VOLTAREN,2026,3,4288.88,122,verificado
VOLTAREN,2026,4,2842.6,127,verificado
VOLTAREN,2026,5,12101.14,536,verificado
VOLTAREN,2026,6,560.41,49,verificado
VOREAS,2026,2,201.1,1,verificado
VOYAH,2026,3,1732.32,10,verificado
VOYAH,2026,4,603.3,3,verificado
VOYAH,2026,5,1791.62,7,verificado
VUELVEAPERU.EC,2026,5,183.68,20,verificado
VUELVEAPERU.EC,2026,6,98.56,11,verificado
VULQANO PARK,2026,5,560.04,2,verificado
WAFFER MIAS,2026,6,6.31,1,verificado
WAHL,2026,2,30002.09,95,verificado
WAHL,2026,3,22359.83,108,verificado
WAHL,2026,4,25512.36,95,verificado
WAHL,2026,5,21977.05,76,verificado
WARENHAUS,2026,3,208.01,1,verificado
WARMI RUNNER,2026,2,20550.62,256,verificado
WARMI RUNNER,2026,3,5542.23,93,verificado
WARMI RUNNER,2026,4,1345.66,12,verificado
WARMI RUNNER 5K,2026,2,1891.07,145,verificado
WARMI RUNNER 5K,2026,3,113.28,9,verificado
WARNER BROSS,2026,3,154.05,26,verificado
WARNER BROSS,2026,4,1623.33,61,verificado
WARNER BROSS,2026,5,255.95,1,verificado
WATCH OUT,2026,2,1002.25,4,verificado
WATCH OUT,2026,4,804.41,4,verificado
WATCH OUT,2026,5,255.95,1,verificado
WATCH WORLD,2026,2,2100.14,6,verificado
WATCH WORLD,2026,5,1535.67,6,verificado
WATCH WORLD,2026,6,255.95,1,verificado
WATER WORLD CIRCUS,2026,3,4327.61,489,verificado
WATER WORLD CIRCUS,2026,4,6632.71,535,verificado
WATER WORLD CIRCUS,2026,5,110.73,9,verificado
WAUW,2026,2,300.02,1,verificado
WAYRA PLAZA,2026,4,2728.21,11,verificado
WD-40,2026,2,5530.78,11,verificado
WD-40,2026,3,7521.87,17,verificado
WD-40,2026,4,2013.21,7,verificado
WD-40,2026,5,6622.18,22,verificado
WEBCONGRESS,2026,2,5280.06,478,verificado
WEBCONGRESS,2026,3,2084.72,235,verificado
WEDDING DREAMS,2026,3,1664.12,8,verificado
WEDDING DREAMS,2026,4,6448.44,22,verificado
WEDDING DREAMS,2026,5,11200.75,38,verificado
WEICHAI,2026,5,280.02,1,verificado
WEICHAI,2026,6,280.02,1,verificado
WEIR,2026,2,40244.0,53,verificado
WEIR,2026,3,21964.58,45,verificado
WEIR,2026,4,2232.15,7,verificado
WEIR,2026,5,4103.99,15,verificado
WELL DERMA,2026,2,3529.05,18,verificado
WELL DERMA,2026,3,4604.69,24,verificado
WELL DERMA,2026,4,1404.74,12,verificado
WELL DERMA,2026,5,1911.99,7,verificado
WELLNATION,2026,4,603.3,3,verificado
WELLNESS DAY,2026,2,424.76,1,verificado
WELLNESS SERIES,2026,1,424.76,1,verificado
WELLNESS SERIES,2026,3,254.86,1,verificado
WELLNESS SERIES,2026,5,424.76,1,verificado
WESCO,2026,2,201.1,1,verificado
WESCO,2026,3,329.07,2,verificado
WESCO,2026,5,1158.3,1,verificado
WESTERN UNION,2026,4,1454.63,7,verificado
WESTERN UNION,2026,5,4712.18,17,verificado
WESTERN UNION,2026,6,280.02,1,verificado
WESTINGHOUSE,2026,3,1282.19,7,verificado
WIFI TO GO,2026,2,83.7,9,verificado
WIFI TO GO,2026,3,102.3,11,verificado
WIFI TO GO,2026,4,466.39,8,verificado
WIFI TO GO,2026,5,106.98,10,verificado
WINDOW ELITE,2026,5,116.48,13,verificado
WINDOW ELITE,2026,6,38.92,3,verificado
WINDOWS,2026,5,17.92,2,verificado
WINE & BEER FEST,2026,2,402.2,2,verificado
WINE & BEER FEST,2026,3,2961.65,18,verificado
WIP,2026,2,33126.2,117,verificado
WIP,2026,3,28807.38,148,verificado
WIP,2026,4,25626.56,98,verificado
WIP,2026,5,26165.93,93,verificado
WIP,2026,6,815.98,3,verificado
WOKIES,2026,1,335.56,68,verificado
WOKIES,2026,2,174.78,41,verificado
WOKIES,2026,3,42.63,10,verificado
WOKIES,2026,5,7.7,1,verificado
WOLFOOD,2026,3,208.01,1,verificado
WONDERGROUND,2026,3,2278.77,11,verificado
WONDERGROUND,2026,5,2520.16,8,verificado
WORK FORCE,2026,4,965.25,1,verificado
WORLD VISION,2026,2,600.04,2,verificado
WOW,2026,4,248.02,1,verificado
WUAN ON ONE,2026,2,183.62,230,verificado
WUAN ON ONE,2026,3,234.65,291,verificado
WUAN ON ONE,2026,4,167.21,231,verificado
WUAN ON ONE,2026,5,161.1,208,verificado
WUAN ON ONE,2026,6,14.29,21,verificado
WWW.CASASPRIMIUMECUADOR.COM,2026,3,8.96,1,verificado
WWW.ECUABET.COM,2026,1,2759.76,310,verificado
WWW.ECUABET.COM,2026,2,62558.77,4175,verificado
WWW.ECUABET.COM,2026,3,60695.43,4896,verificado
WWW.ECUABET.COM,2026,4,143005.84,6372,verificado
WWW.ECUABET.COM,2026,5,162399.52,6152,verificado
WWW.ECUABET.COM,2026,6,11485.15,359,verificado
WWW.MEDICOSECUADOR.COM,2026,4,19.9,2,verificado
X RAY,2026,1,51666.52,1362,verificado
X RAY,2026,2,57357.54,1357,verificado
X RAY,2026,3,105643.32,1969,verificado
X RAY,2026,4,148254.4,2418,verificado
X RAY,2026,5,83787.88,1323,verificado
X RAY,2026,6,6094.47,91,verificado
XBRI,2026,1,152.32,17,verificado
XBRI,2026,2,143.36,16,verificado
XBRI,2026,3,89.6,10,verificado
XBRI,2026,4,17.92,2,verificado
XBRI,2026,5,17.92,2,verificado
XIAOMI,2026,2,5528.66,27,verificado
XIAOMI,2026,3,6376.83,33,verificado
XIAOMI,2026,4,10364.88,42,verificado
XIAOMI,2026,5,13886.41,48,verificado
XIAOMI,2026,6,560.04,2,verificado
XPLORA,2026,5,2303.5,8,verificado
XTREME ENTERTAINMENT,2026,4,5942.26,448,verificado
XTREME ENTERTAINMENT,2026,5,3340.23,284,verificado
XTRIM,2026,1,3708.08,441,verificado
XTRIM,2026,2,3278.68,1042,verificado
XTRIM,2026,3,21393.23,1361,verificado
XTRIM,2026,4,53445.91,1175,verificado
XTRIM,2026,5,28242.28,1113,verificado
XTRIM,2026,6,464.87,74,verificado
XURI,2026,2,402.2,2,verificado
XURI,2026,3,329.07,2,verificado
XURI,2026,6,840.06,3,verificado
YA,2026,2,51.17,14,verificado
YA,2026,3,2667.45,366,verificado
YA,2026,4,575.2,2,verificado
YA,2026,5,280.02,1,verificado
YADEA MOTOS,2026,2,4800.34,16,verificado
YADEA MOTOS,2026,3,4992.31,20,verificado
YAKUPURA,2026,2,402.2,2,verificado
YAKUPURA,2026,3,329.07,2,verificado
YAKUPURA,2026,4,603.3,3,verificado
YAMAHA,2026,2,3817.66,17,verificado
YAMAHA,2026,3,11404.54,61,verificado
YAMAHA,2026,4,1608.81,8,verificado
YAMAHA,2026,5,8319.49,31,verificado
YAMAHA,2026,6,63.99,1,verificado
YANBAL,2026,2,20062.29,85,verificado
YANBAL,2026,3,11640.2,62,verificado
YANBAL,2026,4,22048.15,95,verificado
YANBAL,2026,5,45679.06,1239,verificado
YANBAL,2026,6,596.99,28,verificado
YELI,2026,2,201.1,1,verificado
YELI,2026,3,1456.1,7,verificado
YELI,2026,4,14666.71,51,verificado
YELI,2026,5,1763.38,5,verificado
YIGA5,2026,1,1332.48,130,verificado
YIGA5,2026,2,935.58,91,verificado
YIGA5,2026,3,1310.08,128,verificado
YIGA5,2026,4,1794.78,141,verificado
YIGA5,2026,5,1757.5,135,verificado
YIGA5,2026,6,144.71,9,verificado
YODOSALIL,2026,2,413.03,50,verificado
YODOSALIL,2026,5,35.84,4,verificado
YOGURT GRIEGO ZEUS,2026,2,308.64,2,verificado
YOGURT GRIEGO ZEUS,2026,3,4160.27,18,verificado
YOGURT GRIEGO ZEUS,2026,4,8740.94,27,verificado
YOGURT GRIEGO ZEUS,2026,5,7271.63,27,verificado
YORK,2026,3,493.61,3,verificado
YOUNG LIONS,2026,2,1725.32,1,verificado
YOUNG LIONS,2026,3,5942.22,4,verificado
YPSILOM (CONSULTORIA),2026,2,1178.95,1,verificado
YTO,2026,2,5.4,1,verificado
YTO,2026,3,47.82,5,verificado
YTO,2026,4,12.18,2,verificado
YTO,2026,5,20.93,3,verificado
YUB ALIMENTOS,2026,2,7500.52,24,verificado
YUB ALIMENTOS,2026,3,1872.13,9,verificado
YUB ALIMENTOS,2026,4,10416.8,42,verificado
YUB ALIMENTOS,2026,5,7840.53,27,verificado
YUB ALIMENTOS,2026,6,840.06,3,verificado
YUPI,2026,5,840.06,3,verificado
ZAPPING,2026,1,915.77,132,verificado
ZAPPING,2026,2,21922.86,433,verificado
ZAPPING,2026,3,73195.16,1252,verificado
ZAPPING,2026,4,52848.67,706,verificado
ZAPPING,2026,5,31197.72,555,verificado
ZAPPING,2026,6,691.04,40,verificado
ZAR IMPORT,2026,5,3327.28,12,verificado
ZARU,2026,2,402.2,2,verificado
ZHM SEGUROS,2026,5,965.25,1,verificado
ZHUMIR,2026,2,7187.74,35,verificado
ZHUMIR,2026,3,4954.83,28,verificado
ZHUMIR,2026,4,744.06,3,verificado
ZHUMIR,2026,5,1071.93,4,verificado
ZION ADMINISTRADORA DE FONDO,2026,1,117.11,3,verificado
ZION ADMINISTRADORA DE FONDO,2026,4,407.5,5,verificado
ZION ADMINISTRADORA DE FONDO,2026,5,64.53,2,verificado
ZIRCONIA CORP. DENTAL,2026,3,142.2,24,verificado
ZIRCONIA CORP. DENTAL,2026,4,430.5,41,verificado
ZIRCONIA CORP. DENTAL,2026,5,336.0,32,verificado
ZIRCONIA CORP. DENTAL,2026,6,21.0,2,verificado
ZIRCUS LOUNGE & RESTAURANT,2026,3,624.04,3,verificado
ZOETIS,2026,2,300.02,1,verificado
ZOHUI,2026,5,1687.48,6,verificado
ZONTES,2026,2,201.1,1,verificado
ZUMBA,2026,2,201.1,1,verificado
ZURICH SEGUROS,2026,2,22315.02,56,verificado
ZURICH SEGUROS,2026,3,4443.33,43,verificado
ZURICH SEGUROS,2026,4,20677.45,272,verificado
ZURICH SEGUROS,2026,5,21984.62,130,verificado
ZURICH SEGUROS,2026,6,278.89,8,verificado
ZURITA & ZURITA LAB.,2026,5,2240.15,8,verificado
ZURITA & ZURITA LAB.,2026,6,255.95,1,verificado
ZURY ENTERTAINMENT,2026,1,27.41,5,verificado
ZXAUTO,2026,2,300.02,1,verificado
ZXAUTO,2026,3,832.06,4,verificado
ZXAUTO,2026,4,898.24,4,verificado
ZXAUTO,2026,5,2043.4,7,verificado
ZXAUTO,2026,6,280.02,1,verificado
