advertiser,media_type,year,amount_usd,status,source
TELEVICENTRO,radio,2026,41186.64,pendiente,Monitoreo de medios - consolidado 2026
TELEVICENTRO,tv_abierta,2026,2538139.34,pendiente,Monitoreo de medios - consolidado 2026
TELEVICENTRO,tv_paga,2026,6.42,pendiente,Monitoreo de medios - consolidado 2026
TELESISTEMA,radio,2026,53411.35,pendiente,Monitoreo de medios - consolidado 2026
TELESISTEMA,tv_abierta,2026,1684080.67,pendiente,Monitoreo de medios - consolidado 2026
ECUAVISA,revistas,2026,23806.28,pendiente,Monitoreo de medios - consolidado 2026
ECUAVISA,tv_abierta,2026,4156898.29,pendiente,Monitoreo de medios - consolidado 2026
ECUAVISA,tv_paga,2026,373.98,pendiente,Monitoreo de medios - consolidado 2026
GENOMMA LAB.,sitios_apps,2026,8199.9,pendiente,Monitoreo de medios - consolidado 2026
GENOMMA LAB.,radio,2026,21.32,pendiente,Monitoreo de medios - consolidado 2026
GENOMMA LAB.,revistas,2026,22191.1,pendiente,Monitoreo de medios - consolidado 2026
GENOMMA LAB.,tv_abierta,2026,3566927.69,pendiente,Monitoreo de medios - consolidado 2026
GENOMMA LAB.,tv_paga,2026,0.72,pendiente,Monitoreo de medios - consolidado 2026
NOVUNTED S.A.,sitios_apps,2026,109642.45,pendiente,Monitoreo de medios - consolidado 2026
NOVUNTED S.A.,tv_abierta,2026,2480227.65,pendiente,Monitoreo de medios - consolidado 2026
AMERICAN NATURAL,sitios_apps,2026,113714.1,pendiente,Monitoreo de medios - consolidado 2026
AMERICAN NATURAL,radio,2026,1964.28,pendiente,Monitoreo de medios - consolidado 2026
AMERICAN NATURAL,tv_abierta,2026,2383445.47,pendiente,Monitoreo de medios - consolidado 2026
TELEVISORA DEL PACIFICO (GAMAVISION),tv_abierta,2026,995112.98,pendiente,Monitoreo de medios - consolidado 2026
CRATEL/TELEAMAZONAS,radio,2026,17774.42,pendiente,Monitoreo de medios - consolidado 2026
CRATEL/TELEAMAZONAS,revistas,2026,12033.45,pendiente,Monitoreo de medios - consolidado 2026
CRATEL/TELEAMAZONAS,tv_abierta,2026,3201427.21,pendiente,Monitoreo de medios - consolidado 2026
TC TELEVISION,radio,2026,129.95,pendiente,Monitoreo de medios - consolidado 2026
TC TELEVISION,tv_abierta,2026,2649020.64,pendiente,Monitoreo de medios - consolidado 2026
TC TELEVISION,tv_paga,2026,16031.23,pendiente,Monitoreo de medios - consolidado 2026
CONECEL,sitios_apps,2026,204912.06,pendiente,Monitoreo de medios - consolidado 2026
CONECEL,prensa,2026,58280.66,pendiente,Monitoreo de medios - consolidado 2026
CONECEL,radio,2026,88474.73,pendiente,Monitoreo de medios - consolidado 2026
CONECEL,revistas,2026,10270.26,pendiente,Monitoreo de medios - consolidado 2026
CONECEL,tv_abierta,2026,1414601.53,pendiente,Monitoreo de medios - consolidado 2026
CONECEL,tv_paga,2026,22171.65,pendiente,Monitoreo de medios - consolidado 2026
BANCO PICHINCHA,sitios_apps,2026,347113.69,pendiente,Monitoreo de medios - consolidado 2026
BANCO PICHINCHA,prensa,2026,113695.32,pendiente,Monitoreo de medios - consolidado 2026
BANCO PICHINCHA,radio,2026,143195.7,pendiente,Monitoreo de medios - consolidado 2026
BANCO PICHINCHA,revistas,2026,17361.63,pendiente,Monitoreo de medios - consolidado 2026
BANCO PICHINCHA,otros,2026,5410.34,pendiente,Monitoreo de medios - consolidado 2026
BANCO PICHINCHA,tv_abierta,2026,1923113.17,pendiente,Monitoreo de medios - consolidado 2026
BANCO PICHINCHA,tv_paga,2026,72944.45,pendiente,Monitoreo de medios - consolidado 2026
UNILEVER ANDINA JABONERIA NACIONAL S.A.,sitios_apps,2026,92991.62,pendiente,Monitoreo de medios - consolidado 2026
UNILEVER ANDINA JABONERIA NACIONAL S.A.,prensa,2026,1704.79,pendiente,Monitoreo de medios - consolidado 2026
UNILEVER ANDINA JABONERIA NACIONAL S.A.,radio,2026,17647.17,pendiente,Monitoreo de medios - consolidado 2026
UNILEVER ANDINA JABONERIA NACIONAL S.A.,revistas,2026,20418.26,pendiente,Monitoreo de medios - consolidado 2026
UNILEVER ANDINA JABONERIA NACIONAL S.A.,tv_abierta,2026,1438500.78,pendiente,Monitoreo de medios - consolidado 2026
UNILEVER ANDINA JABONERIA NACIONAL S.A.,tv_paga,2026,6690.18,pendiente,Monitoreo de medios - consolidado 2026
NESTLE DEL ECUADOR,sitios_apps,2026,502683.25,pendiente,Monitoreo de medios - consolidado 2026
NESTLE DEL ECUADOR,prensa,2026,8517.28,pendiente,Monitoreo de medios - consolidado 2026
NESTLE DEL ECUADOR,radio,2026,134.67,pendiente,Monitoreo de medios - consolidado 2026
NESTLE DEL ECUADOR,otros,2026,1178.95,pendiente,Monitoreo de medios - consolidado 2026
NESTLE DEL ECUADOR,tv_abierta,2026,809248.21,pendiente,Monitoreo de medios - consolidado 2026
NESTLE DEL ECUADOR,tv_paga,2026,5.37,pendiente,Monitoreo de medios - consolidado 2026
LA MILENARIA,sitios_apps,2026,201.1,pendiente,Monitoreo de medios - consolidado 2026
LA MILENARIA,radio,2026,26.53,pendiente,Monitoreo de medios - consolidado 2026
LA MILENARIA,tv_abierta,2026,367433.76,pendiente,Monitoreo de medios - consolidado 2026
BANCO DEL PACIFICO,sitios_apps,2026,156609.38,pendiente,Monitoreo de medios - consolidado 2026
BANCO DEL PACIFICO,prensa,2026,260069.31,pendiente,Monitoreo de medios - consolidado 2026
BANCO DEL PACIFICO,radio,2026,399440.34,pendiente,Monitoreo de medios - consolidado 2026
BANCO DEL PACIFICO,revistas,2026,22265.39,pendiente,Monitoreo de medios - consolidado 2026
BANCO DEL PACIFICO,tv_abierta,2026,766730.41,pendiente,Monitoreo de medios - consolidado 2026
BANCO DEL PACIFICO,tv_paga,2026,775.61,pendiente,Monitoreo de medios - consolidado 2026
TECNOQUIMICAS S.A.,sitios_apps,2026,74050.98,pendiente,Monitoreo de medios - consolidado 2026
TECNOQUIMICAS S.A.,radio,2026,92211.07,pendiente,Monitoreo de medios - consolidado 2026
TECNOQUIMICAS S.A.,tv_abierta,2026,883211.64,pendiente,Monitoreo de medios - consolidado 2026
TECNOQUIMICAS S.A.,tv_paga,2026,74.42,pendiente,Monitoreo de medios - consolidado 2026
ONLY NATURAL,prensa,2026,6316.82,pendiente,Monitoreo de medios - consolidado 2026
ONLY NATURAL,radio,2026,14319.04,pendiente,Monitoreo de medios - consolidado 2026
ONLY NATURAL,revistas,2026,4118.4,pendiente,Monitoreo de medios - consolidado 2026
ONLY NATURAL,otros,2026,16356.48,pendiente,Monitoreo de medios - consolidado 2026
ONLY NATURAL,tv_abierta,2026,353848.28,pendiente,Monitoreo de medios - consolidado 2026
OROMAR TELEVISION,tv_abierta,2026,346164.21,pendiente,Monitoreo de medios - consolidado 2026
QUALA,sitios_apps,2026,17101.25,pendiente,Monitoreo de medios - consolidado 2026
QUALA,tv_abierta,2026,839224.2,pendiente,Monitoreo de medios - consolidado 2026
CORP. FAVORITA,sitios_apps,2026,166437.99,pendiente,Monitoreo de medios - consolidado 2026
CORP. FAVORITA,prensa,2026,47863.04,pendiente,Monitoreo de medios - consolidado 2026
CORP. FAVORITA,radio,2026,99754.82,pendiente,Monitoreo de medios - consolidado 2026
CORP. FAVORITA,revistas,2026,12561.53,pendiente,Monitoreo de medios - consolidado 2026
CORP. FAVORITA,tv_abierta,2026,700846.7,pendiente,Monitoreo de medios - consolidado 2026
CORP. FAVORITA,tv_paga,2026,61661.16,pendiente,Monitoreo de medios - consolidado 2026
MEGADATOS S.A.,sitios_apps,2026,657846.92,pendiente,Monitoreo de medios - consolidado 2026
MEGADATOS S.A.,prensa,2026,12255.19,pendiente,Monitoreo de medios - consolidado 2026
MEGADATOS S.A.,radio,2026,37027.32,pendiente,Monitoreo de medios - consolidado 2026
MEGADATOS S.A.,revistas,2026,11480.04,pendiente,Monitoreo de medios - consolidado 2026
MEGADATOS S.A.,tv_abierta,2026,666381.6,pendiente,Monitoreo de medios - consolidado 2026
MEGADATOS S.A.,tv_paga,2026,1741.47,pendiente,Monitoreo de medios - consolidado 2026
GOBIERNO NACIONAL,sitios_apps,2026,169103.56,pendiente,Monitoreo de medios - consolidado 2026
GOBIERNO NACIONAL,prensa,2026,121323.96,pendiente,Monitoreo de medios - consolidado 2026
GOBIERNO NACIONAL,radio,2026,526975.82,pendiente,Monitoreo de medios - consolidado 2026
GOBIERNO NACIONAL,tv_abierta,2026,599653.62,pendiente,Monitoreo de medios - consolidado 2026
GOBIERNO NACIONAL,tv_paga,2026,16457.22,pendiente,Monitoreo de medios - consolidado 2026
GABRIEL RIVAS ONTANEDA,tv_abierta,2026,274167.44,pendiente,Monitoreo de medios - consolidado 2026
CIA. DE CERVEZAS NACIONALES,sitios_apps,2026,192909.62,pendiente,Monitoreo de medios - consolidado 2026
CIA. DE CERVEZAS NACIONALES,prensa,2026,7455.08,pendiente,Monitoreo de medios - consolidado 2026
CIA. DE CERVEZAS NACIONALES,radio,2026,5530.62,pendiente,Monitoreo de medios - consolidado 2026
CIA. DE CERVEZAS NACIONALES,revistas,2026,8622.9,pendiente,Monitoreo de medios - consolidado 2026
CIA. DE CERVEZAS NACIONALES,otros,2026,2357.9,pendiente,Monitoreo de medios - consolidado 2026
CIA. DE CERVEZAS NACIONALES,tv_abierta,2026,662238.17,pendiente,Monitoreo de medios - consolidado 2026
CIA. DE CERVEZAS NACIONALES,tv_paga,2026,496.83,pendiente,Monitoreo de medios - consolidado 2026
BANCO GUAYAQUIL,sitios_apps,2026,328812.63,pendiente,Monitoreo de medios - consolidado 2026
BANCO GUAYAQUIL,prensa,2026,60784.92,pendiente,Monitoreo de medios - consolidado 2026
BANCO GUAYAQUIL,radio,2026,154082.77,pendiente,Monitoreo de medios - consolidado 2026
BANCO GUAYAQUIL,revistas,2026,39832.65,pendiente,Monitoreo de medios - consolidado 2026
BANCO GUAYAQUIL,otros,2026,14526.25,pendiente,Monitoreo de medios - consolidado 2026
BANCO GUAYAQUIL,tv_abierta,2026,449160.65,pendiente,Monitoreo de medios - consolidado 2026
BANCO GUAYAQUIL,tv_paga,2026,55827.98,pendiente,Monitoreo de medios - consolidado 2026
LA FABRIL,sitios_apps,2026,197864.57,pendiente,Monitoreo de medios - consolidado 2026
LA FABRIL,prensa,2026,8290.19,pendiente,Monitoreo de medios - consolidado 2026
LA FABRIL,radio,2026,52564.28,pendiente,Monitoreo de medios - consolidado 2026
LA FABRIL,revistas,2026,965.25,pendiente,Monitoreo de medios - consolidado 2026
LA FABRIL,otros,2026,1179.36,pendiente,Monitoreo de medios - consolidado 2026
LA FABRIL,tv_abierta,2026,520493.78,pendiente,Monitoreo de medios - consolidado 2026
LA FABRIL,tv_paga,2026,1.84,pendiente,Monitoreo de medios - consolidado 2026
INDUST. TIA S. A.,sitios_apps,2026,79416.92,pendiente,Monitoreo de medios - consolidado 2026
INDUST. TIA S. A.,prensa,2026,52808.79,pendiente,Monitoreo de medios - consolidado 2026
INDUST. TIA S. A.,radio,2026,62608.81,pendiente,Monitoreo de medios - consolidado 2026
INDUST. TIA S. A.,tv_abierta,2026,379073.31,pendiente,Monitoreo de medios - consolidado 2026
OTECEL,sitios_apps,2026,26335.62,pendiente,Monitoreo de medios - consolidado 2026
OTECEL,prensa,2026,2201.13,pendiente,Monitoreo de medios - consolidado 2026
OTECEL,radio,2026,11451.2,pendiente,Monitoreo de medios - consolidado 2026
OTECEL,tv_abierta,2026,562142.48,pendiente,Monitoreo de medios - consolidado 2026
OTECEL,tv_paga,2026,4.1,pendiente,Monitoreo de medios - consolidado 2026
COLGATE PALMOLIVE DEL ECUADOR,sitios_apps,2026,56169.26,pendiente,Monitoreo de medios - consolidado 2026
COLGATE PALMOLIVE DEL ECUADOR,tv_abierta,2026,379680.15,pendiente,Monitoreo de medios - consolidado 2026
COLGATE PALMOLIVE DEL ECUADOR,tv_paga,2026,29.75,pendiente,Monitoreo de medios - consolidado 2026
MICASINO.COM,sitios_apps,2026,2233.16,pendiente,Monitoreo de medios - consolidado 2026
MICASINO.COM,radio,2026,1095.7,pendiente,Monitoreo de medios - consolidado 2026
MICASINO.COM,tv_paga,2026,795471.7,pendiente,Monitoreo de medios - consolidado 2026
OROMAR TV,tv_abierta,2026,213613.23,pendiente,Monitoreo de medios - consolidado 2026
PRONACA,sitios_apps,2026,336317.51,pendiente,Monitoreo de medios - consolidado 2026
PRONACA,radio,2026,47760.16,pendiente,Monitoreo de medios - consolidado 2026
PRONACA,revistas,2026,965.25,pendiente,Monitoreo de medios - consolidado 2026
PRONACA,tv_abierta,2026,437804.72,pendiente,Monitoreo de medios - consolidado 2026
PRONACA,tv_paga,2026,5.75,pendiente,Monitoreo de medios - consolidado 2026
PROCTER & GAMBLE,sitios_apps,2026,98487.58,pendiente,Monitoreo de medios - consolidado 2026
PROCTER & GAMBLE,radio,2026,16654.68,pendiente,Monitoreo de medios - consolidado 2026
PROCTER & GAMBLE,tv_abierta,2026,455386.59,pendiente,Monitoreo de medios - consolidado 2026
PROCTER & GAMBLE,tv_paga,2026,1614.65,pendiente,Monitoreo de medios - consolidado 2026
AVISOS JUDICIALES,prensa,2026,1647743.11,pendiente,Monitoreo de medios - consolidado 2026
CORP. EL ROSADO,sitios_apps,2026,347101.44,pendiente,Monitoreo de medios - consolidado 2026
CORP. EL ROSADO,prensa,2026,164224.28,pendiente,Monitoreo de medios - consolidado 2026
CORP. EL ROSADO,radio,2026,105903.48,pendiente,Monitoreo de medios - consolidado 2026
CORP. EL ROSADO,otros,2026,7410.85,pendiente,Monitoreo de medios - consolidado 2026
CORP. EL ROSADO,tv_abierta,2026,217283.92,pendiente,Monitoreo de medios - consolidado 2026
CORP. EL ROSADO,tv_paga,2026,11829.0,pendiente,Monitoreo de medios - consolidado 2026
MEGA LAB.,sitios_apps,2026,38315.04,pendiente,Monitoreo de medios - consolidado 2026
MEGA LAB.,prensa,2026,536.7,pendiente,Monitoreo de medios - consolidado 2026
MEGA LAB.,radio,2026,44183.27,pendiente,Monitoreo de medios - consolidado 2026
MEGA LAB.,tv_abierta,2026,393522.92,pendiente,Monitoreo de medios - consolidado 2026
EL UNIVERSO,prensa,2026,1533237.84,pendiente,Monitoreo de medios - consolidado 2026
EL UNIVERSO,radio,2026,5575.96,pendiente,Monitoreo de medios - consolidado 2026
EL UNIVERSO,otros,2026,72440.64,pendiente,Monitoreo de medios - consolidado 2026
EL UNIVERSO,tv_abierta,2026,4433.05,pendiente,Monitoreo de medios - consolidado 2026
NOVEDADES TV,tv_abierta,2026,113244.36,pendiente,Monitoreo de medios - consolidado 2026
CASA NATURA,tv_abierta,2026,119521.49,pendiente,Monitoreo de medios - consolidado 2026
BELCORP,sitios_apps,2026,281278.23,pendiente,Monitoreo de medios - consolidado 2026
BELCORP,tv_abierta,2026,220462.1,pendiente,Monitoreo de medios - consolidado 2026
BELCORP,tv_paga,2026,0.69,pendiente,Monitoreo de medios - consolidado 2026
SUMESA,radio,2026,206.35,pendiente,Monitoreo de medios - consolidado 2026
SUMESA,revistas,2026,3307.59,pendiente,Monitoreo de medios - consolidado 2026
SUMESA,otros,2026,2052.0,pendiente,Monitoreo de medios - consolidado 2026
SUMESA,tv_abierta,2026,248316.44,pendiente,Monitoreo de medios - consolidado 2026
DINERS CLUB,sitios_apps,2026,71555.37,pendiente,Monitoreo de medios - consolidado 2026
DINERS CLUB,prensa,2026,4430.34,pendiente,Monitoreo de medios - consolidado 2026
DINERS CLUB,radio,2026,11005.68,pendiente,Monitoreo de medios - consolidado 2026
DINERS CLUB,revistas,2026,35746.43,pendiente,Monitoreo de medios - consolidado 2026
DINERS CLUB,otros,2026,1178.95,pendiente,Monitoreo de medios - consolidado 2026
DINERS CLUB,tv_abierta,2026,386367.55,pendiente,Monitoreo de medios - consolidado 2026
DINERS CLUB,tv_paga,2026,10.7,pendiente,Monitoreo de medios - consolidado 2026
KIA MOTORS,sitios_apps,2026,323830.06,pendiente,Monitoreo de medios - consolidado 2026
KIA MOTORS,prensa,2026,24815.54,pendiente,Monitoreo de medios - consolidado 2026
KIA MOTORS,radio,2026,49338.86,pendiente,Monitoreo de medios - consolidado 2026
KIA MOTORS,revistas,2026,3732.3,pendiente,Monitoreo de medios - consolidado 2026
KIA MOTORS,tv_abierta,2026,286939.26,pendiente,Monitoreo de medios - consolidado 2026
KIA MOTORS,tv_paga,2026,0.8,pendiente,Monitoreo de medios - consolidado 2026
DIFARE S.A.,sitios_apps,2026,24006.71,pendiente,Monitoreo de medios - consolidado 2026
DIFARE S.A.,prensa,2026,7150.25,pendiente,Monitoreo de medios - consolidado 2026
DIFARE S.A.,radio,2026,23111.74,pendiente,Monitoreo de medios - consolidado 2026
DIFARE S.A.,revistas,2026,965.25,pendiente,Monitoreo de medios - consolidado 2026
DIFARE S.A.,otros,2026,15647.27,pendiente,Monitoreo de medios - consolidado 2026
DIFARE S.A.,tv_abierta,2026,128276.82,pendiente,Monitoreo de medios - consolidado 2026
DIFARE S.A.,tv_paga,2026,33.85,pendiente,Monitoreo de medios - consolidado 2026
ABBOTT,sitios_apps,2026,18961.05,pendiente,Monitoreo de medios - consolidado 2026
ABBOTT,tv_abierta,2026,351420.71,pendiente,Monitoreo de medios - consolidado 2026
ABBOTT,tv_paga,2026,148.87,pendiente,Monitoreo de medios - consolidado 2026
NIRSA S. A.,sitios_apps,2026,149810.57,pendiente,Monitoreo de medios - consolidado 2026
NIRSA S. A.,prensa,2026,26919.02,pendiente,Monitoreo de medios - consolidado 2026
NIRSA S. A.,radio,2026,34478.47,pendiente,Monitoreo de medios - consolidado 2026
NIRSA S. A.,revistas,2026,3796.65,pendiente,Monitoreo de medios - consolidado 2026
NIRSA S. A.,otros,2026,12777.21,pendiente,Monitoreo de medios - consolidado 2026
NIRSA S. A.,tv_abierta,2026,163965.29,pendiente,Monitoreo de medios - consolidado 2026
NIRSA S. A.,tv_paga,2026,165.41,pendiente,Monitoreo de medios - consolidado 2026
MONDELEZ ECUADOR C. LTDA.,sitios_apps,2026,90506.93,pendiente,Monitoreo de medios - consolidado 2026
MONDELEZ ECUADOR C. LTDA.,radio,2026,11917.23,pendiente,Monitoreo de medios - consolidado 2026
MONDELEZ ECUADOR C. LTDA.,otros,2026,1179.36,pendiente,Monitoreo de medios - consolidado 2026
MONDELEZ ECUADOR C. LTDA.,tv_abierta,2026,237014.31,pendiente,Monitoreo de medios - consolidado 2026
MONDELEZ ECUADOR C. LTDA.,tv_paga,2026,1056.76,pendiente,Monitoreo de medios - consolidado 2026
DE PRATI,sitios_apps,2026,125304.89,pendiente,Monitoreo de medios - consolidado 2026
DE PRATI,prensa,2026,2901.19,pendiente,Monitoreo de medios - consolidado 2026
DE PRATI,radio,2026,54842.22,pendiente,Monitoreo de medios - consolidado 2026
DE PRATI,tv_abierta,2026,238592.82,pendiente,Monitoreo de medios - consolidado 2026
OPELLA HEALTHCARE ECUADOR S.A.S.,sitios_apps,2026,108173.83,pendiente,Monitoreo de medios - consolidado 2026
OPELLA HEALTHCARE ECUADOR S.A.S.,radio,2026,53911.52,pendiente,Monitoreo de medios - consolidado 2026
OPELLA HEALTHCARE ECUADOR S.A.S.,tv_abierta,2026,225060.03,pendiente,Monitoreo de medios - consolidado 2026
OPELLA HEALTHCARE ECUADOR S.A.S.,tv_paga,2026,3.87,pendiente,Monitoreo de medios - consolidado 2026
LOTERIA NACIONAL,sitios_apps,2026,101584.66,pendiente,Monitoreo de medios - consolidado 2026
LOTERIA NACIONAL,prensa,2026,17978.29,pendiente,Monitoreo de medios - consolidado 2026
LOTERIA NACIONAL,radio,2026,188532.74,pendiente,Monitoreo de medios - consolidado 2026
LOTERIA NACIONAL,tv_abierta,2026,198167.42,pendiente,Monitoreo de medios - consolidado 2026
LOTERIA NACIONAL,tv_paga,2026,1678.74,pendiente,Monitoreo de medios - consolidado 2026
KENTUCKY FRIED CHICKEN,sitios_apps,2026,251859.13,pendiente,Monitoreo de medios - consolidado 2026
KENTUCKY FRIED CHICKEN,prensa,2026,17013.89,pendiente,Monitoreo de medios - consolidado 2026
KENTUCKY FRIED CHICKEN,radio,2026,37005.07,pendiente,Monitoreo de medios - consolidado 2026
KENTUCKY FRIED CHICKEN,otros,2026,2688.75,pendiente,Monitoreo de medios - consolidado 2026
KENTUCKY FRIED CHICKEN,tv_abierta,2026,195640.91,pendiente,Monitoreo de medios - consolidado 2026
KENTUCKY FRIED CHICKEN,tv_paga,2026,5.91,pendiente,Monitoreo de medios - consolidado 2026
BANCO BOLIVARIANO,sitios_apps,2026,144955.18,pendiente,Monitoreo de medios - consolidado 2026
BANCO BOLIVARIANO,prensa,2026,37546.54,pendiente,Monitoreo de medios - consolidado 2026
BANCO BOLIVARIANO,radio,2026,65995.92,pendiente,Monitoreo de medios - consolidado 2026
BANCO BOLIVARIANO,revistas,2026,2895.75,pendiente,Monitoreo de medios - consolidado 2026
BANCO BOLIVARIANO,tv_abierta,2026,193361.74,pendiente,Monitoreo de medios - consolidado 2026
BANCO BOLIVARIANO,tv_paga,2026,1271.37,pendiente,Monitoreo de medios - consolidado 2026
PRODUBANCO,sitios_apps,2026,375788.69,pendiente,Monitoreo de medios - consolidado 2026
PRODUBANCO,prensa,2026,19470.69,pendiente,Monitoreo de medios - consolidado 2026
PRODUBANCO,radio,2026,28303.15,pendiente,Monitoreo de medios - consolidado 2026
PRODUBANCO,revistas,2026,2676.96,pendiente,Monitoreo de medios - consolidado 2026
PRODUBANCO,otros,2026,3536.85,pendiente,Monitoreo de medios - consolidado 2026
PRODUBANCO,tv_abierta,2026,75373.72,pendiente,Monitoreo de medios - consolidado 2026
PRODUBANCO,tv_paga,2026,89459.4,pendiente,Monitoreo de medios - consolidado 2026
ECUAJUGOS S.A.,sitios_apps,2026,42608.88,pendiente,Monitoreo de medios - consolidado 2026
ECUAJUGOS S.A.,radio,2026,30988.63,pendiente,Monitoreo de medios - consolidado 2026
ECUAJUGOS S.A.,revistas,2026,10720.71,pendiente,Monitoreo de medios - consolidado 2026
ECUAJUGOS S.A.,tv_abierta,2026,154789.05,pendiente,Monitoreo de medios - consolidado 2026
JOHNSONWAX DEL ECUADOR S.A.,sitios_apps,2026,10388.97,pendiente,Monitoreo de medios - consolidado 2026
JOHNSONWAX DEL ECUADOR S.A.,radio,2026,6956.32,pendiente,Monitoreo de medios - consolidado 2026
JOHNSONWAX DEL ECUADOR S.A.,tv_abierta,2026,163313.3,pendiente,Monitoreo de medios - consolidado 2026
PUNTO NET,sitios_apps,2026,41697.22,pendiente,Monitoreo de medios - consolidado 2026
PUNTO NET,prensa,2026,510.8,pendiente,Monitoreo de medios - consolidado 2026
PUNTO NET,radio,2026,51580.37,pendiente,Monitoreo de medios - consolidado 2026
PUNTO NET,revistas,2026,6550.83,pendiente,Monitoreo de medios - consolidado 2026
PUNTO NET,tv_abierta,2026,205771.34,pendiente,Monitoreo de medios - consolidado 2026
PUNTO NET,tv_paga,2026,169.22,pendiente,Monitoreo de medios - consolidado 2026
TVENTAS,sitios_apps,2026,8308.12,pendiente,Monitoreo de medios - consolidado 2026
TVENTAS,prensa,2026,6819.17,pendiente,Monitoreo de medios - consolidado 2026
TVENTAS,radio,2026,2543.44,pendiente,Monitoreo de medios - consolidado 2026
TVENTAS,revistas,2026,7773.77,pendiente,Monitoreo de medios - consolidado 2026
TVENTAS,tv_abierta,2026,224936.58,pendiente,Monitoreo de medios - consolidado 2026
WWW.ECUABET.COM,sitios_apps,2026,63355.8,pendiente,Monitoreo de medios - consolidado 2026
WWW.ECUABET.COM,prensa,2026,18824.24,pendiente,Monitoreo de medios - consolidado 2026
WWW.ECUABET.COM,radio,2026,163648.1,pendiente,Monitoreo de medios - consolidado 2026
WWW.ECUABET.COM,tv_abierta,2026,161884.11,pendiente,Monitoreo de medios - consolidado 2026
WWW.ECUABET.COM,tv_paga,2026,35677.4,pendiente,Monitoreo de medios - consolidado 2026
GENERAL MOTOR,sitios_apps,2026,126912.28,pendiente,Monitoreo de medios - consolidado 2026
GENERAL MOTOR,prensa,2026,22503.77,pendiente,Monitoreo de medios - consolidado 2026
GENERAL MOTOR,radio,2026,44812.57,pendiente,Monitoreo de medios - consolidado 2026
GENERAL MOTOR,revistas,2026,5907.33,pendiente,Monitoreo de medios - consolidado 2026
GENERAL MOTOR,otros,2026,23144.16,pendiente,Monitoreo de medios - consolidado 2026
GENERAL MOTOR,tv_abierta,2026,122894.04,pendiente,Monitoreo de medios - consolidado 2026
GENERAL MOTOR,tv_paga,2026,31383.86,pendiente,Monitoreo de medios - consolidado 2026
ETAFASHION,sitios_apps,2026,83479.05,pendiente,Monitoreo de medios - consolidado 2026
ETAFASHION,prensa,2026,395156.52,pendiente,Monitoreo de medios - consolidado 2026
ETAFASHION,radio,2026,16141.64,pendiente,Monitoreo de medios - consolidado 2026
ETAFASHION,otros,2026,8208.0,pendiente,Monitoreo de medios - consolidado 2026
ETAFASHION,tv_abierta,2026,77659.21,pendiente,Monitoreo de medios - consolidado 2026
ETAFASHION,tv_paga,2026,2.01,pendiente,Monitoreo de medios - consolidado 2026
HEINEKEN,sitios_apps,2026,38846.3,pendiente,Monitoreo de medios - consolidado 2026
HEINEKEN,prensa,2026,1901.46,pendiente,Monitoreo de medios - consolidado 2026
HEINEKEN,radio,2026,16765.38,pendiente,Monitoreo de medios - consolidado 2026
HEINEKEN,tv_abierta,2026,237758.95,pendiente,Monitoreo de medios - consolidado 2026
HEINEKEN,tv_paga,2026,7565.74,pendiente,Monitoreo de medios - consolidado 2026
GRAMON MILLET,sitios_apps,2026,154805.75,pendiente,Monitoreo de medios - consolidado 2026
GRAMON MILLET,prensa,2026,1230.03,pendiente,Monitoreo de medios - consolidado 2026
GRAMON MILLET,radio,2026,4861.19,pendiente,Monitoreo de medios - consolidado 2026
GRAMON MILLET,revistas,2026,2316.6,pendiente,Monitoreo de medios - consolidado 2026
GRAMON MILLET,tv_abierta,2026,106925.21,pendiente,Monitoreo de medios - consolidado 2026
GRAMON MILLET,tv_paga,2026,8.64,pendiente,Monitoreo de medios - consolidado 2026
HONOR,sitios_apps,2026,159590.91,pendiente,Monitoreo de medios - consolidado 2026
HONOR,tv_abierta,2026,167149.86,pendiente,Monitoreo de medios - consolidado 2026
SUZUKI,sitios_apps,2026,175382.69,pendiente,Monitoreo de medios - consolidado 2026
SUZUKI,prensa,2026,16755.71,pendiente,Monitoreo de medios - consolidado 2026
SUZUKI,radio,2026,9017.25,pendiente,Monitoreo de medios - consolidado 2026
SUZUKI,revistas,2026,3539.25,pendiente,Monitoreo de medios - consolidado 2026
SUZUKI,otros,2026,2688.75,pendiente,Monitoreo de medios - consolidado 2026
SUZUKI,tv_abierta,2026,175426.71,pendiente,Monitoreo de medios - consolidado 2026
ROYAL GRA,radio,2026,4686.13,pendiente,Monitoreo de medios - consolidado 2026
ROYAL GRA,tv_abierta,2026,49129.05,pendiente,Monitoreo de medios - consolidado 2026
PACIFICARD,sitios_apps,2026,41862.54,pendiente,Monitoreo de medios - consolidado 2026
PACIFICARD,prensa,2026,22337.91,pendiente,Monitoreo de medios - consolidado 2026
PACIFICARD,radio,2026,36499.04,pendiente,Monitoreo de medios - consolidado 2026
PACIFICARD,otros,2026,2103.3,pendiente,Monitoreo de medios - consolidado 2026
PACIFICARD,tv_abierta,2026,213316.1,pendiente,Monitoreo de medios - consolidado 2026
PACIFICARD,tv_paga,2026,150.87,pendiente,Monitoreo de medios - consolidado 2026
SUPERMERCADOS SANTA MARIA,sitios_apps,2026,14787.31,pendiente,Monitoreo de medios - consolidado 2026
SUPERMERCADOS SANTA MARIA,prensa,2026,4329.84,pendiente,Monitoreo de medios - consolidado 2026
SUPERMERCADOS SANTA MARIA,radio,2026,28660.67,pendiente,Monitoreo de medios - consolidado 2026
SUPERMERCADOS SANTA MARIA,revistas,2026,2831.4,pendiente,Monitoreo de medios - consolidado 2026
SUPERMERCADOS SANTA MARIA,tv_abierta,2026,175294.31,pendiente,Monitoreo de medios - consolidado 2026
SUPERMERCADOS SANTA MARIA,tv_paga,2026,2.28,pendiente,Monitoreo de medios - consolidado 2026
LAB. SIEGFRIED,sitios_apps,2026,129851.53,pendiente,Monitoreo de medios - consolidado 2026
LAB. SIEGFRIED,tv_abierta,2026,100947.2,pendiente,Monitoreo de medios - consolidado 2026
LAB. SIEGFRIED,tv_paga,2026,3.34,pendiente,Monitoreo de medios - consolidado 2026
M. I. MUNICIPIO DE GUAYAQUIL,sitios_apps,2026,70905.61,pendiente,Monitoreo de medios - consolidado 2026
M. I. MUNICIPIO DE GUAYAQUIL,prensa,2026,39844.35,pendiente,Monitoreo de medios - consolidado 2026
M. I. MUNICIPIO DE GUAYAQUIL,radio,2026,391087.23,pendiente,Monitoreo de medios - consolidado 2026
BDF BEIERSDORF MEDICAL,sitios_apps,2026,130188.65,pendiente,Monitoreo de medios - consolidado 2026
BDF BEIERSDORF MEDICAL,revistas,2026,9845.55,pendiente,Monitoreo de medios - consolidado 2026
BDF BEIERSDORF MEDICAL,tv_abierta,2026,128693.98,pendiente,Monitoreo de medios - consolidado 2026
BDF BEIERSDORF MEDICAL,tv_paga,2026,4.11,pendiente,Monitoreo de medios - consolidado 2026
MARESA,sitios_apps,2026,91744.51,pendiente,Monitoreo de medios - consolidado 2026
MARESA,prensa,2026,1363.77,pendiente,Monitoreo de medios - consolidado 2026
MARESA,radio,2026,34422.47,pendiente,Monitoreo de medios - consolidado 2026
MARESA,revistas,2026,2734.88,pendiente,Monitoreo de medios - consolidado 2026
MARESA,otros,2026,2688.75,pendiente,Monitoreo de medios - consolidado 2026
MARESA,tv_abierta,2026,163106.53,pendiente,Monitoreo de medios - consolidado 2026
MARESA,tv_paga,2026,4.17,pendiente,Monitoreo de medios - consolidado 2026
FERRERO DEL ECUADOR S. A.,sitios_apps,2026,37496.05,pendiente,Monitoreo de medios - consolidado 2026
FERRERO DEL ECUADOR S. A.,radio,2026,1904.6,pendiente,Monitoreo de medios - consolidado 2026
FERRERO DEL ECUADOR S. A.,revistas,2026,2239.38,pendiente,Monitoreo de medios - consolidado 2026
FERRERO DEL ECUADOR S. A.,tv_abierta,2026,122528.5,pendiente,Monitoreo de medios - consolidado 2026
BEE VENOM,tv_abierta,2026,31033.77,pendiente,Monitoreo de medios - consolidado 2026
THE COCA-COLA COMPANY ECUADOR,sitios_apps,2026,53972.18,pendiente,Monitoreo de medios - consolidado 2026
THE COCA-COLA COMPANY ECUADOR,radio,2026,31383.81,pendiente,Monitoreo de medios - consolidado 2026
THE COCA-COLA COMPANY ECUADOR,tv_abierta,2026,141565.55,pendiente,Monitoreo de medios - consolidado 2026
THE COCA-COLA COMPANY ECUADOR,tv_paga,2026,302.5,pendiente,Monitoreo de medios - consolidado 2026
LA RAIZ,sitios_apps,2026,64.61,pendiente,Monitoreo de medios - consolidado 2026
LA RAIZ,tv_abierta,2026,41744.46,pendiente,Monitoreo de medios - consolidado 2026
AJECUADOR,sitios_apps,2026,19766.2,pendiente,Monitoreo de medios - consolidado 2026
AJECUADOR,radio,2026,9635.52,pendiente,Monitoreo de medios - consolidado 2026
AJECUADOR,tv_abierta,2026,132401.8,pendiente,Monitoreo de medios - consolidado 2026
CORP. NAC. DE TELECOMUNICACIONES,sitios_apps,2026,44209.46,pendiente,Monitoreo de medios - consolidado 2026
CORP. NAC. DE TELECOMUNICACIONES,prensa,2026,3960.72,pendiente,Monitoreo de medios - consolidado 2026
CORP. NAC. DE TELECOMUNICACIONES,radio,2026,101463.9,pendiente,Monitoreo de medios - consolidado 2026
CORP. NAC. DE TELECOMUNICACIONES,tv_abierta,2026,81546.56,pendiente,Monitoreo de medios - consolidado 2026
CORP. NAC. DE TELECOMUNICACIONES,tv_paga,2026,8.64,pendiente,Monitoreo de medios - consolidado 2026
FARMAENLACE,sitios_apps,2026,209086.42,pendiente,Monitoreo de medios - consolidado 2026
FARMAENLACE,prensa,2026,27152.9,pendiente,Monitoreo de medios - consolidado 2026
FARMAENLACE,radio,2026,8416.94,pendiente,Monitoreo de medios - consolidado 2026
FARMAENLACE,revistas,2026,6371.92,pendiente,Monitoreo de medios - consolidado 2026
FARMAENLACE,tv_abierta,2026,18934.64,pendiente,Monitoreo de medios - consolidado 2026
INDURAMA,sitios_apps,2026,77651.23,pendiente,Monitoreo de medios - consolidado 2026
INDURAMA,prensa,2026,1704.8,pendiente,Monitoreo de medios - consolidado 2026
INDURAMA,radio,2026,14282.61,pendiente,Monitoreo de medios - consolidado 2026
INDURAMA,revistas,2026,965.25,pendiente,Monitoreo de medios - consolidado 2026
INDURAMA,otros,2026,1178.95,pendiente,Monitoreo de medios - consolidado 2026
INDURAMA,tv_abierta,2026,88694.57,pendiente,Monitoreo de medios - consolidado 2026
INDURAMA,tv_paga,2026,0.62,pendiente,Monitoreo de medios - consolidado 2026
AMBACAR,sitios_apps,2026,2989.07,pendiente,Monitoreo de medios - consolidado 2026
AMBACAR,radio,2026,67547.61,pendiente,Monitoreo de medios - consolidado 2026
AMBACAR,revistas,2026,2303.73,pendiente,Monitoreo de medios - consolidado 2026
AMBACAR,tv_abierta,2026,90901.58,pendiente,Monitoreo de medios - consolidado 2026
AMBACAR,tv_paga,2026,2.27,pendiente,Monitoreo de medios - consolidado 2026
LA GANGA,sitios_apps,2026,10544.77,pendiente,Monitoreo de medios - consolidado 2026
LA GANGA,prensa,2026,263.52,pendiente,Monitoreo de medios - consolidado 2026
LA GANGA,radio,2026,34317.85,pendiente,Monitoreo de medios - consolidado 2026
LA GANGA,revistas,2026,965.25,pendiente,Monitoreo de medios - consolidado 2026
LA GANGA,tv_abierta,2026,77340.44,pendiente,Monitoreo de medios - consolidado 2026
LA GANGA,tv_paga,2026,26551.06,pendiente,Monitoreo de medios - consolidado 2026
NEXUMCORP S.A.,sitios_apps,2026,55497.06,pendiente,Monitoreo de medios - consolidado 2026
NEXUMCORP S.A.,radio,2026,64683.43,pendiente,Monitoreo de medios - consolidado 2026
NEXUMCORP S.A.,tv_abierta,2026,151589.53,pendiente,Monitoreo de medios - consolidado 2026
NEXUMCORP S.A.,tv_paga,2026,28.92,pendiente,Monitoreo de medios - consolidado 2026
CONSERVAS ISABEL ECUATORIANA S. A.,tv_abierta,2026,126924.98,pendiente,Monitoreo de medios - consolidado 2026
CONSERVAS ISABEL ECUATORIANA S. A.,tv_paga,2026,2.34,pendiente,Monitoreo de medios - consolidado 2026
MDX ECUADOR S.A,radio,2026,10791.18,pendiente,Monitoreo de medios - consolidado 2026
MDX ECUADOR S.A,tv_abierta,2026,128069.75,pendiente,Monitoreo de medios - consolidado 2026
MDX ECUADOR S.A,tv_paga,2026,3054.05,pendiente,Monitoreo de medios - consolidado 2026
CONSEJO PROV. MANABI,tv_abierta,2026,36437.85,pendiente,Monitoreo de medios - consolidado 2026
UNIV. INTERNAC. DEL ECUADOR (UIDE),sitios_apps,2026,122638.17,pendiente,Monitoreo de medios - consolidado 2026
UNIV. INTERNAC. DEL ECUADOR (UIDE),prensa,2026,272.16,pendiente,Monitoreo de medios - consolidado 2026
UNIV. INTERNAC. DEL ECUADOR (UIDE),radio,2026,35015.25,pendiente,Monitoreo de medios - consolidado 2026
UNIV. INTERNAC. DEL ECUADOR (UIDE),revistas,2026,6956.23,pendiente,Monitoreo de medios - consolidado 2026
UNIV. INTERNAC. DEL ECUADOR (UIDE),otros,2026,7690.67,pendiente,Monitoreo de medios - consolidado 2026
UNIV. INTERNAC. DEL ECUADOR (UIDE),tv_abierta,2026,74802.16,pendiente,Monitoreo de medios - consolidado 2026
UNIV. INTERNAC. DEL ECUADOR (UIDE),tv_paga,2026,5082.93,pendiente,Monitoreo de medios - consolidado 2026
HYUNDAI,sitios_apps,2026,141318.15,pendiente,Monitoreo de medios - consolidado 2026
HYUNDAI,prensa,2026,48480.14,pendiente,Monitoreo de medios - consolidado 2026
HYUNDAI,radio,2026,32386.41,pendiente,Monitoreo de medios - consolidado 2026
HYUNDAI,revistas,2026,7580.43,pendiente,Monitoreo de medios - consolidado 2026
HYUNDAI,tv_abierta,2026,102535.8,pendiente,Monitoreo de medios - consolidado 2026
HYUNDAI,tv_paga,2026,42.35,pendiente,Monitoreo de medios - consolidado 2026
MC DONALD'S,sitios_apps,2026,69798.66,pendiente,Monitoreo de medios - consolidado 2026
MC DONALD'S,prensa,2026,8808.06,pendiente,Monitoreo de medios - consolidado 2026
MC DONALD'S,radio,2026,1.34,pendiente,Monitoreo de medios - consolidado 2026
MC DONALD'S,revistas,2026,1866.15,pendiente,Monitoreo de medios - consolidado 2026
MC DONALD'S,otros,2026,2052.0,pendiente,Monitoreo de medios - consolidado 2026
MC DONALD'S,tv_abierta,2026,66690.86,pendiente,Monitoreo de medios - consolidado 2026
MC DONALD'S,tv_paga,2026,1.19,pendiente,Monitoreo de medios - consolidado 2026
MAGNUM-ICC ECUADOR S.A.S.,sitios_apps,2026,25494.86,pendiente,Monitoreo de medios - consolidado 2026
MAGNUM-ICC ECUADOR S.A.S.,tv_abierta,2026,87429.52,pendiente,Monitoreo de medios - consolidado 2026
MAGNUM-ICC ECUADOR S.A.S.,tv_paga,2026,9.53,pendiente,Monitoreo de medios - consolidado 2026
EL PARTIDO DE LA HISTORIA,sitios_apps,2026,6234.15,pendiente,Monitoreo de medios - consolidado 2026
EL PARTIDO DE LA HISTORIA,prensa,2026,36553.36,pendiente,Monitoreo de medios - consolidado 2026
EL PARTIDO DE LA HISTORIA,radio,2026,3274.13,pendiente,Monitoreo de medios - consolidado 2026
EL PARTIDO DE LA HISTORIA,tv_abierta,2026,128360.82,pendiente,Monitoreo de medios - consolidado 2026
EL PARTIDO DE LA HISTORIA,tv_paga,2026,15208.12,pendiente,Monitoreo de medios - consolidado 2026
F.F.A.A.,prensa,2026,49395.37,pendiente,Monitoreo de medios - consolidado 2026
F.F.A.A.,radio,2026,42903.25,pendiente,Monitoreo de medios - consolidado 2026
F.F.A.A.,tv_abierta,2026,35765.31,pendiente,Monitoreo de medios - consolidado 2026
F.F.A.A.,tv_paga,2026,18.67,pendiente,Monitoreo de medios - consolidado 2026
AUTOMEKANO CIA. LTDA.,sitios_apps,2026,17344.59,pendiente,Monitoreo de medios - consolidado 2026
AUTOMEKANO CIA. LTDA.,prensa,2026,1704.79,pendiente,Monitoreo de medios - consolidado 2026
AUTOMEKANO CIA. LTDA.,revistas,2026,6190.47,pendiente,Monitoreo de medios - consolidado 2026
AUTOMEKANO CIA. LTDA.,tv_abierta,2026,200882.56,pendiente,Monitoreo de medios - consolidado 2026
AUTOMEKANO CIA. LTDA.,tv_paga,2026,6.32,pendiente,Monitoreo de medios - consolidado 2026
MARCIMEX,sitios_apps,2026,150592.38,pendiente,Monitoreo de medios - consolidado 2026
MARCIMEX,prensa,2026,25118.72,pendiente,Monitoreo de medios - consolidado 2026
MARCIMEX,radio,2026,25054.77,pendiente,Monitoreo de medios - consolidado 2026
MARCIMEX,revistas,2026,965.25,pendiente,Monitoreo de medios - consolidado 2026
MARCIMEX,otros,2026,1178.95,pendiente,Monitoreo de medios - consolidado 2026
MARCIMEX,tv_abierta,2026,43350.81,pendiente,Monitoreo de medios - consolidado 2026
MARCIMEX,tv_paga,2026,1.11,pendiente,Monitoreo de medios - consolidado 2026
BANCO MANABI,sitios_apps,2026,30532.47,pendiente,Monitoreo de medios - consolidado 2026
BANCO MANABI,prensa,2026,7816.92,pendiente,Monitoreo de medios - consolidado 2026
BANCO MANABI,radio,2026,49829.74,pendiente,Monitoreo de medios - consolidado 2026
BANCO MANABI,revistas,2026,6911.19,pendiente,Monitoreo de medios - consolidado 2026
BANCO MANABI,tv_abierta,2026,158440.01,pendiente,Monitoreo de medios - consolidado 2026
BANCO MANABI,tv_paga,2026,1842.62,pendiente,Monitoreo de medios - consolidado 2026
TERRAFERTIL,sitios_apps,2026,14717.11,pendiente,Monitoreo de medios - consolidado 2026
TERRAFERTIL,radio,2026,32.32,pendiente,Monitoreo de medios - consolidado 2026
TERRAFERTIL,tv_abierta,2026,65593.54,pendiente,Monitoreo de medios - consolidado 2026
PROD. FAMILIA SANCELA DEL ECUADOR S.A.,sitios_apps,2026,40052.66,pendiente,Monitoreo de medios - consolidado 2026
PROD. FAMILIA SANCELA DEL ECUADOR S.A.,revistas,2026,2413.12,pendiente,Monitoreo de medios - consolidado 2026
PROD. FAMILIA SANCELA DEL ECUADOR S.A.,tv_abierta,2026,68217.99,pendiente,Monitoreo de medios - consolidado 2026
PROD. FAMILIA SANCELA DEL ECUADOR S.A.,tv_paga,2026,2.48,pendiente,Monitoreo de medios - consolidado 2026
BAYER DEL ECUADOR S.A.,sitios_apps,2026,42327.92,pendiente,Monitoreo de medios - consolidado 2026
BAYER DEL ECUADOR S.A.,radio,2026,4.26,pendiente,Monitoreo de medios - consolidado 2026
BAYER DEL ECUADOR S.A.,tv_abierta,2026,63687.48,pendiente,Monitoreo de medios - consolidado 2026
CHAIDE Y CHAIDE,sitios_apps,2026,36056.09,pendiente,Monitoreo de medios - consolidado 2026
CHAIDE Y CHAIDE,prensa,2026,3186.54,pendiente,Monitoreo de medios - consolidado 2026
CHAIDE Y CHAIDE,radio,2026,11454.51,pendiente,Monitoreo de medios - consolidado 2026
CHAIDE Y CHAIDE,revistas,2026,5135.13,pendiente,Monitoreo de medios - consolidado 2026
CHAIDE Y CHAIDE,otros,2026,2052.0,pendiente,Monitoreo de medios - consolidado 2026
CHAIDE Y CHAIDE,tv_abierta,2026,112192.29,pendiente,Monitoreo de medios - consolidado 2026
UNIV. DE LAS AMERICAS,sitios_apps,2026,238428.82,pendiente,Monitoreo de medios - consolidado 2026
UNIV. DE LAS AMERICAS,prensa,2026,11818.76,pendiente,Monitoreo de medios - consolidado 2026
UNIV. DE LAS AMERICAS,radio,2026,42.82,pendiente,Monitoreo de medios - consolidado 2026
UNIV. DE LAS AMERICAS,revistas,2026,1866.15,pendiente,Monitoreo de medios - consolidado 2026
UNIV. DE LAS AMERICAS,otros,2026,1178.95,pendiente,Monitoreo de medios - consolidado 2026
UNIV. DE LAS AMERICAS,tv_abierta,2026,12279.03,pendiente,Monitoreo de medios - consolidado 2026
RECKITT BENCKISER,sitios_apps,2026,26338.6,pendiente,Monitoreo de medios - consolidado 2026
RECKITT BENCKISER,radio,2026,7.01,pendiente,Monitoreo de medios - consolidado 2026
RECKITT BENCKISER,tv_abierta,2026,75442.81,pendiente,Monitoreo de medios - consolidado 2026
RECKITT BENCKISER,tv_paga,2026,1.56,pendiente,Monitoreo de medios - consolidado 2026
CORAL HIPERMERCADO,sitios_apps,2026,47180.65,pendiente,Monitoreo de medios - consolidado 2026
CORAL HIPERMERCADO,prensa,2026,3409.57,pendiente,Monitoreo de medios - consolidado 2026
CORAL HIPERMERCADO,radio,2026,135893.34,pendiente,Monitoreo de medios - consolidado 2026
CORAL HIPERMERCADO,tv_abierta,2026,73242.34,pendiente,Monitoreo de medios - consolidado 2026
VITASEI,sitios_apps,2026,463.37,pendiente,Monitoreo de medios - consolidado 2026
VITASEI,tv_abierta,2026,30334.68,pendiente,Monitoreo de medios - consolidado 2026
DYVENPRO S.A.,sitios_apps,2026,23627.43,pendiente,Monitoreo de medios - consolidado 2026
DYVENPRO S.A.,tv_abierta,2026,48152.26,pendiente,Monitoreo de medios - consolidado 2026
DYVENPRO S.A.,tv_paga,2026,83.54,pendiente,Monitoreo de medios - consolidado 2026
LAB. LABMAC,sitios_apps,2026,365.64,pendiente,Monitoreo de medios - consolidado 2026
LAB. LABMAC,radio,2026,17638.86,pendiente,Monitoreo de medios - consolidado 2026
LAB. LABMAC,tv_abierta,2026,47452.85,pendiente,Monitoreo de medios - consolidado 2026
LAB. LABMAC,tv_paga,2026,330.0,pendiente,Monitoreo de medios - consolidado 2026
BANCO DEL IESS,tv_abierta,2026,76129.1,pendiente,Monitoreo de medios - consolidado 2026
BANCO DEL IESS,tv_paga,2026,1.14,pendiente,Monitoreo de medios - consolidado 2026
VITA ALIMENTOS,sitios_apps,2026,23870.48,pendiente,Monitoreo de medios - consolidado 2026
VITA ALIMENTOS,prensa,2026,1683.75,pendiente,Monitoreo de medios - consolidado 2026
VITA ALIMENTOS,radio,2026,4573.85,pendiente,Monitoreo de medios - consolidado 2026
VITA ALIMENTOS,revistas,2026,3552.41,pendiente,Monitoreo de medios - consolidado 2026
VITA ALIMENTOS,tv_abierta,2026,107846.13,pendiente,Monitoreo de medios - consolidado 2026
GAC MOTOR,sitios_apps,2026,182513.37,pendiente,Monitoreo de medios - consolidado 2026
GAC MOTOR,prensa,2026,420.94,pendiente,Monitoreo de medios - consolidado 2026
GAC MOTOR,tv_abierta,2026,67391.15,pendiente,Monitoreo de medios - consolidado 2026
LAB. BIOGENET,tv_abierta,2026,117232.87,pendiente,Monitoreo de medios - consolidado 2026
LAB. BIOGENET,tv_paga,2026,2.28,pendiente,Monitoreo de medios - consolidado 2026
DANEC,sitios_apps,2026,27537.22,pendiente,Monitoreo de medios - consolidado 2026
DANEC,radio,2026,4235.99,pendiente,Monitoreo de medios - consolidado 2026
DANEC,tv_abierta,2026,67381.74,pendiente,Monitoreo de medios - consolidado 2026
DANEC,tv_paga,2026,1.86,pendiente,Monitoreo de medios - consolidado 2026
FARCOMED,sitios_apps,2026,106857.91,pendiente,Monitoreo de medios - consolidado 2026
FARCOMED,prensa,2026,2700.0,pendiente,Monitoreo de medios - consolidado 2026
FARCOMED,radio,2026,7044.92,pendiente,Monitoreo de medios - consolidado 2026
FARCOMED,tv_abierta,2026,52589.01,pendiente,Monitoreo de medios - consolidado 2026
TOP SHOW,sitios_apps,2026,24850.7,pendiente,Monitoreo de medios - consolidado 2026
TOP SHOW,prensa,2026,3766.24,pendiente,Monitoreo de medios - consolidado 2026
TOP SHOW,radio,2026,176128.89,pendiente,Monitoreo de medios - consolidado 2026
TOP SHOW,otros,2026,7467.0,pendiente,Monitoreo de medios - consolidado 2026
COMERCIAL CARLOS ROLDAN,sitios_apps,2026,55707.05,pendiente,Monitoreo de medios - consolidado 2026
COMERCIAL CARLOS ROLDAN,radio,2026,6836.15,pendiente,Monitoreo de medios - consolidado 2026
COMERCIAL CARLOS ROLDAN,revistas,2026,2303.73,pendiente,Monitoreo de medios - consolidado 2026
COMERCIAL CARLOS ROLDAN,tv_abierta,2026,110907.83,pendiente,Monitoreo de medios - consolidado 2026
COMERCIAL CARLOS ROLDAN,tv_paga,2026,1.62,pendiente,Monitoreo de medios - consolidado 2026
UNIV. ESPIRITU SANTO,sitios_apps,2026,160797.42,pendiente,Monitoreo de medios - consolidado 2026
UNIV. ESPIRITU SANTO,prensa,2026,17513.54,pendiente,Monitoreo de medios - consolidado 2026
UNIV. ESPIRITU SANTO,radio,2026,3213.38,pendiente,Monitoreo de medios - consolidado 2026
UNIV. ESPIRITU SANTO,otros,2026,2769.41,pendiente,Monitoreo de medios - consolidado 2026
UNIV. ESPIRITU SANTO,tv_abierta,2026,26847.87,pendiente,Monitoreo de medios - consolidado 2026
SISTEMA GUIA S. A.,prensa,2026,173225.87,pendiente,Monitoreo de medios - consolidado 2026
SISTEMA GUIA S. A.,revistas,2026,13130.48,pendiente,Monitoreo de medios - consolidado 2026
SPORTBET PRONOSTICOS DEPORTIVOS,sitios_apps,2026,139531.23,pendiente,Monitoreo de medios - consolidado 2026
SPORTBET PRONOSTICOS DEPORTIVOS,prensa,2026,849.53,pendiente,Monitoreo de medios - consolidado 2026
SPORTBET PRONOSTICOS DEPORTIVOS,radio,2026,71564.29,pendiente,Monitoreo de medios - consolidado 2026
SPORTBET PRONOSTICOS DEPORTIVOS,tv_abierta,2026,27277.58,pendiente,Monitoreo de medios - consolidado 2026
SPORTBET PRONOSTICOS DEPORTIVOS,tv_paga,2026,1637.01,pendiente,Monitoreo de medios - consolidado 2026
MARATHON SPORT,sitios_apps,2026,140655.1,pendiente,Monitoreo de medios - consolidado 2026
MARATHON SPORT,radio,2026,37655.03,pendiente,Monitoreo de medios - consolidado 2026
MARATHON SPORT,tv_abierta,2026,43560.24,pendiente,Monitoreo de medios - consolidado 2026
MARATHON SPORT,tv_paga,2026,9.17,pendiente,Monitoreo de medios - consolidado 2026
SUPER EXITO,sitios_apps,2026,4084.16,pendiente,Monitoreo de medios - consolidado 2026
SUPER EXITO,prensa,2026,227852.34,pendiente,Monitoreo de medios - consolidado 2026
SUPER EXITO,radio,2026,91845.87,pendiente,Monitoreo de medios - consolidado 2026
COOPERATIVA JEP,sitios_apps,2026,195980.99,pendiente,Monitoreo de medios - consolidado 2026
COOPERATIVA JEP,radio,2026,58773.55,pendiente,Monitoreo de medios - consolidado 2026
COOPERATIVA JEP,revistas,2026,965.25,pendiente,Monitoreo de medios - consolidado 2026
AYMESA S.A.,sitios_apps,2026,40507.54,pendiente,Monitoreo de medios - consolidado 2026
AYMESA S.A.,prensa,2026,852.4,pendiente,Monitoreo de medios - consolidado 2026
AYMESA S.A.,radio,2026,17598.26,pendiente,Monitoreo de medios - consolidado 2026
AYMESA S.A.,revistas,2026,1866.15,pendiente,Monitoreo de medios - consolidado 2026
AYMESA S.A.,tv_abierta,2026,79989.12,pendiente,Monitoreo de medios - consolidado 2026
IMPORTACIONES VENTURA IMPOVENTURA C.A.,sitios_apps,2026,137258.98,pendiente,Monitoreo de medios - consolidado 2026
IMPORTACIONES VENTURA IMPOVENTURA C.A.,radio,2026,2318.91,pendiente,Monitoreo de medios - consolidado 2026
IMPORTACIONES VENTURA IMPOVENTURA C.A.,revistas,2026,2303.73,pendiente,Monitoreo de medios - consolidado 2026
IMPORTACIONES VENTURA IMPOVENTURA C.A.,tv_abierta,2026,53868.42,pendiente,Monitoreo de medios - consolidado 2026
IMPORTACIONES VENTURA IMPOVENTURA C.A.,tv_paga,2026,2.46,pendiente,Monitoreo de medios - consolidado 2026
MOTSUR,sitios_apps,2026,10171.71,pendiente,Monitoreo de medios - consolidado 2026
MOTSUR,revistas,2026,5611.32,pendiente,Monitoreo de medios - consolidado 2026
MOTSUR,tv_abierta,2026,82091.85,pendiente,Monitoreo de medios - consolidado 2026
PHARMA BRAND,sitios_apps,2026,81240.54,pendiente,Monitoreo de medios - consolidado 2026
PHARMA BRAND,tv_abierta,2026,96468.34,pendiente,Monitoreo de medios - consolidado 2026
UNIV. TECN. PART. DE LOJA,sitios_apps,2026,7581.76,pendiente,Monitoreo de medios - consolidado 2026
UNIV. TECN. PART. DE LOJA,prensa,2026,2966.74,pendiente,Monitoreo de medios - consolidado 2026
UNIV. TECN. PART. DE LOJA,radio,2026,33593.1,pendiente,Monitoreo de medios - consolidado 2026
UNIV. TECN. PART. DE LOJA,revistas,2026,19633.19,pendiente,Monitoreo de medios - consolidado 2026
UNIV. TECN. PART. DE LOJA,tv_abierta,2026,77397.74,pendiente,Monitoreo de medios - consolidado 2026
UNIV. TECN. PART. DE LOJA,tv_paga,2026,4.05,pendiente,Monitoreo de medios - consolidado 2026
SATELCOM TV CABLE,sitios_apps,2026,20799.87,pendiente,Monitoreo de medios - consolidado 2026
SATELCOM TV CABLE,prensa,2026,1889.81,pendiente,Monitoreo de medios - consolidado 2026
SATELCOM TV CABLE,radio,2026,20828.52,pendiente,Monitoreo de medios - consolidado 2026
SATELCOM TV CABLE,tv_abierta,2026,66550.5,pendiente,Monitoreo de medios - consolidado 2026
SATELCOM TV CABLE,tv_paga,2026,464.35,pendiente,Monitoreo de medios - consolidado 2026
BAGO,sitios_apps,2026,204284.06,pendiente,Monitoreo de medios - consolidado 2026
BAGO,prensa,2026,3186.54,pendiente,Monitoreo de medios - consolidado 2026
BAGO,revistas,2026,965.25,pendiente,Monitoreo de medios - consolidado 2026
BAGO,otros,2026,1178.95,pendiente,Monitoreo de medios - consolidado 2026
CABLE FAMILIA,tv_abierta,2026,22567.13,pendiente,Monitoreo de medios - consolidado 2026
CABLE FAMILIA,tv_paga,2026,45.85,pendiente,Monitoreo de medios - consolidado 2026
URVASEO,sitios_apps,2026,6015.33,pendiente,Monitoreo de medios - consolidado 2026
URVASEO,prensa,2026,128104.47,pendiente,Monitoreo de medios - consolidado 2026
URVASEO,radio,2026,86456.2,pendiente,Monitoreo de medios - consolidado 2026
JUNTA DE BENEFICIENCIA DE GUAYAQUIL,sitios_apps,2026,39327.1,pendiente,Monitoreo de medios - consolidado 2026
JUNTA DE BENEFICIENCIA DE GUAYAQUIL,prensa,2026,31025.72,pendiente,Monitoreo de medios - consolidado 2026
JUNTA DE BENEFICIENCIA DE GUAYAQUIL,radio,2026,35396.72,pendiente,Monitoreo de medios - consolidado 2026
JUNTA DE BENEFICIENCIA DE GUAYAQUIL,otros,2026,5076.0,pendiente,Monitoreo de medios - consolidado 2026
JUNTA DE BENEFICIENCIA DE GUAYAQUIL,tv_abierta,2026,33843.16,pendiente,Monitoreo de medios - consolidado 2026
MASTER PLANT,tv_abierta,2026,20849.29,pendiente,Monitoreo de medios - consolidado 2026
FABRICA DE ALUMINIO UMCO,tv_abierta,2026,87847.71,pendiente,Monitoreo de medios - consolidado 2026
PRODUCTOS TISSUE DEL ECUADOR,sitios_apps,2026,4534.48,pendiente,Monitoreo de medios - consolidado 2026
PRODUCTOS TISSUE DEL ECUADOR,tv_abierta,2026,33186.06,pendiente,Monitoreo de medios - consolidado 2026
ZAPPING,sitios_apps,2026,71411.6,pendiente,Monitoreo de medios - consolidado 2026
ZAPPING,radio,2026,9569.72,pendiente,Monitoreo de medios - consolidado 2026
ZAPPING,tv_abierta,2026,99714.37,pendiente,Monitoreo de medios - consolidado 2026
ZAPPING,tv_paga,2026,75.53,pendiente,Monitoreo de medios - consolidado 2026
RADIO CITY,prensa,2026,238899.65,pendiente,Monitoreo de medios - consolidado 2026
RADIO CITY,tv_abierta,2026,915.53,pendiente,Monitoreo de medios - consolidado 2026
GRAFICOS NACIONALES S. A.,prensa,2026,195326.49,pendiente,Monitoreo de medios - consolidado 2026
GRAFICOS NACIONALES S. A.,otros,2026,91770.4,pendiente,Monitoreo de medios - consolidado 2026
PANIJU S.A.,sitios_apps,2026,10610.23,pendiente,Monitoreo de medios - consolidado 2026
PANIJU S.A.,tv_abierta,2026,81239.25,pendiente,Monitoreo de medios - consolidado 2026
RM,sitios_apps,2026,69723.22,pendiente,Monitoreo de medios - consolidado 2026
RM,prensa,2026,8480.22,pendiente,Monitoreo de medios - consolidado 2026
RM,radio,2026,11672.75,pendiente,Monitoreo de medios - consolidado 2026
RM,revistas,2026,3732.3,pendiente,Monitoreo de medios - consolidado 2026
RM,tv_abierta,2026,51471.25,pendiente,Monitoreo de medios - consolidado 2026
PYCCA,sitios_apps,2026,6194.9,pendiente,Monitoreo de medios - consolidado 2026
PYCCA,prensa,2026,9501.21,pendiente,Monitoreo de medios - consolidado 2026
PYCCA,radio,2026,11376.48,pendiente,Monitoreo de medios - consolidado 2026
PYCCA,tv_abierta,2026,54256.4,pendiente,Monitoreo de medios - consolidado 2026
INSTITUTO DE MICROCIRUGIA OCULAR INMICRO,sitios_apps,2026,163643.77,pendiente,Monitoreo de medios - consolidado 2026
INSTITUTO DE MICROCIRUGIA OCULAR INMICRO,radio,2026,4249.66,pendiente,Monitoreo de medios - consolidado 2026
SODETUR S. A.,sitios_apps,2026,88190.2,pendiente,Monitoreo de medios - consolidado 2026
SODETUR S. A.,revistas,2026,2303.73,pendiente,Monitoreo de medios - consolidado 2026
SODETUR S. A.,tv_abierta,2026,50110.09,pendiente,Monitoreo de medios - consolidado 2026
SODETUR S. A.,tv_paga,2026,1.16,pendiente,Monitoreo de medios - consolidado 2026
GAES CENTRO AUDITIVOS,sitios_apps,2026,20382.62,pendiente,Monitoreo de medios - consolidado 2026
GAES CENTRO AUDITIVOS,radio,2026,11752.51,pendiente,Monitoreo de medios - consolidado 2026
GAES CENTRO AUDITIVOS,tv_abierta,2026,27354.41,pendiente,Monitoreo de medios - consolidado 2026
GAES CENTRO AUDITIVOS,tv_paga,2026,20.72,pendiente,Monitoreo de medios - consolidado 2026
DACA/PROALCO,sitios_apps,2026,38337.01,pendiente,Monitoreo de medios - consolidado 2026
DACA/PROALCO,prensa,2026,1488.32,pendiente,Monitoreo de medios - consolidado 2026
DACA/PROALCO,radio,2026,6571.39,pendiente,Monitoreo de medios - consolidado 2026
DACA/PROALCO,revistas,2026,5855.85,pendiente,Monitoreo de medios - consolidado 2026
DACA/PROALCO,tv_abierta,2026,42881.53,pendiente,Monitoreo de medios - consolidado 2026
DACA/PROALCO,tv_paga,2026,165.0,pendiente,Monitoreo de medios - consolidado 2026
PIGGI'S,sitios_apps,2026,17760.33,pendiente,Monitoreo de medios - consolidado 2026
PIGGI'S,tv_abierta,2026,56492.92,pendiente,Monitoreo de medios - consolidado 2026
MEGA KYWI,prensa,2026,1704.79,pendiente,Monitoreo de medios - consolidado 2026
MEGA KYWI,radio,2026,78903.49,pendiente,Monitoreo de medios - consolidado 2026
MEGA KYWI,tv_abierta,2026,49051.9,pendiente,Monitoreo de medios - consolidado 2026
DORADO BET,sitios_apps,2026,11308.17,pendiente,Monitoreo de medios - consolidado 2026
DORADO BET,radio,2026,100182.31,pendiente,Monitoreo de medios - consolidado 2026
DORADO BET,tv_abierta,2026,13114.59,pendiente,Monitoreo de medios - consolidado 2026
DORADO BET,tv_paga,2026,18422.05,pendiente,Monitoreo de medios - consolidado 2026
CHERY (AUTO),sitios_apps,2026,42907.06,pendiente,Monitoreo de medios - consolidado 2026
CHERY (AUTO),radio,2026,25300.17,pendiente,Monitoreo de medios - consolidado 2026
CHERY (AUTO),tv_abierta,2026,59957.86,pendiente,Monitoreo de medios - consolidado 2026
CHERY (AUTO),tv_paga,2026,495.62,pendiente,Monitoreo de medios - consolidado 2026
ORIENTAL,sitios_apps,2026,47710.04,pendiente,Monitoreo de medios - consolidado 2026
ORIENTAL,radio,2026,6179.49,pendiente,Monitoreo de medios - consolidado 2026
ORIENTAL,revistas,2026,965.25,pendiente,Monitoreo de medios - consolidado 2026
ORIENTAL,otros,2026,1751.76,pendiente,Monitoreo de medios - consolidado 2026
ORIENTAL,tv_abierta,2026,6146.96,pendiente,Monitoreo de medios - consolidado 2026
ORIENTAL,tv_paga,2026,29287.5,pendiente,Monitoreo de medios - consolidado 2026
INDRIVER,sitios_apps,2026,26726.71,pendiente,Monitoreo de medios - consolidado 2026
INDRIVER,radio,2026,858.92,pendiente,Monitoreo de medios - consolidado 2026
INDRIVER,tv_abierta,2026,23114.39,pendiente,Monitoreo de medios - consolidado 2026
QUITO MOTOR,sitios_apps,2026,27434.06,pendiente,Monitoreo de medios - consolidado 2026
QUITO MOTOR,radio,2026,20473.25,pendiente,Monitoreo de medios - consolidado 2026
QUITO MOTOR,tv_abierta,2026,54521.04,pendiente,Monitoreo de medios - consolidado 2026
QUITO MOTOR,tv_paga,2026,9.62,pendiente,Monitoreo de medios - consolidado 2026
SANTA PRISCILA,prensa,2026,71.7,pendiente,Monitoreo de medios - consolidado 2026
SANTA PRISCILA,radio,2026,246.32,pendiente,Monitoreo de medios - consolidado 2026
SANTA PRISCILA,otros,2026,1178.95,pendiente,Monitoreo de medios - consolidado 2026
SANTA PRISCILA,tv_paga,2026,51480.0,pendiente,Monitoreo de medios - consolidado 2026
SHIGRAS.COM,sitios_apps,2026,21271.32,pendiente,Monitoreo de medios - consolidado 2026
SHIGRAS.COM,tv_abierta,2026,25070.23,pendiente,Monitoreo de medios - consolidado 2026
SHIGRAS.COM,tv_paga,2026,1138.49,pendiente,Monitoreo de medios - consolidado 2026
THE TESALIA SPRINGS CO.,sitios_apps,2026,144019.51,pendiente,Monitoreo de medios - consolidado 2026
THE TESALIA SPRINGS CO.,prensa,2026,1153.54,pendiente,Monitoreo de medios - consolidado 2026
THE TESALIA SPRINGS CO.,radio,2026,2818.7,pendiente,Monitoreo de medios - consolidado 2026
CONSEJO NAC. ELECTORAL,sitios_apps,2026,15865.57,pendiente,Monitoreo de medios - consolidado 2026
CONSEJO NAC. ELECTORAL,radio,2026,23512.52,pendiente,Monitoreo de medios - consolidado 2026
CONSEJO NAC. ELECTORAL,tv_abierta,2026,24785.45,pendiente,Monitoreo de medios - consolidado 2026
VEHICENTRO,sitios_apps,2026,32006.23,pendiente,Monitoreo de medios - consolidado 2026
VEHICENTRO,radio,2026,10357.68,pendiente,Monitoreo de medios - consolidado 2026
VEHICENTRO,revistas,2026,18146.7,pendiente,Monitoreo de medios - consolidado 2026
VEHICENTRO,tv_abierta,2026,70923.86,pendiente,Monitoreo de medios - consolidado 2026
CASA CERAMICA,sitios_apps,2026,135438.29,pendiente,Monitoreo de medios - consolidado 2026
CREDITOS ECONOMICOS CREDICOSA S.A.,sitios_apps,2026,23630.91,pendiente,Monitoreo de medios - consolidado 2026
CREDITOS ECONOMICOS CREDICOSA S.A.,prensa,2026,30822.45,pendiente,Monitoreo de medios - consolidado 2026
CREDITOS ECONOMICOS CREDICOSA S.A.,radio,2026,7954.83,pendiente,Monitoreo de medios - consolidado 2026
CREDITOS ECONOMICOS CREDICOSA S.A.,revistas,2026,1866.15,pendiente,Monitoreo de medios - consolidado 2026
CREDITOS ECONOMICOS CREDICOSA S.A.,tv_abierta,2026,25898.66,pendiente,Monitoreo de medios - consolidado 2026
CREDITOS ECONOMICOS CREDICOSA S.A.,tv_paga,2026,0.55,pendiente,Monitoreo de medios - consolidado 2026
PLASTICAUCHO INDUSTRIAL S. A.,sitios_apps,2026,175.48,pendiente,Monitoreo de medios - consolidado 2026
PLASTICAUCHO INDUSTRIAL S. A.,radio,2026,9723.29,pendiente,Monitoreo de medios - consolidado 2026
PLASTICAUCHO INDUSTRIAL S. A.,tv_abierta,2026,33190.66,pendiente,Monitoreo de medios - consolidado 2026
PLASTICAUCHO INDUSTRIAL S. A.,tv_paga,2026,0.76,pendiente,Monitoreo de medios - consolidado 2026
AVISOS CLASIFICADOS,prensa,2026,193897.87,pendiente,Monitoreo de medios - consolidado 2026
BANCO DEL AUSTRO,sitios_apps,2026,83910.02,pendiente,Monitoreo de medios - consolidado 2026
BANCO DEL AUSTRO,radio,2026,12120.48,pendiente,Monitoreo de medios - consolidado 2026
BANCO DEL AUSTRO,revistas,2026,6808.23,pendiente,Monitoreo de medios - consolidado 2026
BANCO DEL AUSTRO,tv_abierta,2026,13765.97,pendiente,Monitoreo de medios - consolidado 2026
BANCO DEL AUSTRO,tv_paga,2026,3436.13,pendiente,Monitoreo de medios - consolidado 2026
UPFIELD ECUADOR CIA LTDA.,sitios_apps,2026,76089.0,pendiente,Monitoreo de medios - consolidado 2026
UPFIELD ECUADOR CIA LTDA.,revistas,2026,1441.44,pendiente,Monitoreo de medios - consolidado 2026
UPFIELD ECUADOR CIA LTDA.,tv_abierta,2026,10521.29,pendiente,Monitoreo de medios - consolidado 2026
HY CITE ENTERPRISES-ECUADOR,sitios_apps,2026,5791.72,pendiente,Monitoreo de medios - consolidado 2026
HY CITE ENTERPRISES-ECUADOR,tv_abierta,2026,98707.02,pendiente,Monitoreo de medios - consolidado 2026
HY CITE ENTERPRISES-ECUADOR,tv_paga,2026,5.49,pendiente,Monitoreo de medios - consolidado 2026
GOBIERNO PROVINCIAL DEL GUAYAS,prensa,2026,14360.08,pendiente,Monitoreo de medios - consolidado 2026
GOBIERNO PROVINCIAL DEL GUAYAS,radio,2026,118063.82,pendiente,Monitoreo de medios - consolidado 2026
BIODERMA LAB.,sitios_apps,2026,138188.94,pendiente,Monitoreo de medios - consolidado 2026
MOTOR UNO,sitios_apps,2026,146777.77,pendiente,Monitoreo de medios - consolidado 2026
JURIS,sitios_apps,2026,27094.03,pendiente,Monitoreo de medios - consolidado 2026
JURIS,revistas,2026,1866.15,pendiente,Monitoreo de medios - consolidado 2026
JURIS,tv_abierta,2026,25017.1,pendiente,Monitoreo de medios - consolidado 2026
GRUPO BIMBO,sitios_apps,2026,16543.45,pendiente,Monitoreo de medios - consolidado 2026
GRUPO BIMBO,prensa,2026,1768.5,pendiente,Monitoreo de medios - consolidado 2026
GRUPO BIMBO,revistas,2026,5791.5,pendiente,Monitoreo de medios - consolidado 2026
GRUPO BIMBO,otros,2026,1178.95,pendiente,Monitoreo de medios - consolidado 2026
GRUPO BIMBO,tv_abierta,2026,27207.19,pendiente,Monitoreo de medios - consolidado 2026
AGROVANIC S.A.,sitios_apps,2026,16011.65,pendiente,Monitoreo de medios - consolidado 2026
AGROVANIC S.A.,tv_abierta,2026,21076.25,pendiente,Monitoreo de medios - consolidado 2026
MULTICINES,sitios_apps,2026,22789.89,pendiente,Monitoreo de medios - consolidado 2026
MULTICINES,radio,2026,5764.82,pendiente,Monitoreo de medios - consolidado 2026
MULTICINES,revistas,2026,7400.25,pendiente,Monitoreo de medios - consolidado 2026
MULTICINES,tv_abierta,2026,45810.3,pendiente,Monitoreo de medios - consolidado 2026
DISTRITO METROPOLITANO DE QUITO,sitios_apps,2026,78434.91,pendiente,Monitoreo de medios - consolidado 2026
DISTRITO METROPOLITANO DE QUITO,prensa,2026,59792.62,pendiente,Monitoreo de medios - consolidado 2026
DISTRITO METROPOLITANO DE QUITO,radio,2026,4303.97,pendiente,Monitoreo de medios - consolidado 2026
AUTOMOTORES Y ANEXOS S.A.,sitios_apps,2026,124892.79,pendiente,Monitoreo de medios - consolidado 2026
AUTOMOTORES Y ANEXOS S.A.,prensa,2026,3651.15,pendiente,Monitoreo de medios - consolidado 2026
AUTOMOTORES Y ANEXOS S.A.,radio,2026,6438.23,pendiente,Monitoreo de medios - consolidado 2026
AUTOMOTORES Y ANEXOS S.A.,otros,2026,1384.41,pendiente,Monitoreo de medios - consolidado 2026
HISPANA DE SEGUROS,sitios_apps,2026,31932.57,pendiente,Monitoreo de medios - consolidado 2026
HISPANA DE SEGUROS,prensa,2026,8153.45,pendiente,Monitoreo de medios - consolidado 2026
HISPANA DE SEGUROS,radio,2026,24644.14,pendiente,Monitoreo de medios - consolidado 2026
HISPANA DE SEGUROS,revistas,2026,2303.73,pendiente,Monitoreo de medios - consolidado 2026
HISPANA DE SEGUROS,tv_abierta,2026,48757.78,pendiente,Monitoreo de medios - consolidado 2026
HISPANA DE SEGUROS,tv_paga,2026,111.8,pendiente,Monitoreo de medios - consolidado 2026
LAMOSAN,sitios_apps,2026,5737.53,pendiente,Monitoreo de medios - consolidado 2026
LAMOSAN,revistas,2026,4169.88,pendiente,Monitoreo de medios - consolidado 2026
LAMOSAN,tv_abierta,2026,58713.23,pendiente,Monitoreo de medios - consolidado 2026
GRUPO CORPORATIVO COLINEAL,sitios_apps,2026,94799.87,pendiente,Monitoreo de medios - consolidado 2026
GRUPO CORPORATIVO COLINEAL,prensa,2026,2442.15,pendiente,Monitoreo de medios - consolidado 2026
GRUPO CORPORATIVO COLINEAL,radio,2026,37574.99,pendiente,Monitoreo de medios - consolidado 2026
GRUPO CORPORATIVO COLINEAL,revistas,2026,3732.3,pendiente,Monitoreo de medios - consolidado 2026
GRUPO CORPORATIVO COLINEAL,otros,2026,1179.36,pendiente,Monitoreo de medios - consolidado 2026
UNICOMER DEL ECUADOR,sitios_apps,2026,840.06,pendiente,Monitoreo de medios - consolidado 2026
UNICOMER DEL ECUADOR,prensa,2026,175.5,pendiente,Monitoreo de medios - consolidado 2026
UNICOMER DEL ECUADOR,radio,2026,9253.79,pendiente,Monitoreo de medios - consolidado 2026
UNICOMER DEL ECUADOR,tv_abierta,2026,22014.94,pendiente,Monitoreo de medios - consolidado 2026
INDUST. LACTEAS TONI,sitios_apps,2026,54938.98,pendiente,Monitoreo de medios - consolidado 2026
INDUST. LACTEAS TONI,prensa,2026,6299.01,pendiente,Monitoreo de medios - consolidado 2026
INDUST. LACTEAS TONI,radio,2026,8164.05,pendiente,Monitoreo de medios - consolidado 2026
INDUST. LACTEAS TONI,revistas,2026,3294.72,pendiente,Monitoreo de medios - consolidado 2026
INDUST. LACTEAS TONI,tv_abierta,2026,10523.93,pendiente,Monitoreo de medios - consolidado 2026
GEELY,sitios_apps,2026,4199.1,pendiente,Monitoreo de medios - consolidado 2026
GEELY,tv_abierta,2026,90429.48,pendiente,Monitoreo de medios - consolidado 2026
CARESTINO,sitios_apps,2026,125807.51,pendiente,Monitoreo de medios - consolidado 2026
PHILLIPS,tv_abierta,2026,39351.57,pendiente,Monitoreo de medios - consolidado 2026
TECO PESCA,revistas,2026,1415.7,pendiente,Monitoreo de medios - consolidado 2026
TECO PESCA,tv_abierta,2026,10614.05,pendiente,Monitoreo de medios - consolidado 2026
CONTRALORIA GENERAL DEL ESTADO,prensa,2026,154761.69,pendiente,Monitoreo de medios - consolidado 2026
FASINARM,prensa,2026,959.88,pendiente,Monitoreo de medios - consolidado 2026
FASINARM,revistas,2026,1287.0,pendiente,Monitoreo de medios - consolidado 2026
FASINARM,tv_abierta,2026,35626.94,pendiente,Monitoreo de medios - consolidado 2026
FASINARM,tv_paga,2026,0.87,pendiente,Monitoreo de medios - consolidado 2026
SUCESORES DE JACOBO PAREDES,sitios_apps,2026,118301.78,pendiente,Monitoreo de medios - consolidado 2026
MAVESA,sitios_apps,2026,21352.52,pendiente,Monitoreo de medios - consolidado 2026
MAVESA,radio,2026,6547.57,pendiente,Monitoreo de medios - consolidado 2026
MAVESA,revistas,2026,2178.25,pendiente,Monitoreo de medios - consolidado 2026
MAVESA,tv_abierta,2026,29330.23,pendiente,Monitoreo de medios - consolidado 2026
IMPORTADORA NAGIB,sitios_apps,2026,6406.38,pendiente,Monitoreo de medios - consolidado 2026
IMPORTADORA NAGIB,radio,2026,114.3,pendiente,Monitoreo de medios - consolidado 2026
IMPORTADORA NAGIB,tv_abierta,2026,27580.47,pendiente,Monitoreo de medios - consolidado 2026
CELLSHOP,tv_paga,2026,36767.5,pendiente,Monitoreo de medios - consolidado 2026
SEGUROS CHUBB,sitios_apps,2026,76358.01,pendiente,Monitoreo de medios - consolidado 2026
SEGUROS CHUBB,prensa,2026,26674.68,pendiente,Monitoreo de medios - consolidado 2026
SEGUROS CHUBB,tv_paga,2026,2818.75,pendiente,Monitoreo de medios - consolidado 2026
DALIA,sitios_apps,2026,114900.49,pendiente,Monitoreo de medios - consolidado 2026
WIP,sitios_apps,2026,114542.06,pendiente,Monitoreo de medios - consolidado 2026
X RAY,tv_abierta,2026,22440.37,pendiente,Monitoreo de medios - consolidado 2026
FIBRAMAX,sitios_apps,2026,6597.81,pendiente,Monitoreo de medios - consolidado 2026
FIBRAMAX,radio,2026,72148.67,pendiente,Monitoreo de medios - consolidado 2026
FIBRAMAX,tv_abierta,2026,3389.35,pendiente,Monitoreo de medios - consolidado 2026
LAS FRAGANCIAS,sitios_apps,2026,111616.93,pendiente,Monitoreo de medios - consolidado 2026
VITAMINA D-100000UI,tv_abierta,2026,38131.79,pendiente,Monitoreo de medios - consolidado 2026
VITAMINA D-100000UI,tv_paga,2026,10.24,pendiente,Monitoreo de medios - consolidado 2026
LATAM,sitios_apps,2026,96279.23,pendiente,Monitoreo de medios - consolidado 2026
LATAM,radio,2026,3877.33,pendiente,Monitoreo de medios - consolidado 2026
LATAM,revistas,2026,1943.37,pendiente,Monitoreo de medios - consolidado 2026
LATAM,otros,2026,1178.95,pendiente,Monitoreo de medios - consolidado 2026
LATAM,tv_abierta,2026,359.92,pendiente,Monitoreo de medios - consolidado 2026
LATAM,tv_paga,2026,247.5,pendiente,Monitoreo de medios - consolidado 2026
BANCO RUMIÑAHUI,sitios_apps,2026,19289.87,pendiente,Monitoreo de medios - consolidado 2026
BANCO RUMIÑAHUI,prensa,2026,6788.21,pendiente,Monitoreo de medios - consolidado 2026
BANCO RUMIÑAHUI,revistas,2026,11750.31,pendiente,Monitoreo de medios - consolidado 2026
BANCO RUMIÑAHUI,tv_abierta,2026,16668.04,pendiente,Monitoreo de medios - consolidado 2026
BANCO RUMIÑAHUI,tv_paga,2026,8992.5,pendiente,Monitoreo de medios - consolidado 2026
YANBAL,sitios_apps,2026,100026.69,pendiente,Monitoreo de medios - consolidado 2026
MINUTO CORP,sitios_apps,2026,35294.59,pendiente,Monitoreo de medios - consolidado 2026
MINUTO CORP,prensa,2026,62668.65,pendiente,Monitoreo de medios - consolidado 2026
MINUTO CORP,radio,2026,4363.53,pendiente,Monitoreo de medios - consolidado 2026
MINUTO CORP,revistas,2026,12033.45,pendiente,Monitoreo de medios - consolidado 2026
MINUTO CORP,otros,2026,15245.1,pendiente,Monitoreo de medios - consolidado 2026
DINEDICIONES,radio,2026,40.92,pendiente,Monitoreo de medios - consolidado 2026
DINEDICIONES,tv_abierta,2026,41740.61,pendiente,Monitoreo de medios - consolidado 2026
HALEON (GSK ECUADOR),sitios_apps,2026,77146.17,pendiente,Monitoreo de medios - consolidado 2026
HALEON (GSK ECUADOR),radio,2026,22847.36,pendiente,Monitoreo de medios - consolidado 2026
RECAMIER,sitios_apps,2026,5752.01,pendiente,Monitoreo de medios - consolidado 2026
RECAMIER,tv_abierta,2026,49654.6,pendiente,Monitoreo de medios - consolidado 2026
RECAMIER,tv_paga,2026,1.69,pendiente,Monitoreo de medios - consolidado 2026
HUMANA,sitios_apps,2026,70300.98,pendiente,Monitoreo de medios - consolidado 2026
HUMANA,radio,2026,6920.73,pendiente,Monitoreo de medios - consolidado 2026
HUMANA,revistas,2026,3268.98,pendiente,Monitoreo de medios - consolidado 2026
HUMANA,tv_abierta,2026,13908.51,pendiente,Monitoreo de medios - consolidado 2026
HOSPITAL METROPOLITANO,sitios_apps,2026,72839.24,pendiente,Monitoreo de medios - consolidado 2026
HOSPITAL METROPOLITANO,radio,2026,34428.83,pendiente,Monitoreo de medios - consolidado 2026
HOSPITAL METROPOLITANO,revistas,2026,1930.5,pendiente,Monitoreo de medios - consolidado 2026
WAHL,sitios_apps,2026,99851.32,pendiente,Monitoreo de medios - consolidado 2026
UNIV. TECNOL. ISRAEL,radio,2026,24340.42,pendiente,Monitoreo de medios - consolidado 2026
UNIV. TECNOL. ISRAEL,tv_abierta,2026,31793.26,pendiente,Monitoreo de medios - consolidado 2026
BANCO COOPNACIONAL,sitios_apps,2026,2538.0,pendiente,Monitoreo de medios - consolidado 2026
BANCO COOPNACIONAL,prensa,2026,9118.88,pendiente,Monitoreo de medios - consolidado 2026
BANCO COOPNACIONAL,radio,2026,85309.77,pendiente,Monitoreo de medios - consolidado 2026
PARMALAT,sitios_apps,2026,1272.09,pendiente,Monitoreo de medios - consolidado 2026
PARMALAT,radio,2026,2819.12,pendiente,Monitoreo de medios - consolidado 2026
PARMALAT,tv_abierta,2026,22355.24,pendiente,Monitoreo de medios - consolidado 2026
PARMALAT,tv_paga,2026,247.64,pendiente,Monitoreo de medios - consolidado 2026
REDNI ECUADOR 2030 PRODUCTIVO Y SOSTENIB,tv_abierta,2026,23450.89,pendiente,Monitoreo de medios - consolidado 2026
UNIV. DE GUAYAQUIL,sitios_apps,2026,940.7,pendiente,Monitoreo de medios - consolidado 2026
UNIV. DE GUAYAQUIL,prensa,2026,8294.76,pendiente,Monitoreo de medios - consolidado 2026
UNIV. DE GUAYAQUIL,radio,2026,8988.75,pendiente,Monitoreo de medios - consolidado 2026
UNIV. DE GUAYAQUIL,revistas,2026,3687.26,pendiente,Monitoreo de medios - consolidado 2026
UNIV. DE GUAYAQUIL,otros,2026,1178.95,pendiente,Monitoreo de medios - consolidado 2026
UNIV. DE GUAYAQUIL,tv_abierta,2026,17003.2,pendiente,Monitoreo de medios - consolidado 2026
BASSA,sitios_apps,2026,36934.38,pendiente,Monitoreo de medios - consolidado 2026
BASSA,radio,2026,11902.6,pendiente,Monitoreo de medios - consolidado 2026
BASSA,revistas,2026,2059.2,pendiente,Monitoreo de medios - consolidado 2026
BASSA,tv_abierta,2026,20248.26,pendiente,Monitoreo de medios - consolidado 2026
CORP. GPF,sitios_apps,2026,21366.22,pendiente,Monitoreo de medios - consolidado 2026
CORP. GPF,radio,2026,32245.96,pendiente,Monitoreo de medios - consolidado 2026
CORP. GPF,tv_abierta,2026,17411.67,pendiente,Monitoreo de medios - consolidado 2026
UNIV. TECNOL. ECOTEC,sitios_apps,2026,16598.12,pendiente,Monitoreo de medios - consolidado 2026
UNIV. TECNOL. ECOTEC,prensa,2026,15525.68,pendiente,Monitoreo de medios - consolidado 2026
UNIV. TECNOL. ECOTEC,radio,2026,29752.8,pendiente,Monitoreo de medios - consolidado 2026
UNIV. TECNOL. ECOTEC,revistas,2026,965.25,pendiente,Monitoreo de medios - consolidado 2026
UNIV. TECNOL. ECOTEC,tv_abierta,2026,20370.56,pendiente,Monitoreo de medios - consolidado 2026
UNIV. UTEL,sitios_apps,2026,79622.47,pendiente,Monitoreo de medios - consolidado 2026
BANCO INTERNACIONAL,sitios_apps,2026,82338.07,pendiente,Monitoreo de medios - consolidado 2026
BANCO INTERNACIONAL,prensa,2026,962.59,pendiente,Monitoreo de medios - consolidado 2026
BANCO INTERNACIONAL,revistas,2026,965.25,pendiente,Monitoreo de medios - consolidado 2026
TOYOTA,sitios_apps,2026,43352.82,pendiente,Monitoreo de medios - consolidado 2026
TOYOTA,prensa,2026,1704.79,pendiente,Monitoreo de medios - consolidado 2026
TOYOTA,radio,2026,612.84,pendiente,Monitoreo de medios - consolidado 2026
TOYOTA,otros,2026,1384.41,pendiente,Monitoreo de medios - consolidado 2026
TOYOTA,tv_abierta,2026,18058.86,pendiente,Monitoreo de medios - consolidado 2026
CONTINENTAL,sitios_apps,2026,71228.02,pendiente,Monitoreo de medios - consolidado 2026
CONTINENTAL,radio,2026,14572.73,pendiente,Monitoreo de medios - consolidado 2026
PEDIDOS YA,sitios_apps,2026,20087.35,pendiente,Monitoreo de medios - consolidado 2026
PEDIDOS YA,tv_abierta,2026,19968.42,pendiente,Monitoreo de medios - consolidado 2026
PEDIDOS YA,tv_paga,2026,2805.0,pendiente,Monitoreo de medios - consolidado 2026
DIREC TV,sitios_apps,2026,52228.5,pendiente,Monitoreo de medios - consolidado 2026
DIREC TV,prensa,2026,1050.77,pendiente,Monitoreo de medios - consolidado 2026
DIREC TV,radio,2026,9564.57,pendiente,Monitoreo de medios - consolidado 2026
DIREC TV,tv_abierta,2026,1344.87,pendiente,Monitoreo de medios - consolidado 2026
DIREC TV,tv_paga,2026,220.0,pendiente,Monitoreo de medios - consolidado 2026
MUNICIPIO DE PORTOVIEJO,sitios_apps,2026,1283.15,pendiente,Monitoreo de medios - consolidado 2026
MUNICIPIO DE PORTOVIEJO,prensa,2026,2379.09,pendiente,Monitoreo de medios - consolidado 2026
MUNICIPIO DE PORTOVIEJO,tv_abierta,2026,11272.08,pendiente,Monitoreo de medios - consolidado 2026
MUNICIPIO DE PORTOVIEJO,tv_paga,2026,18.6,pendiente,Monitoreo de medios - consolidado 2026
ARTEFACTA,sitios_apps,2026,24772.7,pendiente,Monitoreo de medios - consolidado 2026
ARTEFACTA,prensa,2026,1606.54,pendiente,Monitoreo de medios - consolidado 2026
ARTEFACTA,radio,2026,15845.52,pendiente,Monitoreo de medios - consolidado 2026
ARTEFACTA,tv_abierta,2026,8872.46,pendiente,Monitoreo de medios - consolidado 2026
COMANDATO,sitios_apps,2026,8332.36,pendiente,Monitoreo de medios - consolidado 2026
COMANDATO,radio,2026,7078.62,pendiente,Monitoreo de medios - consolidado 2026
COMANDATO,tv_abierta,2026,19287.15,pendiente,Monitoreo de medios - consolidado 2026
CANDLECROSS,sitios_apps,2026,67454.72,pendiente,Monitoreo de medios - consolidado 2026
CANDLECROSS,tv_abierta,2026,7941.72,pendiente,Monitoreo de medios - consolidado 2026
EQUISUIZA SEGUROS,sitios_apps,2026,52242.96,pendiente,Monitoreo de medios - consolidado 2026
EQUISUIZA SEGUROS,prensa,2026,695.49,pendiente,Monitoreo de medios - consolidado 2026
EQUISUIZA SEGUROS,radio,2026,3.26,pendiente,Monitoreo de medios - consolidado 2026
EQUISUIZA SEGUROS,tv_abierta,2026,17382.54,pendiente,Monitoreo de medios - consolidado 2026
DECAMERON,sitios_apps,2026,16559.62,pendiente,Monitoreo de medios - consolidado 2026
DECAMERON,prensa,2026,34922.38,pendiente,Monitoreo de medios - consolidado 2026
DECAMERON,radio,2026,38270.02,pendiente,Monitoreo de medios - consolidado 2026
DECAMERON,otros,2026,3306.75,pendiente,Monitoreo de medios - consolidado 2026
TELCONET,sitios_apps,2026,11435.33,pendiente,Monitoreo de medios - consolidado 2026
TELCONET,radio,2026,36158.74,pendiente,Monitoreo de medios - consolidado 2026
TELCONET,revistas,2026,30305.63,pendiente,Monitoreo de medios - consolidado 2026
LA ROCHE POSAY,sitios_apps,2026,84659.96,pendiente,Monitoreo de medios - consolidado 2026
INTERAGUA,sitios_apps,2026,22121.28,pendiente,Monitoreo de medios - consolidado 2026
INTERAGUA,prensa,2026,21877.29,pendiente,Monitoreo de medios - consolidado 2026
INTERAGUA,radio,2026,35351.43,pendiente,Monitoreo de medios - consolidado 2026
INTERAGUA,otros,2026,2052.0,pendiente,Monitoreo de medios - consolidado 2026
INTERAGUA,tv_paga,2026,757.81,pendiente,Monitoreo de medios - consolidado 2026
BETCRIS,sitios_apps,2026,40470.38,pendiente,Monitoreo de medios - consolidado 2026
BETCRIS,radio,2026,16670.11,pendiente,Monitoreo de medios - consolidado 2026
BETCRIS,tv_abierta,2026,25240.0,pendiente,Monitoreo de medios - consolidado 2026
CONFIAMED,sitios_apps,2026,24736.78,pendiente,Monitoreo de medios - consolidado 2026
CONFIAMED,radio,2026,11999.03,pendiente,Monitoreo de medios - consolidado 2026
CONFIAMED,tv_abierta,2026,17464.76,pendiente,Monitoreo de medios - consolidado 2026
PROMART HOME CENTER,sitios_apps,2026,46821.81,pendiente,Monitoreo de medios - consolidado 2026
PROMART HOME CENTER,prensa,2026,9297.62,pendiente,Monitoreo de medios - consolidado 2026
PROMART HOME CENTER,radio,2026,29717.0,pendiente,Monitoreo de medios - consolidado 2026
TIPTI,sitios_apps,2026,7700.26,pendiente,Monitoreo de medios - consolidado 2026
TIPTI,prensa,2026,14292.71,pendiente,Monitoreo de medios - consolidado 2026
TIPTI,radio,2026,2244.6,pendiente,Monitoreo de medios - consolidado 2026
TIPTI,otros,2026,1178.95,pendiente,Monitoreo de medios - consolidado 2026
TIPTI,tv_abierta,2026,18326.86,pendiente,Monitoreo de medios - consolidado 2026
SUPERCENTRO FERRETERO KYWI,sitios_apps,2026,80119.78,pendiente,Monitoreo de medios - consolidado 2026
FIDEVAL,sitios_apps,2026,61610.56,pendiente,Monitoreo de medios - consolidado 2026
FIDEVAL,radio,2026,10783.72,pendiente,Monitoreo de medios - consolidado 2026
FIDEVAL,revistas,2026,2059.2,pendiente,Monitoreo de medios - consolidado 2026
LAB. BEAUTIK,sitios_apps,2026,80377.95,pendiente,Monitoreo de medios - consolidado 2026
NATURES HEART,sitios_apps,2026,72803.0,pendiente,Monitoreo de medios - consolidado 2026
HONDA,sitios_apps,2026,52652.9,pendiente,Monitoreo de medios - consolidado 2026
HONDA,revistas,2026,3423.42,pendiente,Monitoreo de medios - consolidado 2026
HONDA,tv_abierta,2026,11121.73,pendiente,Monitoreo de medios - consolidado 2026
HONDA,tv_paga,2026,82.5,pendiente,Monitoreo de medios - consolidado 2026
AMBIENSA S. A.,sitios_apps,2026,26330.02,pendiente,Monitoreo de medios - consolidado 2026
AMBIENSA S. A.,prensa,2026,23000.37,pendiente,Monitoreo de medios - consolidado 2026
AMBIENSA S. A.,radio,2026,39198.87,pendiente,Monitoreo de medios - consolidado 2026
AMBIENSA S. A.,tv_paga,2026,307.54,pendiente,Monitoreo de medios - consolidado 2026
CONCIERTOS,prensa,2026,792.89,pendiente,Monitoreo de medios - consolidado 2026
CONCIERTOS,radio,2026,35934.61,pendiente,Monitoreo de medios - consolidado 2026
CONCIERTOS,tv_abierta,2026,9930.04,pendiente,Monitoreo de medios - consolidado 2026
CORP. INMOBILIARE INTERNAC.,sitios_apps,2026,76677.36,pendiente,Monitoreo de medios - consolidado 2026
IMPORT. ROMACC,sitios_apps,2026,66845.88,pendiente,Monitoreo de medios - consolidado 2026
IMPORT. ROMACC,radio,2026,10018.72,pendiente,Monitoreo de medios - consolidado 2026
DAYTONA,sitios_apps,2026,76914.58,pendiente,Monitoreo de medios - consolidado 2026
LABORATORIOS WEIR,sitios_apps,2026,68544.71,pendiente,Monitoreo de medios - consolidado 2026
L´OREAL,sitios_apps,2026,74994.48,pendiente,Monitoreo de medios - consolidado 2026
METRORED CENTROS MEDICOS,sitios_apps,2026,64865.37,pendiente,Monitoreo de medios - consolidado 2026
METRORED CENTROS MEDICOS,radio,2026,14073.95,pendiente,Monitoreo de medios - consolidado 2026
HILTON COLON,sitios_apps,2026,2204.17,pendiente,Monitoreo de medios - consolidado 2026
HILTON COLON,radio,2026,54630.91,pendiente,Monitoreo de medios - consolidado 2026
HILTON COLON,revistas,2026,3809.52,pendiente,Monitoreo de medios - consolidado 2026
HILTON COLON,otros,2026,3947.57,pendiente,Monitoreo de medios - consolidado 2026
BANCO VISION FUND,prensa,2026,8107.96,pendiente,Monitoreo de medios - consolidado 2026
BANCO VISION FUND,radio,2026,11041.12,pendiente,Monitoreo de medios - consolidado 2026
BANCO VISION FUND,tv_abierta,2026,17074.48,pendiente,Monitoreo de medios - consolidado 2026
VALVOLINE,sitios_apps,2026,17453.54,pendiente,Monitoreo de medios - consolidado 2026
VALVOLINE,radio,2026,47580.0,pendiente,Monitoreo de medios - consolidado 2026
VALVOLINE,tv_abierta,2026,6434.22,pendiente,Monitoreo de medios - consolidado 2026
VALVOLINE,tv_paga,2026,907.5,pendiente,Monitoreo de medios - consolidado 2026
LG ELECTRONIC,sitios_apps,2026,41447.0,pendiente,Monitoreo de medios - consolidado 2026
LG ELECTRONIC,prensa,2026,1902.54,pendiente,Monitoreo de medios - consolidado 2026
LG ELECTRONIC,radio,2026,7610.49,pendiente,Monitoreo de medios - consolidado 2026
LG ELECTRONIC,tv_abierta,2026,11932.02,pendiente,Monitoreo de medios - consolidado 2026
ALPHA BUILDERS BY HOMEPLUS,sitios_apps,2026,63561.11,pendiente,Monitoreo de medios - consolidado 2026
UNACEM ECUADOR S.A.,sitios_apps,2026,11284.99,pendiente,Monitoreo de medios - consolidado 2026
UNACEM ECUADOR S.A.,prensa,2026,175.5,pendiente,Monitoreo de medios - consolidado 2026
UNACEM ECUADOR S.A.,radio,2026,6689.06,pendiente,Monitoreo de medios - consolidado 2026
UNACEM ECUADOR S.A.,revistas,2026,5341.05,pendiente,Monitoreo de medios - consolidado 2026
UNACEM ECUADOR S.A.,otros,2026,2817.07,pendiente,Monitoreo de medios - consolidado 2026
UNACEM ECUADOR S.A.,tv_abierta,2026,16409.42,pendiente,Monitoreo de medios - consolidado 2026
LAMITEX S.A,tv_abierta,2026,24653.57,pendiente,Monitoreo de medios - consolidado 2026
VISA,sitios_apps,2026,64141.04,pendiente,Monitoreo de medios - consolidado 2026
VISA,radio,2026,4844.94,pendiente,Monitoreo de medios - consolidado 2026
URBANO ENVIOS,sitios_apps,2026,72323.91,pendiente,Monitoreo de medios - consolidado 2026
JUAN ELJURI,sitios_apps,2026,57466.62,pendiente,Monitoreo de medios - consolidado 2026
JUAN ELJURI,prensa,2026,6412.89,pendiente,Monitoreo de medios - consolidado 2026
JUAN ELJURI,radio,2026,8251.07,pendiente,Monitoreo de medios - consolidado 2026
DURAGAS,sitios_apps,2026,45902.51,pendiente,Monitoreo de medios - consolidado 2026
DURAGAS,prensa,2026,3588.51,pendiente,Monitoreo de medios - consolidado 2026
DURAGAS,radio,2026,10924.04,pendiente,Monitoreo de medios - consolidado 2026
DURAGAS,otros,2026,5894.75,pendiente,Monitoreo de medios - consolidado 2026
NAUTICA,sitios_apps,2026,603.3,pendiente,Monitoreo de medios - consolidado 2026
NAUTICA,tv_abierta,2026,21253.67,pendiente,Monitoreo de medios - consolidado 2026
SALUDSA,sitios_apps,2026,10207.96,pendiente,Monitoreo de medios - consolidado 2026
SALUDSA,tv_paga,2026,26197.41,pendiente,Monitoreo de medios - consolidado 2026
SHELL ECUADOR,sitios_apps,2026,62363.37,pendiente,Monitoreo de medios - consolidado 2026
SHELL ECUADOR,radio,2026,1794.48,pendiente,Monitoreo de medios - consolidado 2026
JAC MOTORS,sitios_apps,2026,37060.79,pendiente,Monitoreo de medios - consolidado 2026
JAC MOTORS,radio,2026,5045.6,pendiente,Monitoreo de medios - consolidado 2026
JAC MOTORS,revistas,2026,2168.59,pendiente,Monitoreo de medios - consolidado 2026
JAC MOTORS,tv_abierta,2026,9869.56,pendiente,Monitoreo de medios - consolidado 2026
UNIV. POLITECNICA SALESIANA,sitios_apps,2026,23981.21,pendiente,Monitoreo de medios - consolidado 2026
UNIV. POLITECNICA SALESIANA,prensa,2026,3983.04,pendiente,Monitoreo de medios - consolidado 2026
UNIV. POLITECNICA SALESIANA,radio,2026,20078.27,pendiente,Monitoreo de medios - consolidado 2026
UNIV. POLITECNICA SALESIANA,revistas,2026,13629.33,pendiente,Monitoreo de medios - consolidado 2026
UNIV. POLITECNICA SALESIANA,otros,2026,744.6,pendiente,Monitoreo de medios - consolidado 2026
UNIV. POLITECNICA SALESIANA,tv_abierta,2026,5144.7,pendiente,Monitoreo de medios - consolidado 2026
COSTA SOL,sitios_apps,2026,58357.33,pendiente,Monitoreo de medios - consolidado 2026
ALICORP,tv_abierta,2026,27659.91,pendiente,Monitoreo de medios - consolidado 2026
EDITORES NACIONALES S. A.,revistas,2026,1364.22,pendiente,Monitoreo de medios - consolidado 2026
EDITORES NACIONALES S. A.,tv_abierta,2026,53650.16,pendiente,Monitoreo de medios - consolidado 2026
IMPOVENTURA,sitios_apps,2026,32759.45,pendiente,Monitoreo de medios - consolidado 2026
IMPOVENTURA,radio,2026,39256.03,pendiente,Monitoreo de medios - consolidado 2026
NORDAVIN,sitios_apps,2026,63235.48,pendiente,Monitoreo de medios - consolidado 2026
BANCO AMAZONAS,sitios_apps,2026,54234.63,pendiente,Monitoreo de medios - consolidado 2026
BANCO AMAZONAS,prensa,2026,2043.45,pendiente,Monitoreo de medios - consolidado 2026
BANCO AMAZONAS,radio,2026,4870.01,pendiente,Monitoreo de medios - consolidado 2026
MOTOROLA,sitios_apps,2026,63992.31,pendiente,Monitoreo de medios - consolidado 2026
ZURICH SEGUROS ECUADOR S.A.,sitios_apps,2026,46159.67,pendiente,Monitoreo de medios - consolidado 2026
ZURICH SEGUROS ECUADOR S.A.,prensa,2026,17513.78,pendiente,Monitoreo de medios - consolidado 2026
ZURICH SEGUROS ECUADOR S.A.,revistas,2026,3667.95,pendiente,Monitoreo de medios - consolidado 2026
ZURICH SEGUROS ECUADOR S.A.,otros,2026,2357.9,pendiente,Monitoreo de medios - consolidado 2026
ARROZ SAN ISIDRO,sitios_apps,2026,63202.04,pendiente,Monitoreo de medios - consolidado 2026
INTERNATIONAL ESL SERVICES LLC,sitios_apps,2026,5155.5,pendiente,Monitoreo de medios - consolidado 2026
INTERNATIONAL ESL SERVICES LLC,tv_paga,2026,47145.99,pendiente,Monitoreo de medios - consolidado 2026
ROCHE,sitios_apps,2026,61764.83,pendiente,Monitoreo de medios - consolidado 2026
OUTPUT,sitios_apps,2026,18585.58,pendiente,Monitoreo de medios - consolidado 2026
OUTPUT,radio,2026,42383.38,pendiente,Monitoreo de medios - consolidado 2026
OUTPUT,otros,2026,3294.85,pendiente,Monitoreo de medios - consolidado 2026
QUITO 15 K RACE ADIDAS,sitios_apps,2026,718.66,pendiente,Monitoreo de medios - consolidado 2026
QUITO 15 K RACE ADIDAS,tv_abierta,2026,24549.93,pendiente,Monitoreo de medios - consolidado 2026
FIBRAMASTER,tv_abierta,2026,3448.84,pendiente,Monitoreo de medios - consolidado 2026
SUPER FERIA ELECTRO SHOW,sitios_apps,2026,7292.02,pendiente,Monitoreo de medios - consolidado 2026
SUPER FERIA ELECTRO SHOW,prensa,2026,1704.79,pendiente,Monitoreo de medios - consolidado 2026
SUPER FERIA ELECTRO SHOW,radio,2026,4916.81,pendiente,Monitoreo de medios - consolidado 2026
SUPER FERIA ELECTRO SHOW,tv_abierta,2026,13181.77,pendiente,Monitoreo de medios - consolidado 2026
SUPER FERIA ELECTRO SHOW,tv_paga,2026,1.19,pendiente,Monitoreo de medios - consolidado 2026
WARMI RUNNER,sitios_apps,2026,2514.44,pendiente,Monitoreo de medios - consolidado 2026
WARMI RUNNER,radio,2026,264.03,pendiente,Monitoreo de medios - consolidado 2026
WARMI RUNNER,tv_abierta,2026,24660.03,pendiente,Monitoreo de medios - consolidado 2026
CALBAQ,sitios_apps,2026,38141.05,pendiente,Monitoreo de medios - consolidado 2026
CALBAQ,prensa,2026,8824.51,pendiente,Monitoreo de medios - consolidado 2026
CALBAQ,radio,2026,2102.91,pendiente,Monitoreo de medios - consolidado 2026
CALBAQ,revistas,2026,965.25,pendiente,Monitoreo de medios - consolidado 2026
CALBAQ,tv_abierta,2026,1454.9,pendiente,Monitoreo de medios - consolidado 2026
AMAZON AROMA,sitios_apps,2026,60415.08,pendiente,Monitoreo de medios - consolidado 2026
INGENIO SAN CARLOS,sitios_apps,2026,56872.86,pendiente,Monitoreo de medios - consolidado 2026
INGENIO SAN CARLOS,prensa,2026,1266.08,pendiente,Monitoreo de medios - consolidado 2026
INGENIO SAN CARLOS,revistas,2026,2303.73,pendiente,Monitoreo de medios - consolidado 2026
ECARNI,sitios_apps,2026,52460.06,pendiente,Monitoreo de medios - consolidado 2026
FERIA DE AMBATO,radio,2026,5978.61,pendiente,Monitoreo de medios - consolidado 2026
FERIA DE AMBATO,revistas,2026,1769.62,pendiente,Monitoreo de medios - consolidado 2026
FERIA DE AMBATO,tv_abierta,2026,22518.83,pendiente,Monitoreo de medios - consolidado 2026
ELECTRO CABLES C.A.,prensa,2026,45329.71,pendiente,Monitoreo de medios - consolidado 2026
ELECTRO CABLES C.A.,radio,2026,22373.68,pendiente,Monitoreo de medios - consolidado 2026
ELECTRO CABLES C.A.,otros,2026,1178.95,pendiente,Monitoreo de medios - consolidado 2026
ELECTRO CABLES C.A.,tv_paga,2026,41.6,pendiente,Monitoreo de medios - consolidado 2026
ADHEPLAST S.A.,sitios_apps,2026,1170.04,pendiente,Monitoreo de medios - consolidado 2026
ADHEPLAST S.A.,tv_abierta,2026,15991.27,pendiente,Monitoreo de medios - consolidado 2026
FERROMAX,sitios_apps,2026,51021.9,pendiente,Monitoreo de medios - consolidado 2026
FTC LIVE,sitios_apps,2026,201.1,pendiente,Monitoreo de medios - consolidado 2026
FTC LIVE,radio,2026,23848.72,pendiente,Monitoreo de medios - consolidado 2026
FTC LIVE,tv_abierta,2026,12880.9,pendiente,Monitoreo de medios - consolidado 2026
COMISARIATO DEL CONSTRUCTOR S.A.,sitios_apps,2026,5825.02,pendiente,Monitoreo de medios - consolidado 2026
COMISARIATO DEL CONSTRUCTOR S.A.,radio,2026,61922.77,pendiente,Monitoreo de medios - consolidado 2026
OPTICA LOS ANDES,sitios_apps,2026,54401.19,pendiente,Monitoreo de medios - consolidado 2026
OPTICA LOS ANDES,prensa,2026,852.4,pendiente,Monitoreo de medios - consolidado 2026
OPTICA LOS ANDES,radio,2026,20.5,pendiente,Monitoreo de medios - consolidado 2026
MUNICIPIO DE MANTA,tv_abierta,2026,5701.72,pendiente,Monitoreo de medios - consolidado 2026
RENACIENTE,sitios_apps,2026,54338.65,pendiente,Monitoreo de medios - consolidado 2026
MUTUALISTA PICHINCHA,sitios_apps,2026,43612.25,pendiente,Monitoreo de medios - consolidado 2026
MUTUALISTA PICHINCHA,prensa,2026,3209.23,pendiente,Monitoreo de medios - consolidado 2026
MUTUALISTA PICHINCHA,radio,2026,4480.65,pendiente,Monitoreo de medios - consolidado 2026
MUTUALISTA PICHINCHA,revistas,2026,965.25,pendiente,Monitoreo de medios - consolidado 2026
LA ITALIANA,sitios_apps,2026,9290.65,pendiente,Monitoreo de medios - consolidado 2026
LA ITALIANA,radio,2026,4585.08,pendiente,Monitoreo de medios - consolidado 2026
LA ITALIANA,tv_abierta,2026,9405.53,pendiente,Monitoreo de medios - consolidado 2026
LA ITALIANA,tv_paga,2026,0.52,pendiente,Monitoreo de medios - consolidado 2026
ALMACEN ESTUARDO SANCHEZ,sitios_apps,2026,30300.08,pendiente,Monitoreo de medios - consolidado 2026
ALMACEN ESTUARDO SANCHEZ,tv_abierta,2026,5444.71,pendiente,Monitoreo de medios - consolidado 2026
INSTITUT ESTHEDERM,sitios_apps,2026,49209.92,pendiente,Monitoreo de medios - consolidado 2026
UNIV. CASA GRANDE,sitios_apps,2026,48192.4,pendiente,Monitoreo de medios - consolidado 2026
UNIV. CASA GRANDE,radio,2026,1190.46,pendiente,Monitoreo de medios - consolidado 2026
UNIV. CASA GRANDE,revistas,2026,2303.73,pendiente,Monitoreo de medios - consolidado 2026
UNIV. CASA GRANDE,otros,2026,2052.0,pendiente,Monitoreo de medios - consolidado 2026
FUND. VISTA PARA TODOS,tv_abierta,2026,5599.56,pendiente,Monitoreo de medios - consolidado 2026
LATINA SEGUROS,sitios_apps,2026,53513.84,pendiente,Monitoreo de medios - consolidado 2026
ALMACENES BOYACA,sitios_apps,2026,5503.7,pendiente,Monitoreo de medios - consolidado 2026
ALMACENES BOYACA,prensa,2026,2191.81,pendiente,Monitoreo de medios - consolidado 2026
ALMACENES BOYACA,tv_abierta,2026,11771.32,pendiente,Monitoreo de medios - consolidado 2026
OLIMPIADAS ESPECIALES-ECUADOR,sitios_apps,2026,1791.61,pendiente,Monitoreo de medios - consolidado 2026
OLIMPIADAS ESPECIALES-ECUADOR,radio,2026,285.86,pendiente,Monitoreo de medios - consolidado 2026
OLIMPIADAS ESPECIALES-ECUADOR,tv_abierta,2026,28049.83,pendiente,Monitoreo de medios - consolidado 2026
DR. DRY (CREMAS CORPORALES),sitios_apps,2026,48209.89,pendiente,Monitoreo de medios - consolidado 2026
INTERLAB CIA.LTDA.,sitios_apps,2026,14070.72,pendiente,Monitoreo de medios - consolidado 2026
INTERLAB CIA.LTDA.,prensa,2026,1198.7,pendiente,Monitoreo de medios - consolidado 2026
INTERLAB CIA.LTDA.,radio,2026,5528.07,pendiente,Monitoreo de medios - consolidado 2026
INTERLAB CIA.LTDA.,revistas,2026,2831.4,pendiente,Monitoreo de medios - consolidado 2026
INTERLAB CIA.LTDA.,otros,2026,36936.0,pendiente,Monitoreo de medios - consolidado 2026
INTERLAB CIA.LTDA.,tv_abierta,2026,79.5,pendiente,Monitoreo de medios - consolidado 2026
COOP. MUSHUC RUNA,sitios_apps,2026,924.06,pendiente,Monitoreo de medios - consolidado 2026
COOP. MUSHUC RUNA,prensa,2026,3141.8,pendiente,Monitoreo de medios - consolidado 2026
COOP. MUSHUC RUNA,radio,2026,49068.21,pendiente,Monitoreo de medios - consolidado 2026
CANABIS GEL,tv_abierta,2026,2854.07,pendiente,Monitoreo de medios - consolidado 2026
1XBET,sitios_apps,2026,48281.51,pendiente,Monitoreo de medios - consolidado 2026
1XBET,tv_abierta,2026,269.2,pendiente,Monitoreo de medios - consolidado 2026
1XBET,tv_paga,2026,96.25,pendiente,Monitoreo de medios - consolidado 2026
FRECUENTO S.A. FREQUENTBUY,sitios_apps,2026,52704.71,pendiente,Monitoreo de medios - consolidado 2026
PICAL,sitios_apps,2026,46755.67,pendiente,Monitoreo de medios - consolidado 2026
MARCELLO S,sitios_apps,2026,51025.32,pendiente,Monitoreo de medios - consolidado 2026
NOVACERO,sitios_apps,2026,3947.86,pendiente,Monitoreo de medios - consolidado 2026
NOVACERO,radio,2026,2515.23,pendiente,Monitoreo de medios - consolidado 2026
NOVACERO,tv_abierta,2026,10272.48,pendiente,Monitoreo de medios - consolidado 2026
GOTAS DE SEDA,sitios_apps,2026,658.14,pendiente,Monitoreo de medios - consolidado 2026
GOTAS DE SEDA,tv_abierta,2026,5246.93,pendiente,Monitoreo de medios - consolidado 2026
FERRETERIA ESPINOZA,sitios_apps,2026,46210.96,pendiente,Monitoreo de medios - consolidado 2026
LUNDIN GOLD,sitios_apps,2026,45493.08,pendiente,Monitoreo de medios - consolidado 2026
C. C. POLICENTRO,sitios_apps,2026,24562.56,pendiente,Monitoreo de medios - consolidado 2026
C. C. POLICENTRO,prensa,2026,20997.02,pendiente,Monitoreo de medios - consolidado 2026
C. C. POLICENTRO,radio,2026,6454.94,pendiente,Monitoreo de medios - consolidado 2026
C. C. POLICENTRO,otros,2026,1244.5,pendiente,Monitoreo de medios - consolidado 2026
COMERCIAL JAHER,sitios_apps,2026,34577.81,pendiente,Monitoreo de medios - consolidado 2026
COMERCIAL JAHER,radio,2026,12320.47,pendiente,Monitoreo de medios - consolidado 2026
PROTEJAS,sitios_apps,2026,48817.98,pendiente,Monitoreo de medios - consolidado 2026
LA VERDE (GRANOS),sitios_apps,2026,48229.45,pendiente,Monitoreo de medios - consolidado 2026
JETSMART,sitios_apps,2026,48739.89,pendiente,Monitoreo de medios - consolidado 2026
EXTRA RADIO S. A.,prensa,2026,8094.63,pendiente,Monitoreo de medios - consolidado 2026
EXTRA RADIO S. A.,radio,2026,65676.58,pendiente,Monitoreo de medios - consolidado 2026
MALL DEL RIO,sitios_apps,2026,25451.43,pendiente,Monitoreo de medios - consolidado 2026
MALL DEL RIO,radio,2026,22926.62,pendiente,Monitoreo de medios - consolidado 2026
ECUADOR EN POSITIVO,tv_abierta,2026,16084.64,pendiente,Monitoreo de medios - consolidado 2026
INDUSTRIAL MOLINERA,sitios_apps,2026,43569.57,pendiente,Monitoreo de medios - consolidado 2026
INDUSTRIAL MOLINERA,otros,2026,3943.5,pendiente,Monitoreo de medios - consolidado 2026
PLASTICOS INDUSTRIALES C. A.,sitios_apps,2026,39081.15,pendiente,Monitoreo de medios - consolidado 2026
PLASTICOS INDUSTRIALES C. A.,prensa,2026,175.5,pendiente,Monitoreo de medios - consolidado 2026
PLASTICOS INDUSTRIALES C. A.,radio,2026,6305.03,pendiente,Monitoreo de medios - consolidado 2026
PARQUE DENTAL,sitios_apps,2026,43441.19,pendiente,Monitoreo de medios - consolidado 2026
RENAULT,sitios_apps,2026,43636.49,pendiente,Monitoreo de medios - consolidado 2026
MISION EMPRENDE,tv_abierta,2026,11483.36,pendiente,Monitoreo de medios - consolidado 2026
MISION EMPRENDE,tv_paga,2026,3568.38,pendiente,Monitoreo de medios - consolidado 2026
COMOHOGAR S.A.,sitios_apps,2026,13448.41,pendiente,Monitoreo de medios - consolidado 2026
COMOHOGAR S.A.,radio,2026,1769.36,pendiente,Monitoreo de medios - consolidado 2026
COMOHOGAR S.A.,tv_abierta,2026,17594.27,pendiente,Monitoreo de medios - consolidado 2026
CONAUTO,sitios_apps,2026,299.41,pendiente,Monitoreo de medios - consolidado 2026
CONAUTO,radio,2026,50774.23,pendiente,Monitoreo de medios - consolidado 2026
ALPINA,sitios_apps,2026,42317.39,pendiente,Monitoreo de medios - consolidado 2026
ALPINA,prensa,2026,1523.05,pendiente,Monitoreo de medios - consolidado 2026
ALPINA,radio,2026,38.11,pendiente,Monitoreo de medios - consolidado 2026
DK. MANAGEMENT SERVICE S.A.,sitios_apps,2026,15153.79,pendiente,Monitoreo de medios - consolidado 2026
DK. MANAGEMENT SERVICE S.A.,radio,2026,4210.08,pendiente,Monitoreo de medios - consolidado 2026
DK. MANAGEMENT SERVICE S.A.,tv_abierta,2026,4936.74,pendiente,Monitoreo de medios - consolidado 2026
BATAN TOWN CENTER,sitios_apps,2026,39381.45,pendiente,Monitoreo de medios - consolidado 2026
BOGATI,sitios_apps,2026,42733.24,pendiente,Monitoreo de medios - consolidado 2026
SABIJER´S,sitios_apps,2026,38256.74,pendiente,Monitoreo de medios - consolidado 2026
UNIV. TECNOL. EMPRESARIAL GQUIL.,sitios_apps,2026,2419.39,pendiente,Monitoreo de medios - consolidado 2026
UNIV. TECNOL. EMPRESARIAL GQUIL.,radio,2026,7517.26,pendiente,Monitoreo de medios - consolidado 2026
UNIV. TECNOL. EMPRESARIAL GQUIL.,tv_abierta,2026,20125.52,pendiente,Monitoreo de medios - consolidado 2026
SKRETTING,sitios_apps,2026,38628.65,pendiente,Monitoreo de medios - consolidado 2026
SKRETTING,revistas,2026,3976.83,pendiente,Monitoreo de medios - consolidado 2026
OSCAR AYERVE,sitios_apps,2026,39108.83,pendiente,Monitoreo de medios - consolidado 2026
PROAUDIO,sitios_apps,2026,669.99,pendiente,Monitoreo de medios - consolidado 2026
PROAUDIO,prensa,2026,2507.01,pendiente,Monitoreo de medios - consolidado 2026
PROAUDIO,radio,2026,1513.31,pendiente,Monitoreo de medios - consolidado 2026
PROAUDIO,revistas,2026,4247.1,pendiente,Monitoreo de medios - consolidado 2026
PROAUDIO,tv_abierta,2026,14567.62,pendiente,Monitoreo de medios - consolidado 2026
CNT MOVIL,prensa,2026,551.12,pendiente,Monitoreo de medios - consolidado 2026
CNT MOVIL,tv_abierta,2026,10013.97,pendiente,Monitoreo de medios - consolidado 2026
KIOSKO 7,sitios_apps,2026,5506.66,pendiente,Monitoreo de medios - consolidado 2026
KIOSKO 7,prensa,2026,27120.36,pendiente,Monitoreo de medios - consolidado 2026
KIOSKO 7,radio,2026,5520.89,pendiente,Monitoreo de medios - consolidado 2026
EL DIARIO,prensa,2026,35694.96,pendiente,Monitoreo de medios - consolidado 2026
IMFRISA,sitios_apps,2026,41462.96,pendiente,Monitoreo de medios - consolidado 2026
RADIO 11Q,radio,2026,10617.66,pendiente,Monitoreo de medios - consolidado 2026
BIOGENET,tv_abierta,2026,20429.14,pendiente,Monitoreo de medios - consolidado 2026
BIOGENET,tv_paga,2026,1.02,pendiente,Monitoreo de medios - consolidado 2026
LACTEOS SAN ANTONIO C.A.,sitios_apps,2026,32987.22,pendiente,Monitoreo de medios - consolidado 2026
LACTEOS SAN ANTONIO C.A.,prensa,2026,2406.35,pendiente,Monitoreo de medios - consolidado 2026
LACTEOS SAN ANTONIO C.A.,radio,2026,4044.11,pendiente,Monitoreo de medios - consolidado 2026
LACTEOS SAN ANTONIO C.A.,revistas,2026,965.25,pendiente,Monitoreo de medios - consolidado 2026
MOTO HERO,sitios_apps,2026,22495.7,pendiente,Monitoreo de medios - consolidado 2026
MOTO HERO,prensa,2026,14626.05,pendiente,Monitoreo de medios - consolidado 2026
MOTO HERO,radio,2026,143.36,pendiente,Monitoreo de medios - consolidado 2026
ENI ECUADOR,sitios_apps,2026,40085.87,pendiente,Monitoreo de medios - consolidado 2026
COOP. POLICIA NACIONAL,sitios_apps,2026,40686.98,pendiente,Monitoreo de medios - consolidado 2026
COOP. POLICIA NACIONAL,prensa,2026,888.57,pendiente,Monitoreo de medios - consolidado 2026
FARMAGRO,sitios_apps,2026,34468.05,pendiente,Monitoreo de medios - consolidado 2026
FARMAGRO,radio,2026,6677.97,pendiente,Monitoreo de medios - consolidado 2026
SERVIENTREGA,sitios_apps,2026,34131.81,pendiente,Monitoreo de medios - consolidado 2026
SERVIENTREGA,prensa,2026,614.8,pendiente,Monitoreo de medios - consolidado 2026
SERVIENTREGA,radio,2026,670.71,pendiente,Monitoreo de medios - consolidado 2026
SERVIENTREGA,tv_abierta,2026,487.04,pendiente,Monitoreo de medios - consolidado 2026
HOTEL ORO VERDE,sitios_apps,2026,38528.92,pendiente,Monitoreo de medios - consolidado 2026
HOTEL ORO VERDE,radio,2026,8.53,pendiente,Monitoreo de medios - consolidado 2026
HOTEL ORO VERDE,tv_abierta,2026,16.5,pendiente,Monitoreo de medios - consolidado 2026
GUAYAQUIL VISION,tv_abierta,2026,4113.79,pendiente,Monitoreo de medios - consolidado 2026
INGCO,sitios_apps,2026,38199.16,pendiente,Monitoreo de medios - consolidado 2026
PAPELESA,sitios_apps,2026,19939.16,pendiente,Monitoreo de medios - consolidado 2026
PAPELESA,prensa,2026,16838.61,pendiente,Monitoreo de medios - consolidado 2026
PAPELESA,revistas,2026,965.25,pendiente,Monitoreo de medios - consolidado 2026
PAPELESA,otros,2026,3024.0,pendiente,Monitoreo de medios - consolidado 2026
TRATTORIA PICCOLO MONDO,sitios_apps,2026,38020.77,pendiente,Monitoreo de medios - consolidado 2026
TECNOVA,sitios_apps,2026,12425.37,pendiente,Monitoreo de medios - consolidado 2026
TECNOVA,radio,2026,30701.63,pendiente,Monitoreo de medios - consolidado 2026
CENTRAL DE RADIO Y TELEVISION,prensa,2026,2557.2,pendiente,Monitoreo de medios - consolidado 2026
CENTRAL DE RADIO Y TELEVISION,radio,2026,46388.44,pendiente,Monitoreo de medios - consolidado 2026
IBEROGAST,tv_abierta,2026,8400.73,pendiente,Monitoreo de medios - consolidado 2026
PLAZA CORAL,sitios_apps,2026,25945.15,pendiente,Monitoreo de medios - consolidado 2026
PLAZA CORAL,radio,2026,15496.41,pendiente,Monitoreo de medios - consolidado 2026
ZAIMELLA DEL ECUADOR,sitios_apps,2026,34842.28,pendiente,Monitoreo de medios - consolidado 2026
DISENSA,sitios_apps,2026,15872.15,pendiente,Monitoreo de medios - consolidado 2026
DISENSA,radio,2026,47.2,pendiente,Monitoreo de medios - consolidado 2026
DISENSA,tv_abierta,2026,2612.84,pendiente,Monitoreo de medios - consolidado 2026
URIAGE,sitios_apps,2026,37596.35,pendiente,Monitoreo de medios - consolidado 2026
AUDIO SERVICIOS,sitios_apps,2026,38096.72,pendiente,Monitoreo de medios - consolidado 2026
EL BOSQUE,sitios_apps,2026,28633.96,pendiente,Monitoreo de medios - consolidado 2026
EL BOSQUE,prensa,2026,1801.8,pendiente,Monitoreo de medios - consolidado 2026
EL BOSQUE,radio,2026,6998.44,pendiente,Monitoreo de medios - consolidado 2026
EL BOSQUE,tv_abierta,2026,118.65,pendiente,Monitoreo de medios - consolidado 2026
EL BOSQUE,tv_paga,2026,1.52,pendiente,Monitoreo de medios - consolidado 2026
EL CORREO,prensa,2026,47547.03,pendiente,Monitoreo de medios - consolidado 2026
FARMEDICAL,sitios_apps,2026,37058.46,pendiente,Monitoreo de medios - consolidado 2026
HARMONY CENTRO ESTETICA FACIAL Y CORPORA,radio,2026,24187.64,pendiente,Monitoreo de medios - consolidado 2026
INMOBILIARIA DEL SOL,sitios_apps,2026,33414.27,pendiente,Monitoreo de medios - consolidado 2026
INMOBILIARIA DEL SOL,radio,2026,1637.9,pendiente,Monitoreo de medios - consolidado 2026
INMOBILIARIA DEL SOL,revistas,2026,965.25,pendiente,Monitoreo de medios - consolidado 2026
INMOBILIARIA DEL SOL,otros,2026,3024.0,pendiente,Monitoreo de medios - consolidado 2026
PAPA JHON´S,sitios_apps,2026,37443.64,pendiente,Monitoreo de medios - consolidado 2026
PAPA JHON´S,radio,2026,143.81,pendiente,Monitoreo de medios - consolidado 2026
LA TABLITA DEL TARTARO,sitios_apps,2026,29878.7,pendiente,Monitoreo de medios - consolidado 2026
LA TABLITA DEL TARTARO,radio,2026,7556.67,pendiente,Monitoreo de medios - consolidado 2026
SAUBER ECUADOR,sitios_apps,2026,37856.7,pendiente,Monitoreo de medios - consolidado 2026
SOLCA,sitios_apps,2026,7449.39,pendiente,Monitoreo de medios - consolidado 2026
SOLCA,prensa,2026,19891.43,pendiente,Monitoreo de medios - consolidado 2026
SOLCA,revistas,2026,17232.93,pendiente,Monitoreo de medios - consolidado 2026
SOLCA,otros,2026,2052.0,pendiente,Monitoreo de medios - consolidado 2026
BMI DEL ECUADOR,sitios_apps,2026,25449.39,pendiente,Monitoreo de medios - consolidado 2026
BMI DEL ECUADOR,prensa,2026,14284.59,pendiente,Monitoreo de medios - consolidado 2026
BMI DEL ECUADOR,revistas,2026,965.25,pendiente,Monitoreo de medios - consolidado 2026
ANA,sitios_apps,2026,32808.65,pendiente,Monitoreo de medios - consolidado 2026
ALANA FOOD PLAY,tv_abierta,2026,14842.09,pendiente,Monitoreo de medios - consolidado 2026
SAMSUNG ELECTRONICS,sitios_apps,2026,34352.0,pendiente,Monitoreo de medios - consolidado 2026
VILLAGE PLAZA,sitios_apps,2026,35231.3,pendiente,Monitoreo de medios - consolidado 2026
VILLAGE PLAZA,otros,2026,2052.0,pendiente,Monitoreo de medios - consolidado 2026
XIAOMI,sitios_apps,2026,35820.57,pendiente,Monitoreo de medios - consolidado 2026
XIAOMI,otros,2026,896.25,pendiente,Monitoreo de medios - consolidado 2026
MALL DEL NORTE,sitios_apps,2026,26548.02,pendiente,Monitoreo de medios - consolidado 2026
MALL DEL NORTE,radio,2026,6192.37,pendiente,Monitoreo de medios - consolidado 2026
MALL DEL NORTE,tv_abierta,2026,1118.66,pendiente,Monitoreo de medios - consolidado 2026
GREEN FROST,sitios_apps,2026,1671.16,pendiente,Monitoreo de medios - consolidado 2026
GREEN FROST,tv_abierta,2026,14615.69,pendiente,Monitoreo de medios - consolidado 2026
HOGAR VERDE,sitios_apps,2026,31901.63,pendiente,Monitoreo de medios - consolidado 2026
I. MUNICIPIO DE SAMBORONDON,prensa,2026,6604.57,pendiente,Monitoreo de medios - consolidado 2026
I. MUNICIPIO DE SAMBORONDON,radio,2026,29627.69,pendiente,Monitoreo de medios - consolidado 2026
AIR EUROPA,sitios_apps,2026,613.73,pendiente,Monitoreo de medios - consolidado 2026
AIR EUROPA,radio,2026,6298.1,pendiente,Monitoreo de medios - consolidado 2026
AIR EUROPA,tv_paga,2026,9329.38,pendiente,Monitoreo de medios - consolidado 2026
EL CORTE STEAK HOUSE,sitios_apps,2026,36819.58,pendiente,Monitoreo de medios - consolidado 2026
FEBRES CORDERO CIA. DE COMERCIO,sitios_apps,2026,35483.9,pendiente,Monitoreo de medios - consolidado 2026
NATURISOL,sitios_apps,2026,34362.23,pendiente,Monitoreo de medios - consolidado 2026
A.E.R.,radio,2026,28989.22,pendiente,Monitoreo de medios - consolidado 2026
EKOS,sitios_apps,2026,7381.54,pendiente,Monitoreo de medios - consolidado 2026
EKOS,prensa,2026,7671.58,pendiente,Monitoreo de medios - consolidado 2026
EKOS,radio,2026,3043.1,pendiente,Monitoreo de medios - consolidado 2026
EKOS,revistas,2026,16409.25,pendiente,Monitoreo de medios - consolidado 2026
PACO COMERCIAL INDUSTRIAL,sitios_apps,2026,25948.53,pendiente,Monitoreo de medios - consolidado 2026
PACO COMERCIAL INDUSTRIAL,radio,2026,9811.13,pendiente,Monitoreo de medios - consolidado 2026
BIFARMA,sitios_apps,2026,16108.57,pendiente,Monitoreo de medios - consolidado 2026
BIFARMA,radio,2026,3740.55,pendiente,Monitoreo de medios - consolidado 2026
BIFARMA,tv_abierta,2026,6097.4,pendiente,Monitoreo de medios - consolidado 2026
ORGU COSTA,sitios_apps,2026,29919.48,pendiente,Monitoreo de medios - consolidado 2026
ORGU COSTA,prensa,2026,525.01,pendiente,Monitoreo de medios - consolidado 2026
ORGU COSTA,radio,2026,3194.17,pendiente,Monitoreo de medios - consolidado 2026
ECOGRAFOS,sitios_apps,2026,34498.5,pendiente,Monitoreo de medios - consolidado 2026
CAMARA DE COMERCIO EXTERIOR,sitios_apps,2026,34648.74,pendiente,Monitoreo de medios - consolidado 2026
BANCO DE MACHALA,sitios_apps,2026,27230.06,pendiente,Monitoreo de medios - consolidado 2026
BANCO DE MACHALA,prensa,2026,7724.82,pendiente,Monitoreo de medios - consolidado 2026
BANCO DE MACHALA,radio,2026,1382.86,pendiente,Monitoreo de medios - consolidado 2026
AVIANCA,sitios_apps,2026,12754.96,pendiente,Monitoreo de medios - consolidado 2026
AVIANCA,radio,2026,3818.45,pendiente,Monitoreo de medios - consolidado 2026
AVIANCA,tv_abierta,2026,14767.2,pendiente,Monitoreo de medios - consolidado 2026
EL GRAN REMATE,sitios_apps,2026,2375.09,pendiente,Monitoreo de medios - consolidado 2026
EL GRAN REMATE,prensa,2026,4493.08,pendiente,Monitoreo de medios - consolidado 2026
EL GRAN REMATE,radio,2026,4567.53,pendiente,Monitoreo de medios - consolidado 2026
EL GRAN REMATE,tv_abierta,2026,7549.57,pendiente,Monitoreo de medios - consolidado 2026
SKECHERS,sitios_apps,2026,70.01,pendiente,Monitoreo de medios - consolidado 2026
SKECHERS,radio,2026,1047.67,pendiente,Monitoreo de medios - consolidado 2026
SKECHERS,revistas,2026,1866.15,pendiente,Monitoreo de medios - consolidado 2026
SKECHERS,tv_abierta,2026,7887.03,pendiente,Monitoreo de medios - consolidado 2026
SKECHERS,tv_paga,2026,2248.87,pendiente,Monitoreo de medios - consolidado 2026
INSTITUTO POLITECNICA DEL ECUADOR,sitios_apps,2026,21329.91,pendiente,Monitoreo de medios - consolidado 2026
INSTITUTO POLITECNICA DEL ECUADOR,radio,2026,15735.35,pendiente,Monitoreo de medios - consolidado 2026
MODERNA  ALIMENTOS S.A.,sitios_apps,2026,9313.6,pendiente,Monitoreo de medios - consolidado 2026
MODERNA  ALIMENTOS S.A.,prensa,2026,1488.32,pendiente,Monitoreo de medios - consolidado 2026
MODERNA  ALIMENTOS S.A.,revistas,2026,3667.95,pendiente,Monitoreo de medios - consolidado 2026
MODERNA  ALIMENTOS S.A.,tv_abierta,2026,6808.9,pendiente,Monitoreo de medios - consolidado 2026
HOLCIM,sitios_apps,2026,27893.01,pendiente,Monitoreo de medios - consolidado 2026
HOLCIM,prensa,2026,1768.5,pendiente,Monitoreo de medios - consolidado 2026
HOLCIM,radio,2026,30.8,pendiente,Monitoreo de medios - consolidado 2026
DESTILERIA ZHUMIR,sitios_apps,2026,33629.85,pendiente,Monitoreo de medios - consolidado 2026
OMNILIFE DEL ECUADOR,sitios_apps,2026,29534.11,pendiente,Monitoreo de medios - consolidado 2026
INNOVA SCHOOLS,sitios_apps,2026,31047.38,pendiente,Monitoreo de medios - consolidado 2026
INNOVA SCHOOLS,revistas,2026,965.25,pendiente,Monitoreo de medios - consolidado 2026
INNOVA SCHOOLS,otros,2026,1178.95,pendiente,Monitoreo de medios - consolidado 2026
BETANO,sitios_apps,2026,32222.25,pendiente,Monitoreo de medios - consolidado 2026
B. CUERPO DE BOMBEROS DE GQUIL.,sitios_apps,2026,8828.38,pendiente,Monitoreo de medios - consolidado 2026
B. CUERPO DE BOMBEROS DE GQUIL.,radio,2026,19467.29,pendiente,Monitoreo de medios - consolidado 2026
TEATRO SANCHEZ AGUILAR,sitios_apps,2026,26132.96,pendiente,Monitoreo de medios - consolidado 2026
TEATRO SANCHEZ AGUILAR,radio,2026,7144.04,pendiente,Monitoreo de medios - consolidado 2026
MAREAUTO,sitios_apps,2026,31597.52,pendiente,Monitoreo de medios - consolidado 2026
PHEROMEN,tv_abierta,2026,2608.41,pendiente,Monitoreo de medios - consolidado 2026
ALIRAP,sitios_apps,2026,26465.98,pendiente,Monitoreo de medios - consolidado 2026
ALIRAP,prensa,2026,2557.19,pendiente,Monitoreo de medios - consolidado 2026
ALIRAP,radio,2026,1630.4,pendiente,Monitoreo de medios - consolidado 2026
PRIMAX ECUADOR S.A.,sitios_apps,2026,26623.64,pendiente,Monitoreo de medios - consolidado 2026
PRIMAX ECUADOR S.A.,radio,2026,4360.24,pendiente,Monitoreo de medios - consolidado 2026
PRIMAX ECUADOR S.A.,revistas,2026,1364.22,pendiente,Monitoreo de medios - consolidado 2026
ORVE HOGAR/ICESA,sitios_apps,2026,14532.74,pendiente,Monitoreo de medios - consolidado 2026
ORVE HOGAR/ICESA,prensa,2026,8523.93,pendiente,Monitoreo de medios - consolidado 2026
ORVE HOGAR/ICESA,radio,2026,4919.39,pendiente,Monitoreo de medios - consolidado 2026
FURY ENERGY,sitios_apps,2026,30344.52,pendiente,Monitoreo de medios - consolidado 2026
FURY ENERGY,radio,2026,1128.19,pendiente,Monitoreo de medios - consolidado 2026
SMARTLINK,tv_abierta,2026,2997.94,pendiente,Monitoreo de medios - consolidado 2026
JARDINES DE LA ESPERANZA,sitios_apps,2026,31262.69,pendiente,Monitoreo de medios - consolidado 2026
AGRIPAC,sitios_apps,2026,8371.81,pendiente,Monitoreo de medios - consolidado 2026
AGRIPAC,radio,2026,17943.57,pendiente,Monitoreo de medios - consolidado 2026
AGRIPAC,revistas,2026,9887.38,pendiente,Monitoreo de medios - consolidado 2026
AGRIPAC,otros,2026,2357.9,pendiente,Monitoreo de medios - consolidado 2026
DENTALASER,radio,2026,2391.15,pendiente,Monitoreo de medios - consolidado 2026
DENTALASER,tv_abierta,2026,16789.92,pendiente,Monitoreo de medios - consolidado 2026
MEDICAMENTA ECUATORIANO,sitios_apps,2026,25189.88,pendiente,Monitoreo de medios - consolidado 2026
MEDICAMENTA ECUATORIANO,radio,2026,1305.57,pendiente,Monitoreo de medios - consolidado 2026
MEDICAMENTA ECUATORIANO,tv_abierta,2026,2115.33,pendiente,Monitoreo de medios - consolidado 2026
OPERFEL,sitios_apps,2026,10394.92,pendiente,Monitoreo de medios - consolidado 2026
OPERFEL,radio,2026,25773.8,pendiente,Monitoreo de medios - consolidado 2026
LEDVANCE,sitios_apps,2026,30671.98,pendiente,Monitoreo de medios - consolidado 2026
INFRI CIA. LTDA.,sitios_apps,2026,29694.01,pendiente,Monitoreo de medios - consolidado 2026
NAFNAF,sitios_apps,2026,30068.61,pendiente,Monitoreo de medios - consolidado 2026
NIFA,sitios_apps,2026,30766.56,pendiente,Monitoreo de medios - consolidado 2026
MUNICIPIO DE SAMBORONDON,prensa,2026,7647.69,pendiente,Monitoreo de medios - consolidado 2026
MUNICIPIO DE SAMBORONDON,radio,2026,23743.29,pendiente,Monitoreo de medios - consolidado 2026
BIOALIMENTAR,sitios_apps,2026,30194.12,pendiente,Monitoreo de medios - consolidado 2026
BIOALIMENTAR,radio,2026,34.1,pendiente,Monitoreo de medios - consolidado 2026
CUBATA,sitios_apps,2026,29693.64,pendiente,Monitoreo de medios - consolidado 2026
MINI BRANDS,sitios_apps,2026,29310.07,pendiente,Monitoreo de medios - consolidado 2026
EQUAQUIMICA,sitios_apps,2026,27103.31,pendiente,Monitoreo de medios - consolidado 2026
EQUAQUIMICA,prensa,2026,88.02,pendiente,Monitoreo de medios - consolidado 2026
EQUAQUIMICA,tv_abierta,2026,1250.2,pendiente,Monitoreo de medios - consolidado 2026
MONGOS,sitios_apps,2026,27680.61,pendiente,Monitoreo de medios - consolidado 2026
INDUST. LOJANA DE ESPECERIAS,sitios_apps,2026,603.3,pendiente,Monitoreo de medios - consolidado 2026
INDUST. LOJANA DE ESPECERIAS,radio,2026,13946.44,pendiente,Monitoreo de medios - consolidado 2026
INDUST. LOJANA DE ESPECERIAS,tv_abierta,2026,5779.61,pendiente,Monitoreo de medios - consolidado 2026
YUB ALIMENTOS,sitios_apps,2026,28470.04,pendiente,Monitoreo de medios - consolidado 2026
CORP. AZENDE CIA. LTDA.,sitios_apps,2026,28909.69,pendiente,Monitoreo de medios - consolidado 2026
CORP. AZENDE CIA. LTDA.,radio,2026,189.76,pendiente,Monitoreo de medios - consolidado 2026
PICCADILLY,sitios_apps,2026,28959.24,pendiente,Monitoreo de medios - consolidado 2026
GYPLAC S.A,sitios_apps,2026,28568.01,pendiente,Monitoreo de medios - consolidado 2026
ALFAPARF,sitios_apps,2026,28474.47,pendiente,Monitoreo de medios - consolidado 2026
COOKING CHOICE,sitios_apps,2026,28325.65,pendiente,Monitoreo de medios - consolidado 2026
DISNEY PLUS,sitios_apps,2026,20827.71,pendiente,Monitoreo de medios - consolidado 2026
DISNEY PLUS,radio,2026,13936.71,pendiente,Monitoreo de medios - consolidado 2026
INDUSTRIAL FRUIT DEL ECUADOR,sitios_apps,2026,25229.66,pendiente,Monitoreo de medios - consolidado 2026
EL DIAN,tv_abierta,2026,12278.32,pendiente,Monitoreo de medios - consolidado 2026
CRAYOLA,sitios_apps,2026,28278.79,pendiente,Monitoreo de medios - consolidado 2026
CAVALIERI MEN`S SUITS,tv_abierta,2026,12032.32,pendiente,Monitoreo de medios - consolidado 2026
INDUWAGEN,sitios_apps,2026,17211.0,pendiente,Monitoreo de medios - consolidado 2026
INDUWAGEN,prensa,2026,1704.79,pendiente,Monitoreo de medios - consolidado 2026
INDUWAGEN,radio,2026,6513.55,pendiente,Monitoreo de medios - consolidado 2026
PLAZA 33,sitios_apps,2026,27294.06,pendiente,Monitoreo de medios - consolidado 2026
CASA DE LA MUSICA,prensa,2026,17925.04,pendiente,Monitoreo de medios - consolidado 2026
CASA DE LA MUSICA,radio,2026,682.37,pendiente,Monitoreo de medios - consolidado 2026
ASTROBET,sitios_apps,2026,2460.73,pendiente,Monitoreo de medios - consolidado 2026
ASTROBET,radio,2026,90.74,pendiente,Monitoreo de medios - consolidado 2026
ASTROBET,tv_abierta,2026,3340.3,pendiente,Monitoreo de medios - consolidado 2026
AMERICAN EAGLE,sitios_apps,2026,27605.56,pendiente,Monitoreo de medios - consolidado 2026
CHOKOLAT,sitios_apps,2026,27704.55,pendiente,Monitoreo de medios - consolidado 2026
MIRAFLORES,sitios_apps,2026,24999.87,pendiente,Monitoreo de medios - consolidado 2026
MIRAFLORES,prensa,2026,424.76,pendiente,Monitoreo de medios - consolidado 2026
MIRAFLORES,revistas,2026,965.25,pendiente,Monitoreo de medios - consolidado 2026
MIRAFLORES,otros,2026,896.25,pendiente,Monitoreo de medios - consolidado 2026
LATINOMEDICAL S.A.,sitios_apps,2026,26298.51,pendiente,Monitoreo de medios - consolidado 2026
LATINOMEDICAL S.A.,revistas,2026,1930.5,pendiente,Monitoreo de medios - consolidado 2026
HOTEL VICTORIA,sitios_apps,2026,27614.09,pendiente,Monitoreo de medios - consolidado 2026
CAMARA DE MINERIA DEL ECUADOR,sitios_apps,2026,27288.03,pendiente,Monitoreo de medios - consolidado 2026
GRAIMAN,sitios_apps,2026,21694.39,pendiente,Monitoreo de medios - consolidado 2026
GRAIMAN,radio,2026,6334.84,pendiente,Monitoreo de medios - consolidado 2026
TEATRO CENTRO DE ARTE,prensa,2026,1768.5,pendiente,Monitoreo de medios - consolidado 2026
TEATRO CENTRO DE ARTE,radio,2026,19551.56,pendiente,Monitoreo de medios - consolidado 2026
SMART FIT,sitios_apps,2026,20875.74,pendiente,Monitoreo de medios - consolidado 2026
SMART FIT,radio,2026,5138.13,pendiente,Monitoreo de medios - consolidado 2026
MINDSHARE,radio,2026,19634.24,pendiente,Monitoreo de medios - consolidado 2026
MULTI PLAZA,sitios_apps,2026,26297.78,pendiente,Monitoreo de medios - consolidado 2026
VIAJE HOY,sitios_apps,2026,26209.78,pendiente,Monitoreo de medios - consolidado 2026
HOSPITAL VOZANDES QUITO,sitios_apps,2026,3104.47,pendiente,Monitoreo de medios - consolidado 2026
HOSPITAL VOZANDES QUITO,prensa,2026,1704.8,pendiente,Monitoreo de medios - consolidado 2026
HOSPITAL VOZANDES QUITO,radio,2026,19496.79,pendiente,Monitoreo de medios - consolidado 2026
HOSPITAL VOZANDES QUITO,revistas,2026,2895.75,pendiente,Monitoreo de medios - consolidado 2026
HOSPITAL VOZANDES QUITO,tv_abierta,2026,255.33,pendiente,Monitoreo de medios - consolidado 2026
LA EUROPEA CIA. LTDA. IND. DE ALIMENTOS,sitios_apps,2026,22195.61,pendiente,Monitoreo de medios - consolidado 2026
LA EUROPEA CIA. LTDA. IND. DE ALIMENTOS,radio,2026,4018.61,pendiente,Monitoreo de medios - consolidado 2026
TEKA,sitios_apps,2026,23319.64,pendiente,Monitoreo de medios - consolidado 2026
CASA MUSICAL VELASCO,sitios_apps,2026,26488.42,pendiente,Monitoreo de medios - consolidado 2026
TOTAL (LUBRICANTE),sitios_apps,2026,7661.86,pendiente,Monitoreo de medios - consolidado 2026
TOTAL (LUBRICANTE),radio,2026,18811.43,pendiente,Monitoreo de medios - consolidado 2026
IMPORTPOINT S. A.,sitios_apps,2026,2873.04,pendiente,Monitoreo de medios - consolidado 2026
IMPORTPOINT S. A.,prensa,2026,4756.02,pendiente,Monitoreo de medios - consolidado 2026
IMPORTPOINT S. A.,otros,2026,2031.5,pendiente,Monitoreo de medios - consolidado 2026
IMPORTPOINT S. A.,tv_abierta,2026,1633.4,pendiente,Monitoreo de medios - consolidado 2026
AVISOS MORTUORIOS,prensa,2026,30344.36,pendiente,Monitoreo de medios - consolidado 2026
CARTELERAS,tv_abierta,2026,6254.44,pendiente,Monitoreo de medios - consolidado 2026
TATOO ADVENTURE GEAR,sitios_apps,2026,25582.21,pendiente,Monitoreo de medios - consolidado 2026
COLEGIOS DE ECUADOR COLDEC S.A.S.,sitios_apps,2026,25928.68,pendiente,Monitoreo de medios - consolidado 2026
CHILIS,sitios_apps,2026,24267.18,pendiente,Monitoreo de medios - consolidado 2026
CHILIS,radio,2026,1396.22,pendiente,Monitoreo de medios - consolidado 2026
DOMINO'S PIZZA,sitios_apps,2026,24914.94,pendiente,Monitoreo de medios - consolidado 2026
DOMINO'S PIZZA,prensa,2026,258.12,pendiente,Monitoreo de medios - consolidado 2026
FUMITEC,radio,2026,1503.92,pendiente,Monitoreo de medios - consolidado 2026
FUMITEC,tv_abierta,2026,3885.5,pendiente,Monitoreo de medios - consolidado 2026
ORO CASH,sitios_apps,2026,12241.39,pendiente,Monitoreo de medios - consolidado 2026
ORO CASH,otros,2026,2052.0,pendiente,Monitoreo de medios - consolidado 2026
ORO CASH,tv_abierta,2026,8992.4,pendiente,Monitoreo de medios - consolidado 2026
SEYTU,sitios_apps,2026,575.2,pendiente,Monitoreo de medios - consolidado 2026
SEYTU,tv_abierta,2026,15124.15,pendiente,Monitoreo de medios - consolidado 2026
PLUSVALIA,sitios_apps,2026,24971.88,pendiente,Monitoreo de medios - consolidado 2026
TENNIS,sitios_apps,2026,21980.7,pendiente,Monitoreo de medios - consolidado 2026
TECNOL. PICHINCHA,sitios_apps,2026,25337.74,pendiente,Monitoreo de medios - consolidado 2026
SUPER DIARIO FAMILIAR,prensa,2026,8578.78,pendiente,Monitoreo de medios - consolidado 2026
SUPER DIARIO FAMILIAR,otros,2026,25043.02,pendiente,Monitoreo de medios - consolidado 2026
POLI,sitios_apps,2026,24312.9,pendiente,Monitoreo de medios - consolidado 2026
TROPI BURGER,sitios_apps,2026,21954.33,pendiente,Monitoreo de medios - consolidado 2026
TROPI BURGER,radio,2026,2666.69,pendiente,Monitoreo de medios - consolidado 2026
GEO CERRADURAS,sitios_apps,2026,24937.65,pendiente,Monitoreo de medios - consolidado 2026
UNDER ARMOUR,sitios_apps,2026,21459.48,pendiente,Monitoreo de medios - consolidado 2026
LA CANASTA PANADERIA,sitios_apps,2026,23994.58,pendiente,Monitoreo de medios - consolidado 2026
ULTRA KLIN,sitios_apps,2026,23035.08,pendiente,Monitoreo de medios - consolidado 2026
TODO HOGAR,sitios_apps,2026,2375.74,pendiente,Monitoreo de medios - consolidado 2026
TODO HOGAR,radio,2026,2112.04,pendiente,Monitoreo de medios - consolidado 2026
TODO HOGAR,tv_abierta,2026,17441.66,pendiente,Monitoreo de medios - consolidado 2026
TODO HOGAR,tv_paga,2026,2.87,pendiente,Monitoreo de medios - consolidado 2026
CENTRO NATURISTA LA HOJA VERDE,radio,2026,17895.56,pendiente,Monitoreo de medios - consolidado 2026
NESPRESSO,sitios_apps,2026,24038.6,pendiente,Monitoreo de medios - consolidado 2026
TECNO,sitios_apps,2026,22053.49,pendiente,Monitoreo de medios - consolidado 2026
COPA AIRLINES,sitios_apps,2026,15818.04,pendiente,Monitoreo de medios - consolidado 2026
COPA AIRLINES,prensa,2026,424.76,pendiente,Monitoreo de medios - consolidado 2026
COPA AIRLINES,radio,2026,4467.02,pendiente,Monitoreo de medios - consolidado 2026
COPA AIRLINES,otros,2026,2052.0,pendiente,Monitoreo de medios - consolidado 2026
COPA AIRLINES,tv_abierta,2026,277.98,pendiente,Monitoreo de medios - consolidado 2026
WD-40,sitios_apps,2026,21688.05,pendiente,Monitoreo de medios - consolidado 2026
BLENASTOR,sitios_apps,2026,964.07,pendiente,Monitoreo de medios - consolidado 2026
BLENASTOR,radio,2026,24967.16,pendiente,Monitoreo de medios - consolidado 2026
SALSAS MIA,sitios_apps,2026,22845.85,pendiente,Monitoreo de medios - consolidado 2026
MARBOL PLAZA,sitios_apps,2026,23876.02,pendiente,Monitoreo de medios - consolidado 2026
UNIDAL ECUADOR S.A. ARCOR,sitios_apps,2026,840.06,pendiente,Monitoreo de medios - consolidado 2026
UNIDAL ECUADOR S.A. ARCOR,radio,2026,60.24,pendiente,Monitoreo de medios - consolidado 2026
UNIDAL ECUADOR S.A. ARCOR,tv_abierta,2026,7118.73,pendiente,Monitoreo de medios - consolidado 2026
UNIDAL ECUADOR S.A. ARCOR,tv_paga,2026,3518.84,pendiente,Monitoreo de medios - consolidado 2026
LAB. INDUNIDAS,sitios_apps,2026,17674.8,pendiente,Monitoreo de medios - consolidado 2026
LAB. INDUNIDAS,radio,2026,700.97,pendiente,Monitoreo de medios - consolidado 2026
LAB. INDUNIDAS,tv_abierta,2026,4170.32,pendiente,Monitoreo de medios - consolidado 2026
COOP. COPROGRESO,sitios_apps,2026,17568.76,pendiente,Monitoreo de medios - consolidado 2026
COOP. COPROGRESO,prensa,2026,1780.85,pendiente,Monitoreo de medios - consolidado 2026
COOP. COPROGRESO,radio,2026,5591.83,pendiente,Monitoreo de medios - consolidado 2026
SOL DE IPANEMA,sitios_apps,2026,22815.61,pendiente,Monitoreo de medios - consolidado 2026
MINI QUITO 5K,radio,2026,2046.61,pendiente,Monitoreo de medios - consolidado 2026
MINI QUITO 5K,tv_abierta,2026,8111.72,pendiente,Monitoreo de medios - consolidado 2026
OLE,sitios_apps,2026,22412.31,pendiente,Monitoreo de medios - consolidado 2026
BORBOR MARKET,sitios_apps,2026,22348.67,pendiente,Monitoreo de medios - consolidado 2026
BARCELONA SPORTING CLUB,sitios_apps,2026,9512.0,pendiente,Monitoreo de medios - consolidado 2026
BARCELONA SPORTING CLUB,prensa,2026,376.43,pendiente,Monitoreo de medios - consolidado 2026
BARCELONA SPORTING CLUB,radio,2026,12342.62,pendiente,Monitoreo de medios - consolidado 2026
FUNDACION REDNI,sitios_apps,2026,19492.09,pendiente,Monitoreo de medios - consolidado 2026
FUNDACION REDNI,prensa,2026,564.64,pendiente,Monitoreo de medios - consolidado 2026
FUNDACION REDNI,radio,2026,325.3,pendiente,Monitoreo de medios - consolidado 2026
CENTRO DE ESTUDIOS ESPIRITU SANTO,sitios_apps,2026,1018.21,pendiente,Monitoreo de medios - consolidado 2026
CENTRO DE ESTUDIOS ESPIRITU SANTO,radio,2026,10381.75,pendiente,Monitoreo de medios - consolidado 2026
CENTRO DE ESTUDIOS ESPIRITU SANTO,otros,2026,6904.96,pendiente,Monitoreo de medios - consolidado 2026
CENTRO DE ESTUDIOS ESPIRITU SANTO,tv_abierta,2026,2583.2,pendiente,Monitoreo de medios - consolidado 2026
GEDATECU S.A,radio,2026,23634.49,pendiente,Monitoreo de medios - consolidado 2026
SILVESTRA,sitios_apps,2026,23129.87,pendiente,Monitoreo de medios - consolidado 2026
NUTRICIA CLUB,sitios_apps,2026,1699.31,pendiente,Monitoreo de medios - consolidado 2026
NUTRICIA CLUB,tv_abierta,2026,5752.35,pendiente,Monitoreo de medios - consolidado 2026
CAROZZI,sitios_apps,2026,22656.31,pendiente,Monitoreo de medios - consolidado 2026
EDUARDO CARMIGNIANO VALENCIA,prensa,2026,30903.3,pendiente,Monitoreo de medios - consolidado 2026
IIASA,sitios_apps,2026,10995.2,pendiente,Monitoreo de medios - consolidado 2026
IIASA,radio,2026,10614.72,pendiente,Monitoreo de medios - consolidado 2026
HOSPITAL DE LOS VALLES,sitios_apps,2026,20475.39,pendiente,Monitoreo de medios - consolidado 2026
HOSPITAL DE LOS VALLES,radio,2026,407.79,pendiente,Monitoreo de medios - consolidado 2026
NOE SUSHI BAR,sitios_apps,2026,16370.7,pendiente,Monitoreo de medios - consolidado 2026
NOE SUSHI BAR,radio,2026,955.96,pendiente,Monitoreo de medios - consolidado 2026
NOE SUSHI BAR,tv_abierta,2026,1885.28,pendiente,Monitoreo de medios - consolidado 2026
NAZIL,sitios_apps,2026,21919.98,pendiente,Monitoreo de medios - consolidado 2026
LIU JO,tv_abierta,2026,8557.36,pendiente,Monitoreo de medios - consolidado 2026
KENNET,sitios_apps,2026,21318.28,pendiente,Monitoreo de medios - consolidado 2026
CLINICA DE OJOS DR. JOSE SACOTO NAVIA,tv_abierta,2026,20212.8,pendiente,Monitoreo de medios - consolidado 2026
FAYER WAYER,prensa,2026,14487.83,pendiente,Monitoreo de medios - consolidado 2026
UNIV. ESTATAL DE MILAGRO,sitios_apps,2026,20874.59,pendiente,Monitoreo de medios - consolidado 2026
UNIV. ESTATAL DE MILAGRO,prensa,2026,1078.92,pendiente,Monitoreo de medios - consolidado 2026
EMP. PUB. MUN. DE TRANSITO DE GUAYAQUIL,sitios_apps,2026,2011.82,pendiente,Monitoreo de medios - consolidado 2026
EMP. PUB. MUN. DE TRANSITO DE GUAYAQUIL,prensa,2026,5394.58,pendiente,Monitoreo de medios - consolidado 2026
EMP. PUB. MUN. DE TRANSITO DE GUAYAQUIL,radio,2026,240.27,pendiente,Monitoreo de medios - consolidado 2026
EMP. PUB. MUN. DE TRANSITO DE GUAYAQUIL,tv_abierta,2026,978.23,pendiente,Monitoreo de medios - consolidado 2026
TEOJAMA COMERCIAL,sitios_apps,2026,6776.32,pendiente,Monitoreo de medios - consolidado 2026
TEOJAMA COMERCIAL,prensa,2026,1704.79,pendiente,Monitoreo de medios - consolidado 2026
TEOJAMA COMERCIAL,radio,2026,11073.21,pendiente,Monitoreo de medios - consolidado 2026
TEOJAMA COMERCIAL,revistas,2026,1814.67,pendiente,Monitoreo de medios - consolidado 2026
TEOJAMA COMERCIAL,otros,2026,1384.41,pendiente,Monitoreo de medios - consolidado 2026
UNIV. TECNOLOGICA EQUINOCCIAL,sitios_apps,2026,11529.54,pendiente,Monitoreo de medios - consolidado 2026
UNIV. TECNOLOGICA EQUINOCCIAL,prensa,2026,3839.5,pendiente,Monitoreo de medios - consolidado 2026
UNIV. TECNOLOGICA EQUINOCCIAL,radio,2026,7409.24,pendiente,Monitoreo de medios - consolidado 2026
TOYOCOSTA,sitios_apps,2026,13381.68,pendiente,Monitoreo de medios - consolidado 2026
TOYOCOSTA,radio,2026,7935.34,pendiente,Monitoreo de medios - consolidado 2026
ASO.NAC.COOPERATIVAS AHORRO Y CREDITO,sitios_apps,2026,20075.46,pendiente,Monitoreo de medios - consolidado 2026
ASO.NAC.COOPERATIVAS AHORRO Y CREDITO,prensa,2026,1842.69,pendiente,Monitoreo de medios - consolidado 2026
LABORATORIOS SOPHIA,sitios_apps,2026,21253.32,pendiente,Monitoreo de medios - consolidado 2026
SOLUBLES INSTANTANEOS,sitios_apps,2026,7095.44,pendiente,Monitoreo de medios - consolidado 2026
SOLUBLES INSTANTANEOS,prensa,2026,5000.55,pendiente,Monitoreo de medios - consolidado 2026
SOLUBLES INSTANTANEOS,radio,2026,6176.66,pendiente,Monitoreo de medios - consolidado 2026
SOLUBLES INSTANTANEOS,revistas,2026,1222.94,pendiente,Monitoreo de medios - consolidado 2026
DOS HEMISFERIOS (VINO),sitios_apps,2026,20786.54,pendiente,Monitoreo de medios - consolidado 2026
RENE SILVA,radio,2026,418.56,pendiente,Monitoreo de medios - consolidado 2026
RENE SILVA,tv_abierta,2026,7763.28,pendiente,Monitoreo de medios - consolidado 2026
MALL DEL ALTO,sitios_apps,2026,16257.65,pendiente,Monitoreo de medios - consolidado 2026
MALL DEL ALTO,radio,2026,3118.0,pendiente,Monitoreo de medios - consolidado 2026
MALL DEL ALTO,otros,2026,1965.6,pendiente,Monitoreo de medios - consolidado 2026
MALL DEL ALTO,tv_abierta,2026,38.0,pendiente,Monitoreo de medios - consolidado 2026
UNIV.INTERNAC.DE LA RIOJA (ESPAÑA),sitios_apps,2026,18305.48,pendiente,Monitoreo de medios - consolidado 2026
UNIV.INTERNAC.DE LA RIOJA (ESPAÑA),radio,2026,2028.99,pendiente,Monitoreo de medios - consolidado 2026
MUNIC. DE MONTECRISTI,tv_abierta,2026,1987.06,pendiente,Monitoreo de medios - consolidado 2026
UNIV. UNIANDES,sitios_apps,2026,14647.58,pendiente,Monitoreo de medios - consolidado 2026
UNIV. UNIANDES,radio,2026,5481.9,pendiente,Monitoreo de medios - consolidado 2026
NATURAL VITALITY,sitios_apps,2026,20859.31,pendiente,Monitoreo de medios - consolidado 2026
PATIO TUERCA.COM,sitios_apps,2026,20260.14,pendiente,Monitoreo de medios - consolidado 2026
FARMACIAS SAN GREGORIO,sitios_apps,2026,12086.74,pendiente,Monitoreo de medios - consolidado 2026
FARMACIAS SAN GREGORIO,prensa,2026,1704.8,pendiente,Monitoreo de medios - consolidado 2026
FARMACIAS SAN GREGORIO,tv_abierta,2026,796.66,pendiente,Monitoreo de medios - consolidado 2026
REMINGTON,sitios_apps,2026,19134.6,pendiente,Monitoreo de medios - consolidado 2026
DIARIO LA HORA,prensa,2026,25803.54,pendiente,Monitoreo de medios - consolidado 2026
PINTURAS UNIDAS S. A.,radio,2026,15430.86,pendiente,Monitoreo de medios - consolidado 2026
DACAR,sitios_apps,2026,309.38,pendiente,Monitoreo de medios - consolidado 2026
DACAR,radio,2026,18560.74,pendiente,Monitoreo de medios - consolidado 2026
PISCATA,sitios_apps,2026,21069.85,pendiente,Monitoreo de medios - consolidado 2026
JABONERIA WILSON,sitios_apps,2026,20316.79,pendiente,Monitoreo de medios - consolidado 2026
MICE QUITO,sitios_apps,2026,20122.31,pendiente,Monitoreo de medios - consolidado 2026
UNICEF,sitios_apps,2026,20001.18,pendiente,Monitoreo de medios - consolidado 2026
AMERICA 104.5 FM QUITO,radio,2026,16467.02,pendiente,Monitoreo de medios - consolidado 2026
DRK AUTOPARTS,sitios_apps,2026,19923.25,pendiente,Monitoreo de medios - consolidado 2026
DRK AUTOPARTS,radio,2026,38.89,pendiente,Monitoreo de medios - consolidado 2026
SAENZ,sitios_apps,2026,19767.0,pendiente,Monitoreo de medios - consolidado 2026
TORTAMANIA,sitios_apps,2026,603.3,pendiente,Monitoreo de medios - consolidado 2026
TORTAMANIA,radio,2026,4265.32,pendiente,Monitoreo de medios - consolidado 2026
TORTAMANIA,tv_abierta,2026,156.48,pendiente,Monitoreo de medios - consolidado 2026
NUMA PARQUE EMPRESARIAL,sitios_apps,2026,16636.42,pendiente,Monitoreo de medios - consolidado 2026
NUMA PARQUE EMPRESARIAL,radio,2026,3803.32,pendiente,Monitoreo de medios - consolidado 2026
ARQUIDIOCECIS DE GQUIL,radio,2026,567.01,pendiente,Monitoreo de medios - consolidado 2026
ARQUIDIOCECIS DE GQUIL,tv_abierta,2026,8273.56,pendiente,Monitoreo de medios - consolidado 2026
JUAN VALDEZ CAFE,sitios_apps,2026,19941.57,pendiente,Monitoreo de medios - consolidado 2026
SINOHYDRO CORPORATION,sitios_apps,2026,18405.99,pendiente,Monitoreo de medios - consolidado 2026
LAB. PARACELSO CIA. LTDA.,sitios_apps,2026,19649.58,pendiente,Monitoreo de medios - consolidado 2026
LEVAPAN,sitios_apps,2026,19472.88,pendiente,Monitoreo de medios - consolidado 2026
WEDDING DREAMS,sitios_apps,2026,19313.31,pendiente,Monitoreo de medios - consolidado 2026
EUROPCAR,sitios_apps,2026,18139.83,pendiente,Monitoreo de medios - consolidado 2026
FARMAYOR,sitios_apps,2026,17923.38,pendiente,Monitoreo de medios - consolidado 2026
PRESTONE,sitios_apps,2026,19952.81,pendiente,Monitoreo de medios - consolidado 2026
H&M (ROPA DE MARCA),sitios_apps,2026,17898.03,pendiente,Monitoreo de medios - consolidado 2026
H&M (ROPA DE MARCA),radio,2026,841.55,pendiente,Monitoreo de medios - consolidado 2026
CONAVE,sitios_apps,2026,18987.33,pendiente,Monitoreo de medios - consolidado 2026
MALL EL JARDIN,sitios_apps,2026,2568.14,pendiente,Monitoreo de medios - consolidado 2026
MALL EL JARDIN,radio,2026,19323.11,pendiente,Monitoreo de medios - consolidado 2026
HERO MOTOS,sitios_apps,2026,17799.36,pendiente,Monitoreo de medios - consolidado 2026
HERO MOTOS,radio,2026,1571.1,pendiente,Monitoreo de medios - consolidado 2026
MARBELIZE S.A.,sitios_apps,2026,18087.3,pendiente,Monitoreo de medios - consolidado 2026
FRIDAY'S,sitios_apps,2026,18067.14,pendiente,Monitoreo de medios - consolidado 2026
FRIDAY'S,radio,2026,515.03,pendiente,Monitoreo de medios - consolidado 2026
FILTROCORP S.A.,sitios_apps,2026,11300.75,pendiente,Monitoreo de medios - consolidado 2026
FILTROCORP S.A.,radio,2026,2962.14,pendiente,Monitoreo de medios - consolidado 2026
FILTROCORP S.A.,tv_abierta,2026,707.23,pendiente,Monitoreo de medios - consolidado 2026
MIRAME ECUADOR,sitios_apps,2026,18443.81,pendiente,Monitoreo de medios - consolidado 2026
FRUTABAR,sitios_apps,2026,18029.69,pendiente,Monitoreo de medios - consolidado 2026
PRIME PET,sitios_apps,2026,18372.24,pendiente,Monitoreo de medios - consolidado 2026
EL TOKTE,sitios_apps,2026,18284.17,pendiente,Monitoreo de medios - consolidado 2026
ALIPRECA,sitios_apps,2026,17718.18,pendiente,Monitoreo de medios - consolidado 2026
ALIPRECA,radio,2026,118.5,pendiente,Monitoreo de medios - consolidado 2026
GOA BOTANICA,sitios_apps,2026,19078.53,pendiente,Monitoreo de medios - consolidado 2026
INDUSTRIAS ALES,sitios_apps,2026,15545.05,pendiente,Monitoreo de medios - consolidado 2026
INDUSTRIAS ALES,prensa,2026,1768.52,pendiente,Monitoreo de medios - consolidado 2026
INDUSTRIAS ALES,revistas,2026,1866.15,pendiente,Monitoreo de medios - consolidado 2026
PEIGO,sitios_apps,2026,19090.49,pendiente,Monitoreo de medios - consolidado 2026
PORTOCENTRO,prensa,2026,15578.59,pendiente,Monitoreo de medios - consolidado 2026
PONTIFICIA UNIV. CATOLICA DEL ECUADOR,sitios_apps,2026,10067.37,pendiente,Monitoreo de medios - consolidado 2026
PONTIFICIA UNIV. CATOLICA DEL ECUADOR,prensa,2026,1362.12,pendiente,Monitoreo de medios - consolidado 2026
PONTIFICIA UNIV. CATOLICA DEL ECUADOR,radio,2026,6419.64,pendiente,Monitoreo de medios - consolidado 2026
PONTIFICIA UNIV. CATOLICA DEL ECUADOR,revistas,2026,965.25,pendiente,Monitoreo de medios - consolidado 2026
SEGUROS DEL PICHINCHA S.A.,sitios_apps,2026,4118.99,pendiente,Monitoreo de medios - consolidado 2026
SEGUROS DEL PICHINCHA S.A.,prensa,2026,17549.41,pendiente,Monitoreo de medios - consolidado 2026
OLYMPIC JUICE CIA. LTDA.,sitios_apps,2026,15110.14,pendiente,Monitoreo de medios - consolidado 2026
OLYMPIC JUICE CIA. LTDA.,radio,2026,1510.27,pendiente,Monitoreo de medios - consolidado 2026
LA ESTACION PLAZA COMERCIAL,sitios_apps,2026,18141.06,pendiente,Monitoreo de medios - consolidado 2026
MG,sitios_apps,2026,11727.39,pendiente,Monitoreo de medios - consolidado 2026
MG,radio,2026,8446.75,pendiente,Monitoreo de medios - consolidado 2026
INKARY,revistas,2026,15482.61,pendiente,Monitoreo de medios - consolidado 2026
INKARY,tv_abierta,2026,3825.66,pendiente,Monitoreo de medios - consolidado 2026
DIARIO EL MERCURIO,prensa,2026,22313.06,pendiente,Monitoreo de medios - consolidado 2026
OUTLET TV,radio,2026,8281.88,pendiente,Monitoreo de medios - consolidado 2026
OUTLET TV,tv_abierta,2026,1098.21,pendiente,Monitoreo de medios - consolidado 2026
CRUZ ROJA ECUATORIANA,sitios_apps,2026,17315.8,pendiente,Monitoreo de medios - consolidado 2026
I.L.G.A.,sitios_apps,2026,868.53,pendiente,Monitoreo de medios - consolidado 2026
I.L.G.A.,prensa,2026,12351.05,pendiente,Monitoreo de medios - consolidado 2026
I.L.G.A.,radio,2026,7920.93,pendiente,Monitoreo de medios - consolidado 2026
I.L.G.A.,otros,2026,1178.95,pendiente,Monitoreo de medios - consolidado 2026
CASA GONGOTENA,sitios_apps,2026,17232.27,pendiente,Monitoreo de medios - consolidado 2026
ACAD. NAVAL ALMIRANTE ILLINGWORTH,radio,2026,10826.6,pendiente,Monitoreo de medios - consolidado 2026
EDDY S,sitios_apps,2026,16104.26,pendiente,Monitoreo de medios - consolidado 2026
EDDY S,radio,2026,906.73,pendiente,Monitoreo de medios - consolidado 2026
HOSPITAL ALCIVAR,sitios_apps,2026,11390.91,pendiente,Monitoreo de medios - consolidado 2026
HOSPITAL ALCIVAR,radio,2026,5675.35,pendiente,Monitoreo de medios - consolidado 2026
HOSPITAL ALCIVAR,otros,2026,2561.22,pendiente,Monitoreo de medios - consolidado 2026
PEREGRINACION SANTUARIO SCHOENSTATT,prensa,2026,959.88,pendiente,Monitoreo de medios - consolidado 2026
PEREGRINACION SANTUARIO SCHOENSTATT,tv_abierta,2026,1556.42,pendiente,Monitoreo de medios - consolidado 2026
BUPA ECUADOR S.A.,sitios_apps,2026,1473.2,pendiente,Monitoreo de medios - consolidado 2026
BUPA ECUADOR S.A.,radio,2026,9079.5,pendiente,Monitoreo de medios - consolidado 2026
BUPA ECUADOR S.A.,revistas,2026,965.25,pendiente,Monitoreo de medios - consolidado 2026
EL BODEGON,sitios_apps,2026,17074.18,pendiente,Monitoreo de medios - consolidado 2026
MARRIOTT,sitios_apps,2026,5089.97,pendiente,Monitoreo de medios - consolidado 2026
MARRIOTT,prensa,2026,175.5,pendiente,Monitoreo de medios - consolidado 2026
MARRIOTT,radio,2026,10266.61,pendiente,Monitoreo de medios - consolidado 2026
CASABACA,sitios_apps,2026,3714.71,pendiente,Monitoreo de medios - consolidado 2026
CASABACA,prensa,2026,1704.79,pendiente,Monitoreo de medios - consolidado 2026
CASABACA,radio,2026,13057.46,pendiente,Monitoreo de medios - consolidado 2026
MARQUESA DELI MARKET,sitios_apps,2026,17367.77,pendiente,Monitoreo de medios - consolidado 2026
KOHLER,sitios_apps,2026,14102.39,pendiente,Monitoreo de medios - consolidado 2026
KOHLER,revistas,2026,3732.3,pendiente,Monitoreo de medios - consolidado 2026
BENDITA SHOP,tv_abierta,2026,6348.64,pendiente,Monitoreo de medios - consolidado 2026
NOBIS,sitios_apps,2026,1510.38,pendiente,Monitoreo de medios - consolidado 2026
NOBIS,prensa,2026,19146.64,pendiente,Monitoreo de medios - consolidado 2026
PELAMBRE RECORD S,radio,2026,2292.76,pendiente,Monitoreo de medios - consolidado 2026
INVERRED,sitios_apps,2026,2843.83,pendiente,Monitoreo de medios - consolidado 2026
INVERRED,radio,2026,87.5,pendiente,Monitoreo de medios - consolidado 2026
INVERRED,tv_abierta,2026,748.19,pendiente,Monitoreo de medios - consolidado 2026
WEBCONGRESS,sitios_apps,2026,3983.57,pendiente,Monitoreo de medios - consolidado 2026
WEBCONGRESS,radio,2026,2090.97,pendiente,Monitoreo de medios - consolidado 2026
WEBCONGRESS,tv_abierta,2026,1290.24,pendiente,Monitoreo de medios - consolidado 2026
PAYJOY,sitios_apps,2026,16149.48,pendiente,Monitoreo de medios - consolidado 2026
MENESTRAS DEL NEGRO,sitios_apps,2026,15869.16,pendiente,Monitoreo de medios - consolidado 2026
MENESTRAS DEL NEGRO,tv_abierta,2026,181.19,pendiente,Monitoreo de medios - consolidado 2026
MUNICIPIO DE AMBATO,tv_abierta,2026,2254.6,pendiente,Monitoreo de medios - consolidado 2026
MEDILINK,sitios_apps,2026,280.02,pendiente,Monitoreo de medios - consolidado 2026
MEDILINK,prensa,2026,852.4,pendiente,Monitoreo de medios - consolidado 2026
MEDILINK,tv_abierta,2026,3674.06,pendiente,Monitoreo de medios - consolidado 2026
BANCO INTERAMERICANO DE DESARROLLO,sitios_apps,2026,16901.58,pendiente,Monitoreo de medios - consolidado 2026
GLS CONSTRUCTORES,sitios_apps,2026,16564.55,pendiente,Monitoreo de medios - consolidado 2026
SIGHT CONCERTS,sitios_apps,2026,2795.48,pendiente,Monitoreo de medios - consolidado 2026
SIGHT CONCERTS,prensa,2026,5966.78,pendiente,Monitoreo de medios - consolidado 2026
SIGHT CONCERTS,radio,2026,1589.66,pendiente,Monitoreo de medios - consolidado 2026
SIGHT CONCERTS,tv_abierta,2026,1188.88,pendiente,Monitoreo de medios - consolidado 2026
METROPOLITAN TOURING,sitios_apps,2026,16506.9,pendiente,Monitoreo de medios - consolidado 2026
FOTON DEL ECUADOR,sitios_apps,2026,1703.71,pendiente,Monitoreo de medios - consolidado 2026
FOTON DEL ECUADOR,prensa,2026,2937.24,pendiente,Monitoreo de medios - consolidado 2026
FOTON DEL ECUADOR,radio,2026,12497.01,pendiente,Monitoreo de medios - consolidado 2026
FOTON DEL ECUADOR,otros,2026,1971.75,pendiente,Monitoreo de medios - consolidado 2026
INFINIX,sitios_apps,2026,14314.63,pendiente,Monitoreo de medios - consolidado 2026
INFINIX,tv_abierta,2026,905.09,pendiente,Monitoreo de medios - consolidado 2026
LA CHOZA,sitios_apps,2026,15977.06,pendiente,Monitoreo de medios - consolidado 2026
LIFE,sitios_apps,2026,10352.88,pendiente,Monitoreo de medios - consolidado 2026
LIFE,prensa,2026,623.16,pendiente,Monitoreo de medios - consolidado 2026
LIFE,radio,2026,5345.03,pendiente,Monitoreo de medios - consolidado 2026
RELY,sitios_apps,2026,15222.69,pendiente,Monitoreo de medios - consolidado 2026
LUBRICANTES INTERNACIONALES S.A.,radio,2026,9846.5,pendiente,Monitoreo de medios - consolidado 2026
ECOMUNDO CENTRO DE ESTUDIOS,sitios_apps,2026,14934.92,pendiente,Monitoreo de medios - consolidado 2026
ECOMUNDO CENTRO DE ESTUDIOS,radio,2026,1772.88,pendiente,Monitoreo de medios - consolidado 2026
CEISA,radio,2026,32165.28,pendiente,Monitoreo de medios - consolidado 2026
FEDEX,sitios_apps,2026,15770.95,pendiente,Monitoreo de medios - consolidado 2026
LABORATORIOS ROCNARF,sitios_apps,2026,16158.75,pendiente,Monitoreo de medios - consolidado 2026
REYSAHIWAL S. A.,sitios_apps,2026,15673.25,pendiente,Monitoreo de medios - consolidado 2026
REYSAHIWAL S. A.,tv_abierta,2026,8.62,pendiente,Monitoreo de medios - consolidado 2026
BANCO SOLIDARIO,sitios_apps,2026,7494.47,pendiente,Monitoreo de medios - consolidado 2026
BANCO SOLIDARIO,prensa,2026,3850.29,pendiente,Monitoreo de medios - consolidado 2026
BANCO SOLIDARIO,radio,2026,5294.66,pendiente,Monitoreo de medios - consolidado 2026
HAMBURGUESAS EL CORRAL,sitios_apps,2026,15598.86,pendiente,Monitoreo de medios - consolidado 2026
CORDIALSA,sitios_apps,2026,14059.48,pendiente,Monitoreo de medios - consolidado 2026
MASTERCARD,sitios_apps,2026,14564.93,pendiente,Monitoreo de medios - consolidado 2026
MASTERCARD,revistas,2026,933.08,pendiente,Monitoreo de medios - consolidado 2026
MASTERCARD,tv_paga,2026,13.75,pendiente,Monitoreo de medios - consolidado 2026
FIDUCIA,sitios_apps,2026,280.02,pendiente,Monitoreo de medios - consolidado 2026
FIDUCIA,radio,2026,11315.9,pendiente,Monitoreo de medios - consolidado 2026
EL MAX,sitios_apps,2026,15368.11,pendiente,Monitoreo de medios - consolidado 2026
COOP. RIOBAMBA,revistas,2026,2303.73,pendiente,Monitoreo de medios - consolidado 2026
COOP. RIOBAMBA,tv_abierta,2026,1456.21,pendiente,Monitoreo de medios - consolidado 2026
BUEN PLAN,sitios_apps,2026,14933.15,pendiente,Monitoreo de medios - consolidado 2026
BUEN PLAN,revistas,2026,1222.94,pendiente,Monitoreo de medios - consolidado 2026
WESTER UNION,sitios_apps,2026,15536.69,pendiente,Monitoreo de medios - consolidado 2026
ILSA,sitios_apps,2026,15484.5,pendiente,Monitoreo de medios - consolidado 2026
NOVICOMPU,sitios_apps,2026,14987.97,pendiente,Monitoreo de medios - consolidado 2026
KRISPY KREME,sitios_apps,2026,15263.79,pendiente,Monitoreo de medios - consolidado 2026
SOCIAL MEDIA DAY,prensa,2026,10228.75,pendiente,Monitoreo de medios - consolidado 2026
EL CAFE S.A.,sitios_apps,2026,6688.85,pendiente,Monitoreo de medios - consolidado 2026
EL CAFE S.A.,radio,2026,10140.63,pendiente,Monitoreo de medios - consolidado 2026
CONDADO SHOPPING,sitios_apps,2026,10896.24,pendiente,Monitoreo de medios - consolidado 2026
CONDADO SHOPPING,radio,2026,4468.61,pendiente,Monitoreo de medios - consolidado 2026
ELECTROLUX,sitios_apps,2026,8980.37,pendiente,Monitoreo de medios - consolidado 2026
ELECTROLUX,tv_abierta,2026,1662.93,pendiente,Monitoreo de medios - consolidado 2026
MUEBLES VERA VASQUEZ,sitios_apps,2026,13489.76,pendiente,Monitoreo de medios - consolidado 2026
IPONE,sitios_apps,2026,15275.44,pendiente,Monitoreo de medios - consolidado 2026
MLC SOLUTIONS,tv_paga,2026,4867.5,pendiente,Monitoreo de medios - consolidado 2026
ZOCALO FILMS,radio,2026,218.77,pendiente,Monitoreo de medios - consolidado 2026
ZOCALO FILMS,tv_abierta,2026,11342.15,pendiente,Monitoreo de medios - consolidado 2026
CENTRO DE VIAJES ECUADOR,radio,2026,15438.99,pendiente,Monitoreo de medios - consolidado 2026
MONSTER AUDIO,tv_abierta,2026,5112.09,pendiente,Monitoreo de medios - consolidado 2026
PASEO SAN FRANCISCO CUMBAYA,sitios_apps,2026,14805.4,pendiente,Monitoreo de medios - consolidado 2026
ECUASANITAS,sitios_apps,2026,372.55,pendiente,Monitoreo de medios - consolidado 2026
ECUASANITAS,radio,2026,15502.31,pendiente,Monitoreo de medios - consolidado 2026
ECUASANITAS,revistas,2026,2895.75,pendiente,Monitoreo de medios - consolidado 2026
DERMAGE,sitios_apps,2026,15045.04,pendiente,Monitoreo de medios - consolidado 2026
SECURITY DATA,sitios_apps,2026,2134.1,pendiente,Monitoreo de medios - consolidado 2026
SECURITY DATA,prensa,2026,7358.3,pendiente,Monitoreo de medios - consolidado 2026
SECURITY DATA,revistas,2026,2380.95,pendiente,Monitoreo de medios - consolidado 2026
SECURITY DATA,tv_abierta,2026,1294.42,pendiente,Monitoreo de medios - consolidado 2026
INTEROCEANICA,sitios_apps,2026,41.13,pendiente,Monitoreo de medios - consolidado 2026
INTEROCEANICA,prensa,2026,17513.78,pendiente,Monitoreo de medios - consolidado 2026
INTEROCEANICA,revistas,2026,1364.22,pendiente,Monitoreo de medios - consolidado 2026
CASA MOELLER MARTINEZ,sitios_apps,2026,13231.49,pendiente,Monitoreo de medios - consolidado 2026
CASA MOELLER MARTINEZ,radio,2026,14.4,pendiente,Monitoreo de medios - consolidado 2026
PROLACHIV S. A.,sitios_apps,2026,13441.58,pendiente,Monitoreo de medios - consolidado 2026
PROLACHIV S. A.,otros,2026,1084.86,pendiente,Monitoreo de medios - consolidado 2026
JETOUR,sitios_apps,2026,12598.44,pendiente,Monitoreo de medios - consolidado 2026
JETOUR,radio,2026,642.0,pendiente,Monitoreo de medios - consolidado 2026
NAPHACEL OFTENO,sitios_apps,2026,14647.93,pendiente,Monitoreo de medios - consolidado 2026
BENEFICA,tv_abierta,2026,3368.21,pendiente,Monitoreo de medios - consolidado 2026
AMBIENTE,sitios_apps,2026,14483.18,pendiente,Monitoreo de medios - consolidado 2026
SYLVIA MARIA,sitios_apps,2026,5309.62,pendiente,Monitoreo de medios - consolidado 2026
SYLVIA MARIA,radio,2026,8167.24,pendiente,Monitoreo de medios - consolidado 2026
LA TABERNA,sitios_apps,2026,15034.67,pendiente,Monitoreo de medios - consolidado 2026
LA TABERNA,radio,2026,6.37,pendiente,Monitoreo de medios - consolidado 2026
CLINICA DE OJOS FINLANDIA,radio,2026,20504.64,pendiente,Monitoreo de medios - consolidado 2026
EL ESPAÑOL GOURMET,sitios_apps,2026,14366.83,pendiente,Monitoreo de medios - consolidado 2026
STANDAR,sitios_apps,2026,13092.71,pendiente,Monitoreo de medios - consolidado 2026
NUBIA,sitios_apps,2026,14873.78,pendiente,Monitoreo de medios - consolidado 2026
SIKA ECUATORIANA S.A.,sitios_apps,2026,1872.12,pendiente,Monitoreo de medios - consolidado 2026
SIKA ECUATORIANA S.A.,radio,2026,6566.85,pendiente,Monitoreo de medios - consolidado 2026
SIKA ECUATORIANA S.A.,tv_abierta,2026,3891.82,pendiente,Monitoreo de medios - consolidado 2026
SIKA ECUATORIANA S.A.,tv_paga,2026,0.52,pendiente,Monitoreo de medios - consolidado 2026
AGRODELY,sitios_apps,2026,14899.7,pendiente,Monitoreo de medios - consolidado 2026
LIV,sitios_apps,2026,14868.9,pendiente,Monitoreo de medios - consolidado 2026
PHONAK,sitios_apps,2026,14291.09,pendiente,Monitoreo de medios - consolidado 2026
GRIFINE CERAMICS,sitios_apps,2026,2533.27,pendiente,Monitoreo de medios - consolidado 2026
GRIFINE CERAMICS,radio,2026,11369.22,pendiente,Monitoreo de medios - consolidado 2026
MUNIC. DEL CANTON DAULE,prensa,2026,6232.52,pendiente,Monitoreo de medios - consolidado 2026
MUNIC. DEL CANTON DAULE,radio,2026,8191.31,pendiente,Monitoreo de medios - consolidado 2026
AGIP ECUADOR,sitios_apps,2026,511.89,pendiente,Monitoreo de medios - consolidado 2026
AGIP ECUADOR,prensa,2026,15894.23,pendiente,Monitoreo de medios - consolidado 2026
AGIP ECUADOR,radio,2026,1862.0,pendiente,Monitoreo de medios - consolidado 2026
STAR MOTORS,sitios_apps,2026,12267.53,pendiente,Monitoreo de medios - consolidado 2026
STAR MOTORS,revistas,2026,1866.15,pendiente,Monitoreo de medios - consolidado 2026
SAZONADORES DEL PACIFICO,sitios_apps,2026,11992.81,pendiente,Monitoreo de medios - consolidado 2026
SAZONADORES DEL PACIFICO,prensa,2026,1844.86,pendiente,Monitoreo de medios - consolidado 2026
DIPPING BRUNCH,sitios_apps,2026,14028.97,pendiente,Monitoreo de medios - consolidado 2026
ITALIAN DELI,sitios_apps,2026,14040.18,pendiente,Monitoreo de medios - consolidado 2026
EDIFICA,sitios_apps,2026,11216.57,pendiente,Monitoreo de medios - consolidado 2026
EDIFICA,radio,2026,3910.39,pendiente,Monitoreo de medios - consolidado 2026
IHOP,sitios_apps,2026,13948.67,pendiente,Monitoreo de medios - consolidado 2026
IHOP,radio,2026,73.33,pendiente,Monitoreo de medios - consolidado 2026
IMPERIAL,sitios_apps,2026,14043.08,pendiente,Monitoreo de medios - consolidado 2026
CONTIFICO,sitios_apps,2026,12959.97,pendiente,Monitoreo de medios - consolidado 2026
PEUGEOT,sitios_apps,2026,13297.37,pendiente,Monitoreo de medios - consolidado 2026
INCHCAPE RETAIL,sitios_apps,2026,12454.32,pendiente,Monitoreo de medios - consolidado 2026
MR. JOY,sitios_apps,2026,14386.98,pendiente,Monitoreo de medios - consolidado 2026
EMAPAG,sitios_apps,2026,164.54,pendiente,Monitoreo de medios - consolidado 2026
EMAPAG,radio,2026,10416.5,pendiente,Monitoreo de medios - consolidado 2026
GUTIS FARMACEUTICA,sitios_apps,2026,13663.14,pendiente,Monitoreo de medios - consolidado 2026
AR CONSTRUCTORA,tv_abierta,2026,5956.26,pendiente,Monitoreo de medios - consolidado 2026
BATERIAS ECUADOR,sitios_apps,2026,13568.91,pendiente,Monitoreo de medios - consolidado 2026
VAPORAL,radio,2026,18084.55,pendiente,Monitoreo de medios - consolidado 2026
INST. TECNOL. SAN ANTONIO,sitios_apps,2026,280.02,pendiente,Monitoreo de medios - consolidado 2026
INST. TECNOL. SAN ANTONIO,tv_abierta,2026,5737.4,pendiente,Monitoreo de medios - consolidado 2026
APOLO DECOR,sitios_apps,2026,13416.13,pendiente,Monitoreo de medios - consolidado 2026
PLAZA NAVONA,sitios_apps,2026,13388.46,pendiente,Monitoreo de medios - consolidado 2026
PLAZA NAVONA,radio,2026,104.23,pendiente,Monitoreo de medios - consolidado 2026
AUTODIESEL,radio,2026,17337.74,pendiente,Monitoreo de medios - consolidado 2026
FOLIGAIN,sitios_apps,2026,13727.37,pendiente,Monitoreo de medios - consolidado 2026
EUPHORIE ENTERTAINMENT,sitios_apps,2026,5530.79,pendiente,Monitoreo de medios - consolidado 2026
EUPHORIE ENTERTAINMENT,radio,2026,5232.24,pendiente,Monitoreo de medios - consolidado 2026
SEGUROS UNIDOS S.A.,sitios_apps,2026,13656.22,pendiente,Monitoreo de medios - consolidado 2026
G MOTOS,sitios_apps,2026,12995.84,pendiente,Monitoreo de medios - consolidado 2026
G MOTOS,radio,2026,297.32,pendiente,Monitoreo de medios - consolidado 2026
MIC,sitios_apps,2026,13657.6,pendiente,Monitoreo de medios - consolidado 2026
INEPACA,sitios_apps,2026,13572.35,pendiente,Monitoreo de medios - consolidado 2026
CEPSA,sitios_apps,2026,13183.58,pendiente,Monitoreo de medios - consolidado 2026
PAYLESS SHOE SOURCE,sitios_apps,2026,10531.42,pendiente,Monitoreo de medios - consolidado 2026
PAYLESS SHOE SOURCE,radio,2026,3601.99,pendiente,Monitoreo de medios - consolidado 2026
WALT DISNEY,sitios_apps,2026,164.54,pendiente,Monitoreo de medios - consolidado 2026
WALT DISNEY,radio,2026,8117.69,pendiente,Monitoreo de medios - consolidado 2026
WALT DISNEY,tv_abierta,2026,3853.05,pendiente,Monitoreo de medios - consolidado 2026
COMERCIAL ORGU,sitios_apps,2026,12648.15,pendiente,Monitoreo de medios - consolidado 2026
COMERCIAL ORGU,prensa,2026,420.01,pendiente,Monitoreo de medios - consolidado 2026
COMERCIAL ORGU,radio,2026,12.22,pendiente,Monitoreo de medios - consolidado 2026
LAB. NYSE,sitios_apps,2026,13018.02,pendiente,Monitoreo de medios - consolidado 2026
UNIV. SAN FRANCISCO DE QUITO,sitios_apps,2026,12004.07,pendiente,Monitoreo de medios - consolidado 2026
UNIV. SAN FRANCISCO DE QUITO,revistas,2026,1769.62,pendiente,Monitoreo de medios - consolidado 2026
EMBOTELLADORA AZUAYA,sitios_apps,2026,12508.61,pendiente,Monitoreo de medios - consolidado 2026
EMBOTELLADORA AZUAYA,tv_paga,2026,165.0,pendiente,Monitoreo de medios - consolidado 2026
SIME,sitios_apps,2026,12849.42,pendiente,Monitoreo de medios - consolidado 2026
ESC.SUPERIOR POLITECNICA DEL LITORAL,sitios_apps,2026,8760.4,pendiente,Monitoreo de medios - consolidado 2026
ESC.SUPERIOR POLITECNICA DEL LITORAL,prensa,2026,1843.71,pendiente,Monitoreo de medios - consolidado 2026
ESC.SUPERIOR POLITECNICA DEL LITORAL,radio,2026,1585.45,pendiente,Monitoreo de medios - consolidado 2026
ESC.SUPERIOR POLITECNICA DEL LITORAL,revistas,2026,965.25,pendiente,Monitoreo de medios - consolidado 2026
ESC.SUPERIOR POLITECNICA DEL LITORAL,otros,2026,1178.95,pendiente,Monitoreo de medios - consolidado 2026
ESC.SUPERIOR POLITECNICA DEL LITORAL,tv_abierta,2026,85.91,pendiente,Monitoreo de medios - consolidado 2026
MONK FRUT,sitios_apps,2026,12816.88,pendiente,Monitoreo de medios - consolidado 2026
MONSTER ENERGY,sitios_apps,2026,13400.6,pendiente,Monitoreo de medios - consolidado 2026
NATURA (N&CO-ECUADOR S.A.S),sitios_apps,2026,12561.12,pendiente,Monitoreo de medios - consolidado 2026
S NAP SHOT,sitios_apps,2026,12764.78,pendiente,Monitoreo de medios - consolidado 2026
UNIV. UNIR,radio,2026,13064.99,pendiente,Monitoreo de medios - consolidado 2026
BRODMEN S.A.,sitios_apps,2026,280.02,pendiente,Monitoreo de medios - consolidado 2026
BRODMEN S.A.,radio,2026,12793.6,pendiente,Monitoreo de medios - consolidado 2026
PARC ROYALE SUITES,sitios_apps,2026,12596.82,pendiente,Monitoreo de medios - consolidado 2026
YAMAHA MUSIC LATIN AMERICA,sitios_apps,2026,12957.46,pendiente,Monitoreo de medios - consolidado 2026
LLIANZA,sitios_apps,2026,12528.86,pendiente,Monitoreo de medios - consolidado 2026
TUTI,prensa,2026,8311.94,pendiente,Monitoreo de medios - consolidado 2026
TUTI,radio,2026,217.28,pendiente,Monitoreo de medios - consolidado 2026
TUTI,otros,2026,3585.0,pendiente,Monitoreo de medios - consolidado 2026
LA POCION,sitios_apps,2026,12203.48,pendiente,Monitoreo de medios - consolidado 2026
LA POCION,revistas,2026,1222.94,pendiente,Monitoreo de medios - consolidado 2026
EL TEATRO SCALA CUMBAYA,radio,2026,743.0,pendiente,Monitoreo de medios - consolidado 2026
EL TEATRO SCALA CUMBAYA,revistas,2026,1769.62,pendiente,Monitoreo de medios - consolidado 2026
EL TEATRO SCALA CUMBAYA,tv_abierta,2026,3896.89,pendiente,Monitoreo de medios - consolidado 2026
PERFUMANIA BIBI'S,radio,2026,4889.25,pendiente,Monitoreo de medios - consolidado 2026
EMP.PUBLICA METROPOL.DE AGUA POTAB.SANEA,prensa,2026,852.4,pendiente,Monitoreo de medios - consolidado 2026
EMP.PUBLICA METROPOL.DE AGUA POTAB.SANEA,radio,2026,15325.64,pendiente,Monitoreo de medios - consolidado 2026
CASTILLO HERMANOS,radio,2026,14615.94,pendiente,Monitoreo de medios - consolidado 2026
JOYAS BAUER,sitios_apps,2026,10473.29,pendiente,Monitoreo de medios - consolidado 2026
JOYAS BAUER,revistas,2026,3217.5,pendiente,Monitoreo de medios - consolidado 2026
CARTIMEX,sitios_apps,2026,12566.04,pendiente,Monitoreo de medios - consolidado 2026
SOLINES SOLUCIONES INMOBIALIARIAS,prensa,2026,12412.68,pendiente,Monitoreo de medios - consolidado 2026
SOLINES SOLUCIONES INMOBIALIARIAS,otros,2026,3024.0,pendiente,Monitoreo de medios - consolidado 2026
DISVASARI,sitios_apps,2026,9635.35,pendiente,Monitoreo de medios - consolidado 2026
DISVASARI,radio,2026,3413.11,pendiente,Monitoreo de medios - consolidado 2026
DISVASARI,tv_abierta,2026,96.41,pendiente,Monitoreo de medios - consolidado 2026
OPTICAS YORK,radio,2026,3633.97,pendiente,Monitoreo de medios - consolidado 2026
CEMENTO ATENAS,sitios_apps,2026,11945.9,pendiente,Monitoreo de medios - consolidado 2026
C. C. MILENIUM PLAZA,sitios_apps,2026,12134.9,pendiente,Monitoreo de medios - consolidado 2026
PLAZA CELESTE,sitios_apps,2026,6534.15,pendiente,Monitoreo de medios - consolidado 2026
PLAZA CELESTE,radio,2026,5332.01,pendiente,Monitoreo de medios - consolidado 2026
BIC DEL ECUADOR,sitios_apps,2026,11333.05,pendiente,Monitoreo de medios - consolidado 2026
COOP. 15 DE ABRIL,prensa,2026,4012.22,pendiente,Monitoreo de medios - consolidado 2026
COOP. 15 DE ABRIL,radio,2026,8432.96,pendiente,Monitoreo de medios - consolidado 2026
DESPECHO FEST,sitios_apps,2026,12086.45,pendiente,Monitoreo de medios - consolidado 2026
MASTER,sitios_apps,2026,11809.03,pendiente,Monitoreo de medios - consolidado 2026
LOS CEBICHES DE LA RUMIÑAHUI,sitios_apps,2026,1015.86,pendiente,Monitoreo de medios - consolidado 2026
LOS CEBICHES DE LA RUMIÑAHUI,radio,2026,12919.7,pendiente,Monitoreo de medios - consolidado 2026
CLAVE FERIA DE LA VIVIENDA,sitios_apps,2026,1462.55,pendiente,Monitoreo de medios - consolidado 2026
CLAVE FERIA DE LA VIVIENDA,prensa,2026,6913.87,pendiente,Monitoreo de medios - consolidado 2026
AK PACIFICO,radio,2026,16469.37,pendiente,Monitoreo de medios - consolidado 2026
PEPSICO FOODS,sitios_apps,2026,8377.17,pendiente,Monitoreo de medios - consolidado 2026
PEPSICO FOODS,radio,2026,3107.45,pendiente,Monitoreo de medios - consolidado 2026
PEPSICO FOODS,tv_abierta,2026,85.91,pendiente,Monitoreo de medios - consolidado 2026
ZONA TRADE,sitios_apps,2026,8702.14,pendiente,Monitoreo de medios - consolidado 2026
ZONA TRADE,radio,2026,4468.22,pendiente,Monitoreo de medios - consolidado 2026
PODOMAS,sitios_apps,2026,11362.81,pendiente,Monitoreo de medios - consolidado 2026
LIBRERIA SAN PABLO,sitios_apps,2026,11334.81,pendiente,Monitoreo de medios - consolidado 2026
GENFAR,sitios_apps,2026,10180.56,pendiente,Monitoreo de medios - consolidado 2026
COMITE ECUAT. DE NUTRICION DE MASCOTAS,sitios_apps,2026,11277.33,pendiente,Monitoreo de medios - consolidado 2026
GRUPO PYDACO,sitios_apps,2026,11810.09,pendiente,Monitoreo de medios - consolidado 2026
UNIV. TECNOL. INDOAMERICA,sitios_apps,2026,3758.69,pendiente,Monitoreo de medios - consolidado 2026
UNIV. TECNOL. INDOAMERICA,prensa,2026,8918.76,pendiente,Monitoreo de medios - consolidado 2026
UNIV. TECNOL. INDOAMERICA,revistas,2026,965.25,pendiente,Monitoreo de medios - consolidado 2026
WELL DERMA,sitios_apps,2026,11450.46,pendiente,Monitoreo de medios - consolidado 2026
PRO-ZONAS  PROMOT. INMOB.,sitios_apps,2026,624.04,pendiente,Monitoreo de medios - consolidado 2026
PRO-ZONAS  PROMOT. INMOB.,radio,2026,9597.99,pendiente,Monitoreo de medios - consolidado 2026
NUTRAVENA,sitios_apps,2026,11064.76,pendiente,Monitoreo de medios - consolidado 2026
ALFA BIENES RAICES,radio,2026,8887.97,pendiente,Monitoreo de medios - consolidado 2026
VAZ SEGUROS S.A.,sitios_apps,2026,11047.7,pendiente,Monitoreo de medios - consolidado 2026
UNIV. CATOLICA SANTIAGO DE GUAYAQUIL,sitios_apps,2026,4191.59,pendiente,Monitoreo de medios - consolidado 2026
UNIV. CATOLICA SANTIAGO DE GUAYAQUIL,radio,2026,5068.92,pendiente,Monitoreo de medios - consolidado 2026
UNIV. CATOLICA SANTIAGO DE GUAYAQUIL,otros,2026,2357.9,pendiente,Monitoreo de medios - consolidado 2026
FIBRO ACERO S.A.,sitios_apps,2026,9903.65,pendiente,Monitoreo de medios - consolidado 2026
VIAJES EL CANO,radio,2026,8374.16,pendiente,Monitoreo de medios - consolidado 2026
SUPER SEC,sitios_apps,2026,10912.75,pendiente,Monitoreo de medios - consolidado 2026
VILLA ENSUEÑO,sitios_apps,2026,280.02,pendiente,Monitoreo de medios - consolidado 2026
VILLA ENSUEÑO,radio,2026,8678.63,pendiente,Monitoreo de medios - consolidado 2026
PINTURAS CONDOR,sitios_apps,2026,6171.47,pendiente,Monitoreo de medios - consolidado 2026
PINTURAS CONDOR,radio,2026,5715.32,pendiente,Monitoreo de medios - consolidado 2026
PINTURAS CONDOR,revistas,2026,1364.22,pendiente,Monitoreo de medios - consolidado 2026
PIZZA FEST,prensa,2026,6273.09,pendiente,Monitoreo de medios - consolidado 2026
PIZZA FEST,revistas,2026,2445.87,pendiente,Monitoreo de medios - consolidado 2026
BELICIA,sitios_apps,2026,11298.17,pendiente,Monitoreo de medios - consolidado 2026
REGENEXT,sitios_apps,2026,791.91,pendiente,Monitoreo de medios - consolidado 2026
REGENEXT,radio,2026,7512.36,pendiente,Monitoreo de medios - consolidado 2026
ECUA-WAGEN*NOR WAGEN,radio,2026,10411.94,pendiente,Monitoreo de medios - consolidado 2026
LA SELECTA,sitios_apps,2026,9707.45,pendiente,Monitoreo de medios - consolidado 2026
LA SELECTA,radio,2026,729.66,pendiente,Monitoreo de medios - consolidado 2026
NEW DENTAL CARE,radio,2026,14992.34,pendiente,Monitoreo de medios - consolidado 2026
PORSCHE,sitios_apps,2026,11018.81,pendiente,Monitoreo de medios - consolidado 2026
ASEGURA DE UNA,sitios_apps,2026,11078.73,pendiente,Monitoreo de medios - consolidado 2026
ACERIAS NACIONALES DEL ECUADOR S. A.,sitios_apps,2026,804.41,pendiente,Monitoreo de medios - consolidado 2026
ACERIAS NACIONALES DEL ECUADOR S. A.,prensa,2026,685.63,pendiente,Monitoreo de medios - consolidado 2026
ACERIAS NACIONALES DEL ECUADOR S. A.,radio,2026,9986.71,pendiente,Monitoreo de medios - consolidado 2026
BPS MARKET S.A.S,radio,2026,3535.76,pendiente,Monitoreo de medios - consolidado 2026
BPS MARKET S.A.S,tv_abierta,2026,5853.59,pendiente,Monitoreo de medios - consolidado 2026
GRUPO FARMA DEL ECUADOR,sitios_apps,2026,4229.73,pendiente,Monitoreo de medios - consolidado 2026
GRUPO FARMA DEL ECUADOR,prensa,2026,852.4,pendiente,Monitoreo de medios - consolidado 2026
GRUPO FARMA DEL ECUADOR,radio,2026,2633.7,pendiente,Monitoreo de medios - consolidado 2026
CASAPLAN/MOTORPLAN,sitios_apps,2026,10696.53,pendiente,Monitoreo de medios - consolidado 2026
CASAPLAN/MOTORPLAN,radio,2026,162.7,pendiente,Monitoreo de medios - consolidado 2026
ALPHA BUILDERS,sitios_apps,2026,7300.64,pendiente,Monitoreo de medios - consolidado 2026
ALPHA BUILDERS,radio,2026,2878.96,pendiente,Monitoreo de medios - consolidado 2026
FRENO SEGURO,sitios_apps,2026,10322.99,pendiente,Monitoreo de medios - consolidado 2026
REST. CASA GANGOTENA,sitios_apps,2026,10292.68,pendiente,Monitoreo de medios - consolidado 2026
ECHO,sitios_apps,2026,10228.7,pendiente,Monitoreo de medios - consolidado 2026
SIND. CHOFERES PROFES. DE DAULE,radio,2026,11997.44,pendiente,Monitoreo de medios - consolidado 2026
COOP. JARDIN AZUAYO,sitios_apps,2026,9777.72,pendiente,Monitoreo de medios - consolidado 2026
COOP. JARDIN AZUAYO,revistas,2026,965.25,pendiente,Monitoreo de medios - consolidado 2026
COFACE,prensa,2026,13085.27,pendiente,Monitoreo de medios - consolidado 2026
REASEGURADORA DEL ECUADOR,prensa,2026,13085.27,pendiente,Monitoreo de medios - consolidado 2026
INTI PLAY,tv_abierta,2026,2196.78,pendiente,Monitoreo de medios - consolidado 2026
SERGIO VASQUEZ,sitios_apps,2026,11093.35,pendiente,Monitoreo de medios - consolidado 2026
BLESS HEALTHY FOODS,sitios_apps,2026,10150.7,pendiente,Monitoreo de medios - consolidado 2026
TEATRO SAN GABRIEL,sitios_apps,2026,300.02,pendiente,Monitoreo de medios - consolidado 2026
TEATRO SAN GABRIEL,radio,2026,7055.17,pendiente,Monitoreo de medios - consolidado 2026
TEATRO SAN GABRIEL,tv_abierta,2026,1125.0,pendiente,Monitoreo de medios - consolidado 2026
KORGLUTIDE,sitios_apps,2026,10471.04,pendiente,Monitoreo de medios - consolidado 2026
GRUPO EDITORIAL NORMA,sitios_apps,2026,10133.01,pendiente,Monitoreo de medios - consolidado 2026
ZOETIS,sitios_apps,2026,9439.41,pendiente,Monitoreo de medios - consolidado 2026
ECUA-WAGEN,sitios_apps,2026,4949.96,pendiente,Monitoreo de medios - consolidado 2026
ECUA-WAGEN,radio,2026,4831.11,pendiente,Monitoreo de medios - consolidado 2026
HOTEL MAR AZUL,tv_abierta,2026,1013.74,pendiente,Monitoreo de medios - consolidado 2026
WATER WORLD CIRCUS,radio,2026,11071.06,pendiente,Monitoreo de medios - consolidado 2026
MANAVISION,prensa,2026,8698.11,pendiente,Monitoreo de medios - consolidado 2026
SUPER AGUA BLESS,tv_abierta,2026,998.32,pendiente,Monitoreo de medios - consolidado 2026
BINMUNE,tv_abierta,2026,8184.34,pendiente,Monitoreo de medios - consolidado 2026
MONTANA GRILL,sitios_apps,2026,10420.66,pendiente,Monitoreo de medios - consolidado 2026
ACEROCENTER CIA. LTDA.,sitios_apps,2026,10420.62,pendiente,Monitoreo de medios - consolidado 2026
SUDAMERICANA DE SOFTWARE S.A.,radio,2026,11044.07,pendiente,Monitoreo de medios - consolidado 2026
SPLENDOR,sitios_apps,2026,9368.66,pendiente,Monitoreo de medios - consolidado 2026
SPLENDOR,radio,2026,15.0,pendiente,Monitoreo de medios - consolidado 2026
SPLENDOR,revistas,2026,762.55,pendiente,Monitoreo de medios - consolidado 2026
PROSIL PROAÑO-SILVA CIA.LTDA.,sitios_apps,2026,10347.51,pendiente,Monitoreo de medios - consolidado 2026
BRANDS OUTLET,sitios_apps,2026,10324.66,pendiente,Monitoreo de medios - consolidado 2026
SUNBEAM LATIN AMERICA,sitios_apps,2026,300.02,pendiente,Monitoreo de medios - consolidado 2026
SUNBEAM LATIN AMERICA,prensa,2026,12220.02,pendiente,Monitoreo de medios - consolidado 2026
UNIV. NAC. DE CHIMBORAZO,radio,2026,1176.74,pendiente,Monitoreo de medios - consolidado 2026
UNIV. NAC. DE CHIMBORAZO,tv_abierta,2026,4824.63,pendiente,Monitoreo de medios - consolidado 2026
OPTICAS GMO,sitios_apps,2026,9937.73,pendiente,Monitoreo de medios - consolidado 2026
MOLINOS POULTIER S.A.,sitios_apps,2026,9808.68,pendiente,Monitoreo de medios - consolidado 2026
YADEA MOTOS,sitios_apps,2026,9792.66,pendiente,Monitoreo de medios - consolidado 2026
COOP. ATUNTAQUI LTDA,prensa,2026,163.3,pendiente,Monitoreo de medios - consolidado 2026
COOP. ATUNTAQUI LTDA,radio,2026,9976.16,pendiente,Monitoreo de medios - consolidado 2026
CERVEZA BAJAMAR,sitios_apps,2026,10219.53,pendiente,Monitoreo de medios - consolidado 2026
OLIVE GARDEN,sitios_apps,2026,10177.42,pendiente,Monitoreo de medios - consolidado 2026
GRUPASA,sitios_apps,2026,5100.37,pendiente,Monitoreo de medios - consolidado 2026
GRUPASA,revistas,2026,3976.83,pendiente,Monitoreo de medios - consolidado 2026
GRUPASA,otros,2026,2610.12,pendiente,Monitoreo de medios - consolidado 2026
ALIMENTOS YUPI S.A.,sitios_apps,2026,9560.65,pendiente,Monitoreo de medios - consolidado 2026
IGOR APP,sitios_apps,2026,10036.74,pendiente,Monitoreo de medios - consolidado 2026
ARCUS VITTORIA BODEGAS,sitios_apps,2026,9820.65,pendiente,Monitoreo de medios - consolidado 2026
PREMIERPET,sitios_apps,2026,8787.36,pendiente,Monitoreo de medios - consolidado 2026
PREMIERPET,radio,2026,168.52,pendiente,Monitoreo de medios - consolidado 2026
JABON INTIMO EVACARE,sitios_apps,2026,9502.15,pendiente,Monitoreo de medios - consolidado 2026
SANGAY FOODS,sitios_apps,2026,8988.63,pendiente,Monitoreo de medios - consolidado 2026
SANGAY FOODS,radio,2026,441.78,pendiente,Monitoreo de medios - consolidado 2026
EXPO FERIA NACIONAL MUSHUC RUNA,radio,2026,9933.22,pendiente,Monitoreo de medios - consolidado 2026
DENTAL CORPORE,sitios_apps,2026,9324.62,pendiente,Monitoreo de medios - consolidado 2026
FERTISA,sitios_apps,2026,6868.49,pendiente,Monitoreo de medios - consolidado 2026
FERTISA,otros,2026,3329.9,pendiente,Monitoreo de medios - consolidado 2026
SUPER EASY MARKET,sitios_apps,2026,9671.11,pendiente,Monitoreo de medios - consolidado 2026
ESC. DE AVIACION AVIACIONESAV,radio,2026,9472.95,pendiente,Monitoreo de medios - consolidado 2026
C. C.  LA PIAZZA,sitios_apps,2026,9513.9,pendiente,Monitoreo de medios - consolidado 2026
CARVAJAL,sitios_apps,2026,9171.86,pendiente,Monitoreo de medios - consolidado 2026
RADIO UNICA 94.5 FM,radio,2026,6267.41,pendiente,Monitoreo de medios - consolidado 2026
ALBA DEL BOSQUE,sitios_apps,2026,9245.57,pendiente,Monitoreo de medios - consolidado 2026
RAYENTERTAIMENT,radio,2026,8562.02,pendiente,Monitoreo de medios - consolidado 2026
NOCOL,tv_abierta,2026,5528.25,pendiente,Monitoreo de medios - consolidado 2026
DECOKASA,sitios_apps,2026,9343.19,pendiente,Monitoreo de medios - consolidado 2026
PROAIRES S.A,sitios_apps,2026,9524.84,pendiente,Monitoreo de medios - consolidado 2026
FAINA,radio,2026,11020.59,pendiente,Monitoreo de medios - consolidado 2026
NEUTRADERM,sitios_apps,2026,9112.19,pendiente,Monitoreo de medios - consolidado 2026
MULTIRAICES,sitios_apps,2026,7783.61,pendiente,Monitoreo de medios - consolidado 2026
MULTIRAICES,prensa,2026,1185.43,pendiente,Monitoreo de medios - consolidado 2026
RESGASA,sitios_apps,2026,6581.47,pendiente,Monitoreo de medios - consolidado 2026
RESGASA,prensa,2026,3186.54,pendiente,Monitoreo de medios - consolidado 2026
RESGASA,radio,2026,211.45,pendiente,Monitoreo de medios - consolidado 2026
BUDOKAN,sitios_apps,2026,1400.1,pendiente,Monitoreo de medios - consolidado 2026
BUDOKAN,prensa,2026,5114.39,pendiente,Monitoreo de medios - consolidado 2026
GLOBAL SHOES,sitios_apps,2026,9212.22,pendiente,Monitoreo de medios - consolidado 2026
ADEN BUSINESS SCHOOL,radio,2026,6730.34,pendiente,Monitoreo de medios - consolidado 2026
ANDRES BORBOR,radio,2026,5250.6,pendiente,Monitoreo de medios - consolidado 2026
CVIALCO,sitios_apps,2026,8780.61,pendiente,Monitoreo de medios - consolidado 2026
BAN ECUADOR,sitios_apps,2026,84.61,pendiente,Monitoreo de medios - consolidado 2026
BAN ECUADOR,prensa,2026,5107.32,pendiente,Monitoreo de medios - consolidado 2026
BAN ECUADOR,radio,2026,3926.48,pendiente,Monitoreo de medios - consolidado 2026
BAN ECUADOR,tv_paga,2026,17.74,pendiente,Monitoreo de medios - consolidado 2026
EDCA BRAND,sitios_apps,2026,9154.66,pendiente,Monitoreo de medios - consolidado 2026
INDUNIDAS,sitios_apps,2026,8902.07,pendiente,Monitoreo de medios - consolidado 2026
SMART,sitios_apps,2026,8543.33,pendiente,Monitoreo de medios - consolidado 2026
CITY MALL,sitios_apps,2026,6893.9,pendiente,Monitoreo de medios - consolidado 2026
CITY MALL,radio,2026,1270.04,pendiente,Monitoreo de medios - consolidado 2026
E.MAULME,sitios_apps,2026,4949.73,pendiente,Monitoreo de medios - consolidado 2026
E.MAULME,radio,2026,4789.7,pendiente,Monitoreo de medios - consolidado 2026
220 V,sitios_apps,2026,8560.57,pendiente,Monitoreo de medios - consolidado 2026
MUNICIPIO DE SALINAS,prensa,2026,10983.92,pendiente,Monitoreo de medios - consolidado 2026
SANTANDER TAITA,prensa,2026,12146.86,pendiente,Monitoreo de medios - consolidado 2026
SPECTRUM BRANDS,sitios_apps,2026,8898.18,pendiente,Monitoreo de medios - consolidado 2026
UNIVERSAL PICTURES,sitios_apps,2026,7803.34,pendiente,Monitoreo de medios - consolidado 2026
UNIVERSAL PICTURES,radio,2026,1196.23,pendiente,Monitoreo de medios - consolidado 2026
CARFEST,prensa,2026,3693.7,pendiente,Monitoreo de medios - consolidado 2026
CARFEST,radio,2026,4195.12,pendiente,Monitoreo de medios - consolidado 2026
CAJUN REST.,sitios_apps,2026,8580.41,pendiente,Monitoreo de medios - consolidado 2026
FEEL THE CLUB,sitios_apps,2026,8808.72,pendiente,Monitoreo de medios - consolidado 2026
ALLI MIKUNA ECUADORIAN TOURS,radio,2026,9537.71,pendiente,Monitoreo de medios - consolidado 2026
10K RUTA DE LAS IGLESIAS,prensa,2026,5742.92,pendiente,Monitoreo de medios - consolidado 2026
GRUPO GAMMA,radio,2026,4042.37,pendiente,Monitoreo de medios - consolidado 2026
GOLDEN BEAR,sitios_apps,2026,4760.33,pendiente,Monitoreo de medios - consolidado 2026
GOLDEN BEAR,radio,2026,3910.35,pendiente,Monitoreo de medios - consolidado 2026
KINGSTON TECHNOLOGY,sitios_apps,2026,8349.87,pendiente,Monitoreo de medios - consolidado 2026
CANNES LIONS,prensa,2026,10499.62,pendiente,Monitoreo de medios - consolidado 2026
SALSA CON HISTORIA,radio,2026,5138.68,pendiente,Monitoreo de medios - consolidado 2026
SUPER BOARD,sitios_apps,2026,8480.73,pendiente,Monitoreo de medios - consolidado 2026
ROMERAL LTDA.,sitios_apps,2026,8285.12,pendiente,Monitoreo de medios - consolidado 2026
COOP. COOPERCO,sitios_apps,2026,8501.04,pendiente,Monitoreo de medios - consolidado 2026
MUNICIPIO DEL CANTON DE CHONE,tv_abierta,2026,1075.67,pendiente,Monitoreo de medios - consolidado 2026
MICHALON DENTAL,sitios_apps,2026,8205.7,pendiente,Monitoreo de medios - consolidado 2026
CONSTRUMERCADO S.A,sitios_apps,2026,6639.95,pendiente,Monitoreo de medios - consolidado 2026
CONSTRUMERCADO S.A,radio,2026,1673.36,pendiente,Monitoreo de medios - consolidado 2026
DISEÑOS TIENDA MODA,tv_abierta,2026,3212.61,pendiente,Monitoreo de medios - consolidado 2026
CORP. MUCHO MEJOR ECUADOR,sitios_apps,2026,2988.27,pendiente,Monitoreo de medios - consolidado 2026
CORP. MUCHO MEJOR ECUADOR,prensa,2026,7259.62,pendiente,Monitoreo de medios - consolidado 2026
DISTRIBUFARMPLUS,sitios_apps,2026,7960.55,pendiente,Monitoreo de medios - consolidado 2026
VITAMINWAY,sitios_apps,2026,7641.33,pendiente,Monitoreo de medios - consolidado 2026
CARTOPEL S.A.,revistas,2026,12162.15,pendiente,Monitoreo de medios - consolidado 2026
VITAPRO,sitios_apps,2026,7191.04,pendiente,Monitoreo de medios - consolidado 2026
VITAPRO,revistas,2026,1415.7,pendiente,Monitoreo de medios - consolidado 2026
ROUTE 21 PRODUCCIONES,prensa,2026,730.95,pendiente,Monitoreo de medios - consolidado 2026
ROUTE 21 PRODUCCIONES,radio,2026,2103.11,pendiente,Monitoreo de medios - consolidado 2026
CAT,sitios_apps,2026,7916.22,pendiente,Monitoreo de medios - consolidado 2026
ALMACENES COSAS DE CASA,sitios_apps,2026,3876.26,pendiente,Monitoreo de medios - consolidado 2026
ALMACENES COSAS DE CASA,radio,2026,4471.74,pendiente,Monitoreo de medios - consolidado 2026
IGLESIA UNIVERSAL DEL REINO DE DIOS,tv_abierta,2026,2181.62,pendiente,Monitoreo de medios - consolidado 2026
MAZZEL,sitios_apps,2026,7886.32,pendiente,Monitoreo de medios - consolidado 2026
NESEC,prensa,2026,8375.43,pendiente,Monitoreo de medios - consolidado 2026
NESEC,otros,2026,1911.14,pendiente,Monitoreo de medios - consolidado 2026
CUADERNOS ESCRIBE,sitios_apps,2026,6208.43,pendiente,Monitoreo de medios - consolidado 2026
CUADERNOS ESCRIBE,radio,2026,2274.22,pendiente,Monitoreo de medios - consolidado 2026
ALEXXIA PHARMA S. A.,prensa,2026,10936.92,pendiente,Monitoreo de medios - consolidado 2026
AUDIO AUTO,sitios_apps,2026,8143.64,pendiente,Monitoreo de medios - consolidado 2026
DISTABLASA,sitios_apps,2026,6835.86,pendiente,Monitoreo de medios - consolidado 2026
DISTABLASA,revistas,2026,1158.3,pendiente,Monitoreo de medios - consolidado 2026
AGLOMERADOS COTOPAXI S. A.,sitios_apps,2026,7851.37,pendiente,Monitoreo de medios - consolidado 2026
UNIV. INTERNACIONAL SEK,sitios_apps,2026,280.02,pendiente,Monitoreo de medios - consolidado 2026
UNIV. INTERNACIONAL SEK,radio,2026,5582.09,pendiente,Monitoreo de medios - consolidado 2026
UNIV. INTERNACIONAL SEK,revistas,2026,965.25,pendiente,Monitoreo de medios - consolidado 2026
PURE NATURE,sitios_apps,2026,7736.4,pendiente,Monitoreo de medios - consolidado 2026
FACTURERO MOVIL,sitios_apps,2026,7989.48,pendiente,Monitoreo de medios - consolidado 2026
SPORTMANCAR,tv_abierta,2026,1027.35,pendiente,Monitoreo de medios - consolidado 2026
VETO ( MATERIALES ELECTRICOS,sitios_apps,2026,7620.5,pendiente,Monitoreo de medios - consolidado 2026
CERAGEM S.A.,sitios_apps,2026,7978.42,pendiente,Monitoreo de medios - consolidado 2026
ASEGURADORA DEL SUR C.A.,sitios_apps,2026,5972.68,pendiente,Monitoreo de medios - consolidado 2026
ASEGURADORA DEL SUR C.A.,radio,2026,312.42,pendiente,Monitoreo de medios - consolidado 2026
ASEGURADORA DEL SUR C.A.,revistas,2026,2303.73,pendiente,Monitoreo de medios - consolidado 2026
UNID. EDUC. SIR THOMAS MORE,sitios_apps,2026,7900.24,pendiente,Monitoreo de medios - consolidado 2026
ALMACENES ESPAÑA,sitios_apps,2026,7638.79,pendiente,Monitoreo de medios - consolidado 2026
CAMIONES IMBAUTO,sitios_apps,2026,6863.15,pendiente,Monitoreo de medios - consolidado 2026
CAMIONES IMBAUTO,revistas,2026,965.25,pendiente,Monitoreo de medios - consolidado 2026
BENDO,sitios_apps,2026,7117.85,pendiente,Monitoreo de medios - consolidado 2026
GRUPASA - GRUPO PAPELESA,prensa,2026,8375.43,pendiente,Monitoreo de medios - consolidado 2026
GRUPASA - GRUPO PAPELESA,revistas,2026,1415.7,pendiente,Monitoreo de medios - consolidado 2026
BUGGATTI,sitios_apps,2026,7056.51,pendiente,Monitoreo de medios - consolidado 2026
BUGGATTI,radio,2026,577.96,pendiente,Monitoreo de medios - consolidado 2026
EDCASPORT S.A,sitios_apps,2026,7810.95,pendiente,Monitoreo de medios - consolidado 2026
DANY,sitios_apps,2026,7781.36,pendiente,Monitoreo de medios - consolidado 2026
PINTO,sitios_apps,2026,7707.33,pendiente,Monitoreo de medios - consolidado 2026
ACIUM,sitios_apps,2026,7438.22,pendiente,Monitoreo de medios - consolidado 2026
EUROPEAN BUSINESS SCHOOL,sitios_apps,2026,7611.3,pendiente,Monitoreo de medios - consolidado 2026
DOLUPA,sitios_apps,2026,7408.24,pendiente,Monitoreo de medios - consolidado 2026
KOBE SUSHI EXPRESS,sitios_apps,2026,6949.87,pendiente,Monitoreo de medios - consolidado 2026
KOBE SUSHI EXPRESS,radio,2026,69.91,pendiente,Monitoreo de medios - consolidado 2026
TOPTRADING,revistas,2026,9961.38,pendiente,Monitoreo de medios - consolidado 2026
TOPTRADING,otros,2026,1178.95,pendiente,Monitoreo de medios - consolidado 2026
ALESSA,sitios_apps,2026,840.06,pendiente,Monitoreo de medios - consolidado 2026
ALESSA,prensa,2026,792.88,pendiente,Monitoreo de medios - consolidado 2026
ALESSA,tv_abierta,2026,1317.98,pendiente,Monitoreo de medios - consolidado 2026
CONDU ACADEMY,radio,2026,8535.16,pendiente,Monitoreo de medios - consolidado 2026
PLASTIGAMA,sitios_apps,2026,4883.48,pendiente,Monitoreo de medios - consolidado 2026
PLASTIGAMA,revistas,2026,3667.95,pendiente,Monitoreo de medios - consolidado 2026
DPISAR,sitios_apps,2026,4603.61,pendiente,Monitoreo de medios - consolidado 2026
DPISAR,radio,2026,2647.96,pendiente,Monitoreo de medios - consolidado 2026
PLUS OPTICAL,radio,2026,11328.41,pendiente,Monitoreo de medios - consolidado 2026
HIVIMAR,sitios_apps,2026,7355.13,pendiente,Monitoreo de medios - consolidado 2026
FUNDACION NUEVO AMANECER,sitios_apps,2026,7236.53,pendiente,Monitoreo de medios - consolidado 2026
ACEROS AREQUIPA,sitios_apps,2026,7494.16,pendiente,Monitoreo de medios - consolidado 2026
ACEROS AREQUIPA,radio,2026,35.84,pendiente,Monitoreo de medios - consolidado 2026
COOP. CACPECO LTDA.,sitios_apps,2026,4761.78,pendiente,Monitoreo de medios - consolidado 2026
COOP. CACPECO LTDA.,prensa,2026,3291.03,pendiente,Monitoreo de medios - consolidado 2026
COOP. CACPECO LTDA.,radio,2026,25.93,pendiente,Monitoreo de medios - consolidado 2026
DELFOS CENT. DE ESTUDIOS,sitios_apps,2026,3886.44,pendiente,Monitoreo de medios - consolidado 2026
DELFOS CENT. DE ESTUDIOS,otros,2026,4341.6,pendiente,Monitoreo de medios - consolidado 2026
EL MAESTRO,sitios_apps,2026,1023.78,pendiente,Monitoreo de medios - consolidado 2026
EL MAESTRO,prensa,2026,145.53,pendiente,Monitoreo de medios - consolidado 2026
EL MAESTRO,tv_abierta,2026,806.83,pendiente,Monitoreo de medios - consolidado 2026
DR. LEONARDO ZAMBRANO,tv_abierta,2026,2522.5,pendiente,Monitoreo de medios - consolidado 2026
TUKO,sitios_apps,2026,7219.73,pendiente,Monitoreo de medios - consolidado 2026
DUNLOP,sitios_apps,2026,7096.5,pendiente,Monitoreo de medios - consolidado 2026
BODEGAS DEPORIVAS,sitios_apps,2026,7440.6,pendiente,Monitoreo de medios - consolidado 2026
DIPASO S.A.,sitios_apps,2026,6320.41,pendiente,Monitoreo de medios - consolidado 2026
DIPASO S.A.,radio,2026,821.89,pendiente,Monitoreo de medios - consolidado 2026
BANCO PROCREDIT,sitios_apps,2026,6765.16,pendiente,Monitoreo de medios - consolidado 2026
RAQUILSA,sitios_apps,2026,7422.41,pendiente,Monitoreo de medios - consolidado 2026
HOSPITAL DEL HOLDING,sitios_apps,2026,2739.85,pendiente,Monitoreo de medios - consolidado 2026
HOSPITAL DEL HOLDING,revistas,2026,965.25,pendiente,Monitoreo de medios - consolidado 2026
HOSPITAL DEL HOLDING,tv_abierta,2026,1473.02,pendiente,Monitoreo de medios - consolidado 2026
CORP. QUEZADA,sitios_apps,2026,7092.86,pendiente,Monitoreo de medios - consolidado 2026
DP WORLD,sitios_apps,2026,7144.97,pendiente,Monitoreo de medios - consolidado 2026
UNIV. METROPOLITANA,sitios_apps,2026,6164.81,pendiente,Monitoreo de medios - consolidado 2026
UNIV. METROPOLITANA,prensa,2026,247.89,pendiente,Monitoreo de medios - consolidado 2026
IMPORT. REGALADO S.A.,sitios_apps,2026,7086.88,pendiente,Monitoreo de medios - consolidado 2026
ACIMCO,sitios_apps,2026,7320.25,pendiente,Monitoreo de medios - consolidado 2026
XTREME ENTERTAINMENT,radio,2026,9282.49,pendiente,Monitoreo de medios - consolidado 2026
CRISFE FUND.,sitios_apps,2026,6355.32,pendiente,Monitoreo de medios - consolidado 2026
TECNOLOGICO SAN ANTONIO,radio,2026,231.05,pendiente,Monitoreo de medios - consolidado 2026
TECNOLOGICO SAN ANTONIO,tv_abierta,2026,3059.26,pendiente,Monitoreo de medios - consolidado 2026
COOP. CREDIYA LTDA,sitios_apps,2026,7190.96,pendiente,Monitoreo de medios - consolidado 2026
BMW,sitios_apps,2026,6916.56,pendiente,Monitoreo de medios - consolidado 2026
VITEFAMA,sitios_apps,2026,2373.24,pendiente,Monitoreo de medios - consolidado 2026
VITEFAMA,radio,2026,5654.2,pendiente,Monitoreo de medios - consolidado 2026
BUFFALO GRILL,sitios_apps,2026,6914.96,pendiente,Monitoreo de medios - consolidado 2026
SEVEN SEVEN,sitios_apps,2026,7154.1,pendiente,Monitoreo de medios - consolidado 2026
LA UNIVERSAL,sitios_apps,2026,4340.3,pendiente,Monitoreo de medios - consolidado 2026
LA UNIVERSAL,prensa,2026,1704.79,pendiente,Monitoreo de medios - consolidado 2026
BORN,sitios_apps,2026,7166.5,pendiente,Monitoreo de medios - consolidado 2026
ECUA AMERICAN,radio,2026,4164.79,pendiente,Monitoreo de medios - consolidado 2026
CENTRAL 593,sitios_apps,2026,329.07,pendiente,Monitoreo de medios - consolidado 2026
CENTRAL 593,radio,2026,6280.94,pendiente,Monitoreo de medios - consolidado 2026
CENTRO  ALEMAN,otros,2026,8683.2,pendiente,Monitoreo de medios - consolidado 2026
EL CANAL DEL FUTBOL.COM,radio,2026,2450.28,pendiente,Monitoreo de medios - consolidado 2026
EL CANAL DEL FUTBOL.COM,tv_abierta,2026,1630.73,pendiente,Monitoreo de medios - consolidado 2026
ZHONGOXING,sitios_apps,2026,6891.01,pendiente,Monitoreo de medios - consolidado 2026
PANINI,radio,2026,9609.38,pendiente,Monitoreo de medios - consolidado 2026
GONET,sitios_apps,2026,6744.28,pendiente,Monitoreo de medios - consolidado 2026
DERMA-ESTHETIC,radio,2026,6720.09,pendiente,Monitoreo de medios - consolidado 2026
COALICION MOVILIDAD SEGURA,sitios_apps,2026,6279.33,pendiente,Monitoreo de medios - consolidado 2026
DIBEAL CIA.LTDA,sitios_apps,2026,7020.23,pendiente,Monitoreo de medios - consolidado 2026
PROTECCION ANIMAL ECUADOR,sitios_apps,2026,6720.02,pendiente,Monitoreo de medios - consolidado 2026
SALCEDO MOTORS,sitios_apps,2026,883.32,pendiente,Monitoreo de medios - consolidado 2026
SALCEDO MOTORS,radio,2026,6040.3,pendiente,Monitoreo de medios - consolidado 2026
ADELCA ACERIA DEL ECUADOR,sitios_apps,2026,5952.78,pendiente,Monitoreo de medios - consolidado 2026
ADELCA ACERIA DEL ECUADOR,revistas,2026,1364.22,pendiente,Monitoreo de medios - consolidado 2026
HELADOS LOS COQUEIROS,sitios_apps,2026,6259.52,pendiente,Monitoreo de medios - consolidado 2026
HELADOS LOS COQUEIROS,radio,2026,144.15,pendiente,Monitoreo de medios - consolidado 2026
AUTOMOTORES CONTINENTAL,sitios_apps,2026,4777.01,pendiente,Monitoreo de medios - consolidado 2026
AUTOMOTORES CONTINENTAL,radio,2026,1603.31,pendiente,Monitoreo de medios - consolidado 2026
AUTOMOTORES CONTINENTAL,revistas,2026,965.25,pendiente,Monitoreo de medios - consolidado 2026
ECKO MUSIC,sitios_apps,2026,6749.38,pendiente,Monitoreo de medios - consolidado 2026
PROSOL,sitios_apps,2026,6920.87,pendiente,Monitoreo de medios - consolidado 2026
PROSOL,radio,2026,4.26,pendiente,Monitoreo de medios - consolidado 2026
SELLO AZUL,sitios_apps,2026,6592.47,pendiente,Monitoreo de medios - consolidado 2026
PAPELERA NACIONAL,sitios_apps,2026,1734.2,pendiente,Monitoreo de medios - consolidado 2026
PAPELERA NACIONAL,prensa,2026,161.01,pendiente,Monitoreo de medios - consolidado 2026
PAPELERA NACIONAL,revistas,2026,3976.83,pendiente,Monitoreo de medios - consolidado 2026
PAPELERA NACIONAL,otros,2026,2883.14,pendiente,Monitoreo de medios - consolidado 2026
TAPIORICA,sitios_apps,2026,6576.49,pendiente,Monitoreo de medios - consolidado 2026
VIEJO VERDE,sitios_apps,2026,6892.19,pendiente,Monitoreo de medios - consolidado 2026
IMEVI,sitios_apps,2026,6560.47,pendiente,Monitoreo de medios - consolidado 2026
I.T.V.,prensa,2026,5612.72,pendiente,Monitoreo de medios - consolidado 2026
I.T.V.,radio,2026,112.0,pendiente,Monitoreo de medios - consolidado 2026
SOLAVENIR,radio,2026,6280.73,pendiente,Monitoreo de medios - consolidado 2026
LISTO!,sitios_apps,2026,6664.65,pendiente,Monitoreo de medios - consolidado 2026
GUS,sitios_apps,2026,6492.45,pendiente,Monitoreo de medios - consolidado 2026
PURIGI,sitios_apps,2026,5088.33,pendiente,Monitoreo de medios - consolidado 2026
PURIGI,revistas,2026,1222.94,pendiente,Monitoreo de medios - consolidado 2026
KG WINGS AND RIBS,sitios_apps,2026,6764.27,pendiente,Monitoreo de medios - consolidado 2026
SU FARMACIA,sitios_apps,2026,6440.44,pendiente,Monitoreo de medios - consolidado 2026
STARLINK,sitios_apps,2026,6038.81,pendiente,Monitoreo de medios - consolidado 2026
OPTICOM,sitios_apps,2026,280.02,pendiente,Monitoreo de medios - consolidado 2026
OPTICOM,radio,2026,5782.95,pendiente,Monitoreo de medios - consolidado 2026
LE PARC HOTEL,sitios_apps,2026,620.57,pendiente,Monitoreo de medios - consolidado 2026
LE PARC HOTEL,radio,2026,4503.47,pendiente,Monitoreo de medios - consolidado 2026
LE PARC HOTEL,tv_abierta,2026,999.72,pendiente,Monitoreo de medios - consolidado 2026
MISHQUIS CAFE & REPOSTERIA,sitios_apps,2026,6508.16,pendiente,Monitoreo de medios - consolidado 2026
LAGO DE CAPEIRA,sitios_apps,2026,6413.25,pendiente,Monitoreo de medios - consolidado 2026
PRIME NUTRITION,sitios_apps,2026,6563.71,pendiente,Monitoreo de medios - consolidado 2026
INCOP,radio,2026,5387.9,pendiente,Monitoreo de medios - consolidado 2026
LLANTAS247.COM,sitios_apps,2026,1692.82,pendiente,Monitoreo de medios - consolidado 2026
LLANTAS247.COM,prensa,2026,1699.06,pendiente,Monitoreo de medios - consolidado 2026
LLANTAS247.COM,radio,2026,2527.27,pendiente,Monitoreo de medios - consolidado 2026
FGM DENTAL,sitios_apps,2026,6447.44,pendiente,Monitoreo de medios - consolidado 2026
LA PIAZZA LOS CEIBOS,sitios_apps,2026,6490.46,pendiente,Monitoreo de medios - consolidado 2026
FONDO BIOCORREDOR AMAZONICO,radio,2026,8206.64,pendiente,Monitoreo de medios - consolidado 2026
UNIV. BOLIVARIANA DEL ECUADOR,sitios_apps,2026,280.02,pendiente,Monitoreo de medios - consolidado 2026
UNIV. BOLIVARIANA DEL ECUADOR,radio,2026,2296.42,pendiente,Monitoreo de medios - consolidado 2026
UNIV. BOLIVARIANA DEL ECUADOR,revistas,2026,933.08,pendiente,Monitoreo de medios - consolidado 2026
UNIV. BOLIVARIANA DEL ECUADOR,tv_abierta,2026,142.42,pendiente,Monitoreo de medios - consolidado 2026
QUICORNAC,sitios_apps,2026,6518.68,pendiente,Monitoreo de medios - consolidado 2026
INDUAUTO,sitios_apps,2026,447.76,pendiente,Monitoreo de medios - consolidado 2026
INDUAUTO,prensa,2026,921.23,pendiente,Monitoreo de medios - consolidado 2026
INDUAUTO,radio,2026,3368.57,pendiente,Monitoreo de medios - consolidado 2026
FUNKY FISH,sitios_apps,2026,6382.27,pendiente,Monitoreo de medios - consolidado 2026
ODONTALIA,radio,2026,4385.56,pendiente,Monitoreo de medios - consolidado 2026
ECUASAL,sitios_apps,2026,6196.41,pendiente,Monitoreo de medios - consolidado 2026
COLTUR,prensa,2026,5398.98,pendiente,Monitoreo de medios - consolidado 2026
AGUA MANA,sitios_apps,2026,5453.31,pendiente,Monitoreo de medios - consolidado 2026
AGUA MANA,radio,2026,313.37,pendiente,Monitoreo de medios - consolidado 2026
AGUA MANA,otros,2026,572.4,pendiente,Monitoreo de medios - consolidado 2026
CHARDON,sitios_apps,2026,6216.15,pendiente,Monitoreo de medios - consolidado 2026
INNOVA,radio,2026,8457.95,pendiente,Monitoreo de medios - consolidado 2026
KLDERO,sitios_apps,2026,6435.22,pendiente,Monitoreo de medios - consolidado 2026
DOLCE INCONTRO,sitios_apps,2026,6221.5,pendiente,Monitoreo de medios - consolidado 2026
MALL EL FORTIN,radio,2026,6193.38,pendiente,Monitoreo de medios - consolidado 2026
MERCEDES BENZ,sitios_apps,2026,6274.74,pendiente,Monitoreo de medios - consolidado 2026
OM PHARMA,sitios_apps,2026,6172.66,pendiente,Monitoreo de medios - consolidado 2026
INTERCOMMERCE S.A.,radio,2026,7275.13,pendiente,Monitoreo de medios - consolidado 2026
NATUCAM S. A.,sitios_apps,2026,3737.34,pendiente,Monitoreo de medios - consolidado 2026
NATUCAM S. A.,radio,2026,2040.98,pendiente,Monitoreo de medios - consolidado 2026
IND.CONSERVAS DEL GUAYAS,tv_abierta,2026,811.35,pendiente,Monitoreo de medios - consolidado 2026
UNIV. DEL AZUAY,sitios_apps,2026,5588.29,pendiente,Monitoreo de medios - consolidado 2026
UNIV. DEL AZUAY,prensa,2026,110.22,pendiente,Monitoreo de medios - consolidado 2026
MAQUITEX CORP,sitios_apps,2026,6288.94,pendiente,Monitoreo de medios - consolidado 2026
YOUNG LIONS,prensa,2026,7667.53,pendiente,Monitoreo de medios - consolidado 2026
MITSUBISHI MOTORS,sitios_apps,2026,2418.09,pendiente,Monitoreo de medios - consolidado 2026
MITSUBISHI MOTORS,radio,2026,3933.28,pendiente,Monitoreo de medios - consolidado 2026
MITSUBISHI MOTORS,revistas,2026,1930.5,pendiente,Monitoreo de medios - consolidado 2026
POLIPAPEL,sitios_apps,2026,2643.76,pendiente,Monitoreo de medios - consolidado 2026
POLIPAPEL,otros,2026,4341.6,pendiente,Monitoreo de medios - consolidado 2026
GARZA ROJA PARQUE CLUB,radio,2026,12094.11,pendiente,Monitoreo de medios - consolidado 2026
EMCOVISA S.A.,radio,2026,14.45,pendiente,Monitoreo de medios - consolidado 2026
EMCOVISA S.A.,revistas,2026,9009.0,pendiente,Monitoreo de medios - consolidado 2026
GONG EL SARTEN CHINO,sitios_apps,2026,6029.34,pendiente,Monitoreo de medios - consolidado 2026
ENERGIZER,sitios_apps,2026,840.06,pendiente,Monitoreo de medios - consolidado 2026
ENERGIZER,radio,2026,7470.23,pendiente,Monitoreo de medios - consolidado 2026
STARBUCKS,sitios_apps,2026,5252.36,pendiente,Monitoreo de medios - consolidado 2026
STARBUCKS,revistas,2026,965.25,pendiente,Monitoreo de medios - consolidado 2026
HOYU CO. LTD.,sitios_apps,2026,6117.74,pendiente,Monitoreo de medios - consolidado 2026
CARSEG,sitios_apps,2026,3851.96,pendiente,Monitoreo de medios - consolidado 2026
CARSEG,radio,2026,1315.44,pendiente,Monitoreo de medios - consolidado 2026
PROTECIN,radio,2026,8038.39,pendiente,Monitoreo de medios - consolidado 2026
MUNICIPIO DE SAN JACINTO DE YAGUACHI,prensa,2026,3139.78,pendiente,Monitoreo de medios - consolidado 2026
MUNICIPIO DE SAN JACINTO DE YAGUACHI,radio,2026,3584.09,pendiente,Monitoreo de medios - consolidado 2026
SALUD AUDITIVA,sitios_apps,2026,5804.4,pendiente,Monitoreo de medios - consolidado 2026
PHISIQUE,sitios_apps,2026,2938.29,pendiente,Monitoreo de medios - consolidado 2026
PHISIQUE,radio,2026,21.0,pendiente,Monitoreo de medios - consolidado 2026
PHISIQUE,revistas,2026,4472.32,pendiente,Monitoreo de medios - consolidado 2026
GARZA (DETERGENTE),sitios_apps,2026,6069.59,pendiente,Monitoreo de medios - consolidado 2026
JIANGXI ISUZU MOTORS,tv_abierta,2026,5478.4,pendiente,Monitoreo de medios - consolidado 2026
LANCER,sitios_apps,2026,5381.04,pendiente,Monitoreo de medios - consolidado 2026
DORMEL,sitios_apps,2026,6014.74,pendiente,Monitoreo de medios - consolidado 2026
CARTER´S,sitios_apps,2026,5011.17,pendiente,Monitoreo de medios - consolidado 2026
CARTER´S,radio,2026,186.2,pendiente,Monitoreo de medios - consolidado 2026
CARTER´S,tv_abierta,2026,118.53,pendiente,Monitoreo de medios - consolidado 2026
INTERNATIONAL HAIR CLINIC,sitios_apps,2026,5652.4,pendiente,Monitoreo de medios - consolidado 2026
EQUIFAX S.A.,sitios_apps,2026,5890.4,pendiente,Monitoreo de medios - consolidado 2026
DR. PELO,radio,2026,6299.04,pendiente,Monitoreo de medios - consolidado 2026
GAP,sitios_apps,2026,5612.68,pendiente,Monitoreo de medios - consolidado 2026
PAGA MENOS,sitios_apps,2026,5914.16,pendiente,Monitoreo de medios - consolidado 2026
AUTOCOMERCIO ASTUDILLO,sitios_apps,2026,5046.06,pendiente,Monitoreo de medios - consolidado 2026
REMECO,sitios_apps,2026,5449.31,pendiente,Monitoreo de medios - consolidado 2026
INDIAN MOTOS,sitios_apps,2026,5676.84,pendiente,Monitoreo de medios - consolidado 2026
CEMENTERIO GENERAL GUAYAQUIL,sitios_apps,2026,3686.11,pendiente,Monitoreo de medios - consolidado 2026
CEMENTERIO GENERAL GUAYAQUIL,radio,2026,1670.24,pendiente,Monitoreo de medios - consolidado 2026
CERVEZA SOL,sitios_apps,2026,5604.32,pendiente,Monitoreo de medios - consolidado 2026
ROCK STONE,sitios_apps,2026,5610.28,pendiente,Monitoreo de medios - consolidado 2026
SCALA SHOPPING,sitios_apps,2026,329.07,pendiente,Monitoreo de medios - consolidado 2026
SCALA SHOPPING,radio,2026,4254.34,pendiente,Monitoreo de medios - consolidado 2026
SCALA SHOPPING,revistas,2026,1222.94,pendiente,Monitoreo de medios - consolidado 2026
SCALA SHOPPING,tv_abierta,2026,85.82,pendiente,Monitoreo de medios - consolidado 2026
LAAR COURIER,sitios_apps,2026,3587.0,pendiente,Monitoreo de medios - consolidado 2026
LAAR COURIER,prensa,2026,175.5,pendiente,Monitoreo de medios - consolidado 2026
LAAR COURIER,radio,2026,1635.59,pendiente,Monitoreo de medios - consolidado 2026
IBERIA,sitios_apps,2026,5697.24,pendiente,Monitoreo de medios - consolidado 2026
GOBIERNO DE LA PROV. DE LOS RIOS,radio,2026,5694.92,pendiente,Monitoreo de medios - consolidado 2026
FALKEN,sitios_apps,2026,5455.49,pendiente,Monitoreo de medios - consolidado 2026
TRAVELAND EC,radio,2026,6439.32,pendiente,Monitoreo de medios - consolidado 2026
RENE CHARDON,sitios_apps,2026,5400.39,pendiente,Monitoreo de medios - consolidado 2026
SUBARU,sitios_apps,2026,5349.98,pendiente,Monitoreo de medios - consolidado 2026
SUPER COLCHON,prensa,2026,4705.82,pendiente,Monitoreo de medios - consolidado 2026
COOP. TULCAN,radio,2026,5406.15,pendiente,Monitoreo de medios - consolidado 2026
COOP. TULCAN,revistas,2026,965.25,pendiente,Monitoreo de medios - consolidado 2026
HERBALIFE,sitios_apps,2026,5342.48,pendiente,Monitoreo de medios - consolidado 2026
HERBALIFE,tv_abierta,2026,44.0,pendiente,Monitoreo de medios - consolidado 2026
UNIV. CATOLICA DE CUENCA,sitios_apps,2026,2802.28,pendiente,Monitoreo de medios - consolidado 2026
UNIV. CATOLICA DE CUENCA,prensa,2026,924.66,pendiente,Monitoreo de medios - consolidado 2026
UNIV. CATOLICA DE CUENCA,radio,2026,2048.35,pendiente,Monitoreo de medios - consolidado 2026
KREDISEGUROS,sitios_apps,2026,5568.03,pendiente,Monitoreo de medios - consolidado 2026
CASAS (COSAS),revistas,2026,8108.1,pendiente,Monitoreo de medios - consolidado 2026
DEEPAL,sitios_apps,2026,3768.27,pendiente,Monitoreo de medios - consolidado 2026
DEEPAL,revistas,2026,2316.6,pendiente,Monitoreo de medios - consolidado 2026
MOVIES,sitios_apps,2026,5514.91,pendiente,Monitoreo de medios - consolidado 2026
ALMACENES JAPON,sitios_apps,2026,5311.53,pendiente,Monitoreo de medios - consolidado 2026
GOLDEN PRAGUE,sitios_apps,2026,5521.13,pendiente,Monitoreo de medios - consolidado 2026
POLICIA NACIONAL,sitios_apps,2026,4872.34,pendiente,Monitoreo de medios - consolidado 2026
POLICIA NACIONAL,prensa,2026,548.5,pendiente,Monitoreo de medios - consolidado 2026
DON DOG,radio,2026,6156.72,pendiente,Monitoreo de medios - consolidado 2026
STEREN,sitios_apps,2026,5408.04,pendiente,Monitoreo de medios - consolidado 2026
TERMINAL TERRESTRE DE GQUIL.,prensa,2026,5266.84,pendiente,Monitoreo de medios - consolidado 2026
TERMINAL TERRESTRE DE GQUIL.,radio,2026,1008.9,pendiente,Monitoreo de medios - consolidado 2026
GASTRO CENTER,sitios_apps,2026,4999.28,pendiente,Monitoreo de medios - consolidado 2026
GASTRO CENTER,radio,2026,640.14,pendiente,Monitoreo de medios - consolidado 2026
BATA,sitios_apps,2026,5458.34,pendiente,Monitoreo de medios - consolidado 2026
MOZIONI,sitios_apps,2026,5466.28,pendiente,Monitoreo de medios - consolidado 2026
PAN PANCITO,radio,2026,5309.74,pendiente,Monitoreo de medios - consolidado 2026
CHIROBET,radio,2026,4761.44,pendiente,Monitoreo de medios - consolidado 2026
INDOMABLE,sitios_apps,2026,5429.69,pendiente,Monitoreo de medios - consolidado 2026
CONSORCIO ALIMEC,sitios_apps,2026,5217.34,pendiente,Monitoreo de medios - consolidado 2026
BANCO SUDAMERICANO,prensa,2026,7313.4,pendiente,Monitoreo de medios - consolidado 2026
URAGA,sitios_apps,2026,5299.97,pendiente,Monitoreo de medios - consolidado 2026
DURAKO,sitios_apps,2026,5352.69,pendiente,Monitoreo de medios - consolidado 2026
INSTAVET,sitios_apps,2026,5063.89,pendiente,Monitoreo de medios - consolidado 2026
INSTAVET,radio,2026,105.32,pendiente,Monitoreo de medios - consolidado 2026
CUERPO DE BOMBEROS SAMBORONDON,radio,2026,5186.71,pendiente,Monitoreo de medios - consolidado 2026
COOP. AMBATO,radio,2026,3746.78,pendiente,Monitoreo de medios - consolidado 2026
COOP. AMBATO,revistas,2026,965.25,pendiente,Monitoreo de medios - consolidado 2026
LIFE COLLEGE INTERNACIONAL,sitios_apps,2026,4581.95,pendiente,Monitoreo de medios - consolidado 2026
IGM MOTOS,sitios_apps,2026,5040.34,pendiente,Monitoreo de medios - consolidado 2026
VECONSA,sitios_apps,2026,2605.47,pendiente,Monitoreo de medios - consolidado 2026
VECONSA,prensa,2026,1704.79,pendiente,Monitoreo de medios - consolidado 2026
361,sitios_apps,2026,5283.45,pendiente,Monitoreo de medios - consolidado 2026
MAS COMUNICACION Y MASBTL CIA. LTDA.,prensa,2026,3409.58,pendiente,Monitoreo de medios - consolidado 2026
MAS COMUNICACION Y MASBTL CIA. LTDA.,radio,2026,7.9,pendiente,Monitoreo de medios - consolidado 2026
AUDI,sitios_apps,2026,5016.35,pendiente,Monitoreo de medios - consolidado 2026
CONVIATUR,radio,2026,5837.6,pendiente,Monitoreo de medios - consolidado 2026
TECNOL. CORDILLERA,radio,2026,5511.69,pendiente,Monitoreo de medios - consolidado 2026
FOUR LOKO,sitios_apps,2026,5044.7,pendiente,Monitoreo de medios - consolidado 2026
DR. BYRON VACA E.,tv_abierta,2026,2053.64,pendiente,Monitoreo de medios - consolidado 2026
FUND. PROSPERAR SALUD,radio,2026,3310.1,pendiente,Monitoreo de medios - consolidado 2026
GALU SAPATARIA,tv_abierta,2026,2168.38,pendiente,Monitoreo de medios - consolidado 2026
CALZADO SUAVE,radio,2026,6889.01,pendiente,Monitoreo de medios - consolidado 2026
RADIO CANELA,radio,2026,5843.46,pendiente,Monitoreo de medios - consolidado 2026
DR. OMAR RIVERA,radio,2026,5318.54,pendiente,Monitoreo de medios - consolidado 2026
KAO SPORT CENTER,radio,2026,6696.79,pendiente,Monitoreo de medios - consolidado 2026
LAND ROVER,sitios_apps,2026,5024.9,pendiente,Monitoreo de medios - consolidado 2026
ABSOLUT SPORT,radio,2026,5733.85,pendiente,Monitoreo de medios - consolidado 2026
RADIO SHACK,sitios_apps,2026,5044.1,pendiente,Monitoreo de medios - consolidado 2026
GREEN LIFE,sitios_apps,2026,5081.44,pendiente,Monitoreo de medios - consolidado 2026
GREEN LIFE,radio,2026,22.44,pendiente,Monitoreo de medios - consolidado 2026
NOVEX (TRATAMIENTO CAPILAR),sitios_apps,2026,4880.33,pendiente,Monitoreo de medios - consolidado 2026
C. C. EL RECREO,sitios_apps,2026,3044.49,pendiente,Monitoreo de medios - consolidado 2026
C. C. EL RECREO,radio,2026,2321.95,pendiente,Monitoreo de medios - consolidado 2026
CITY PET,sitios_apps,2026,4913.78,pendiente,Monitoreo de medios - consolidado 2026
EVACOPA,sitios_apps,2026,4093.73,pendiente,Monitoreo de medios - consolidado 2026
EVACOPA,revistas,2026,1222.94,pendiente,Monitoreo de medios - consolidado 2026
GRUPO SUPERIOR,sitios_apps,2026,4849.32,pendiente,Monitoreo de medios - consolidado 2026
LAVCA,sitios_apps,2026,4836.33,pendiente,Monitoreo de medios - consolidado 2026
SZK STORE,sitios_apps,2026,2622.28,pendiente,Monitoreo de medios - consolidado 2026
SZK STORE,radio,2026,3140.03,pendiente,Monitoreo de medios - consolidado 2026
PASAMANERIA S. A.,sitios_apps,2026,3127.07,pendiente,Monitoreo de medios - consolidado 2026
PASAMANERIA S. A.,radio,2026,3060.65,pendiente,Monitoreo de medios - consolidado 2026
MAYBELLINE,sitios_apps,2026,4384.98,pendiente,Monitoreo de medios - consolidado 2026
GMP ENTERTAINER & CONSULTING,radio,2026,6707.91,pendiente,Monitoreo de medios - consolidado 2026
CHOVA DEL ECUADOR,sitios_apps,2026,4555.64,pendiente,Monitoreo de medios - consolidado 2026
VET CARE CENTER,radio,2026,6287.03,pendiente,Monitoreo de medios - consolidado 2026
WONDERGROUND,sitios_apps,2026,4798.94,pendiente,Monitoreo de medios - consolidado 2026
CURADEN + SWISS,sitios_apps,2026,4839.81,pendiente,Monitoreo de medios - consolidado 2026
4 RIDERS,sitios_apps,2026,4981.8,pendiente,Monitoreo de medios - consolidado 2026
ESCUELA POLITECNICA NACIONAL,sitios_apps,2026,3633.13,pendiente,Monitoreo de medios - consolidado 2026
ESCUELA POLITECNICA NACIONAL,radio,2026,157.72,pendiente,Monitoreo de medios - consolidado 2026
ESCUELA POLITECNICA NACIONAL,revistas,2026,965.25,pendiente,Monitoreo de medios - consolidado 2026
HIGER,radio,2026,5505.67,pendiente,Monitoreo de medios - consolidado 2026
CROCS,sitios_apps,2026,4842.49,pendiente,Monitoreo de medios - consolidado 2026
GREEN TREE,sitios_apps,2026,4887.37,pendiente,Monitoreo de medios - consolidado 2026
DISTRILLANTAS,sitios_apps,2026,4722.5,pendiente,Monitoreo de medios - consolidado 2026
MR PRODUCCIONES,radio,2026,4530.41,pendiente,Monitoreo de medios - consolidado 2026
ANDES BREWING,sitios_apps,2026,4926.94,pendiente,Monitoreo de medios - consolidado 2026
ESADE BUSINESS SCHOOL,sitios_apps,2026,4225.52,pendiente,Monitoreo de medios - consolidado 2026
ELECTRONICA HIPER,radio,2026,857.17,pendiente,Monitoreo de medios - consolidado 2026
SIMMONS,sitios_apps,2026,4917.83,pendiente,Monitoreo de medios - consolidado 2026
YOGURT GRIEGO ZEUS,sitios_apps,2026,4799.61,pendiente,Monitoreo de medios - consolidado 2026
ANDINAVE,sitios_apps,2026,4785.81,pendiente,Monitoreo de medios - consolidado 2026
ORO CITY,prensa,2026,5965.36,pendiente,Monitoreo de medios - consolidado 2026
ARCAMIA,sitios_apps,2026,4441.37,pendiente,Monitoreo de medios - consolidado 2026
YAMAHA (COMERCIAL RAMIREZ),sitios_apps,2026,4790.07,pendiente,Monitoreo de medios - consolidado 2026
DELPORTAL CARNISARIATO,sitios_apps,2026,3256.93,pendiente,Monitoreo de medios - consolidado 2026
DELPORTAL CARNISARIATO,radio,2026,698.95,pendiente,Monitoreo de medios - consolidado 2026
DELPORTAL CARNISARIATO,revistas,2026,1287.0,pendiente,Monitoreo de medios - consolidado 2026
CARGILL,sitios_apps,2026,2222.24,pendiente,Monitoreo de medios - consolidado 2026
CARGILL,revistas,2026,2303.73,pendiente,Monitoreo de medios - consolidado 2026
CARGILL,otros,2026,1178.95,pendiente,Monitoreo de medios - consolidado 2026
COLISEO RUMIÑAHUI,radio,2026,5762.41,pendiente,Monitoreo de medios - consolidado 2026
UNIDAD EDUC. CREAR,sitios_apps,2026,4493.86,pendiente,Monitoreo de medios - consolidado 2026
AGORA CITY,sitios_apps,2026,3304.46,pendiente,Monitoreo de medios - consolidado 2026
AGORA CITY,otros,2026,1808.46,pendiente,Monitoreo de medios - consolidado 2026
NATURMED,sitios_apps,2026,4548.33,pendiente,Monitoreo de medios - consolidado 2026
ENFOQUE,revistas,2026,6911.19,pendiente,Monitoreo de medios - consolidado 2026
BE NATURAL,sitios_apps,2026,4724.25,pendiente,Monitoreo de medios - consolidado 2026
FERIA DE LA VIVIENDA MI CASA CLAVE,radio,2026,6831.94,pendiente,Monitoreo de medios - consolidado 2026
MAUNA BIOCOSMETICOS,sitios_apps,2026,4598.39,pendiente,Monitoreo de medios - consolidado 2026
IMBACOOP LTDA.,prensa,2026,1013.6,pendiente,Monitoreo de medios - consolidado 2026
IMBACOOP LTDA.,tv_abierta,2026,2656.55,pendiente,Monitoreo de medios - consolidado 2026
HBO,sitios_apps,2026,4562.93,pendiente,Monitoreo de medios - consolidado 2026
FLACSO SEDE ECUADOR,sitios_apps,2026,2723.3,pendiente,Monitoreo de medios - consolidado 2026
FLACSO SEDE ECUADOR,prensa,2026,2440.7,pendiente,Monitoreo de medios - consolidado 2026
ASO. DE BANCOS DEL ECUADOR (ASOBANCA),sitios_apps,2026,4460.32,pendiente,Monitoreo de medios - consolidado 2026
CKCONCERTS,sitios_apps,2026,3969.62,pendiente,Monitoreo de medios - consolidado 2026
CKCONCERTS,radio,2026,803.19,pendiente,Monitoreo de medios - consolidado 2026
PLASTILUZ,sitios_apps,2026,4574.48,pendiente,Monitoreo de medios - consolidado 2026
DANDY,sitios_apps,2026,4447.28,pendiente,Monitoreo de medios - consolidado 2026
MC IMPORTACIONES,sitios_apps,2026,4616.39,pendiente,Monitoreo de medios - consolidado 2026
LIVING NATURAL,sitios_apps,2026,4555.03,pendiente,Monitoreo de medios - consolidado 2026
MANTA HOSP. CENTER,sitios_apps,2026,4473.19,pendiente,Monitoreo de medios - consolidado 2026
PAGU,sitios_apps,2026,402.2,pendiente,Monitoreo de medios - consolidado 2026
PAGU,radio,2026,3910.34,pendiente,Monitoreo de medios - consolidado 2026
LAVALLETTO,sitios_apps,2026,4416.3,pendiente,Monitoreo de medios - consolidado 2026
EMBUANDES,sitios_apps,2026,4498.11,pendiente,Monitoreo de medios - consolidado 2026
ESPRIT,sitios_apps,2026,4404.65,pendiente,Monitoreo de medios - consolidado 2026
CORBAL (CONSTRUCTORA),sitios_apps,2026,4390.94,pendiente,Monitoreo de medios - consolidado 2026
EL CHANCHITO DE BERTHITA,radio,2026,978.98,pendiente,Monitoreo de medios - consolidado 2026
PASTIFICIO AMBATO C.A.,sitios_apps,2026,3534.12,pendiente,Monitoreo de medios - consolidado 2026
PASTIFICIO AMBATO C.A.,radio,2026,1097.25,pendiente,Monitoreo de medios - consolidado 2026
BATAN PROYECTOS INMOBILIARIOS,sitios_apps,2026,3674.65,pendiente,Monitoreo de medios - consolidado 2026
BATAN PROYECTOS INMOBILIARIOS,otros,2026,1084.86,pendiente,Monitoreo de medios - consolidado 2026
CAMPO SANTO PARQUE DE LA PAZ,sitios_apps,2026,521.25,pendiente,Monitoreo de medios - consolidado 2026
CAMPO SANTO PARQUE DE LA PAZ,prensa,2026,4834.44,pendiente,Monitoreo de medios - consolidado 2026
UNIV. SAN GREGORIO DE PORTOVIEJO,sitios_apps,2026,4326.49,pendiente,Monitoreo de medios - consolidado 2026
PREMIOS DISCO ROJO,prensa,2026,6090.01,pendiente,Monitoreo de medios - consolidado 2026
AVENA POLACA,sitios_apps,2026,248.02,pendiente,Monitoreo de medios - consolidado 2026
AVENA POLACA,radio,2026,4724.79,pendiente,Monitoreo de medios - consolidado 2026
CROPLIFE ECUADOR,sitios_apps,2026,4050.78,pendiente,Monitoreo de medios - consolidado 2026
BANCO ATLANTIDA,sitios_apps,2026,496.04,pendiente,Monitoreo de medios - consolidado 2026
BANCO ATLANTIDA,prensa,2026,2496.95,pendiente,Monitoreo de medios - consolidado 2026
BANCO ATLANTIDA,radio,2026,2227.58,pendiente,Monitoreo de medios - consolidado 2026
VANDERBILT CIA. LTDA.,sitios_apps,2026,4256.31,pendiente,Monitoreo de medios - consolidado 2026
SINDICATO DE CHOFERES PROFESIONALES DAUL,radio,2026,4725.11,pendiente,Monitoreo de medios - consolidado 2026
CHIFA MAYFLOWER,sitios_apps,2026,4284.63,pendiente,Monitoreo de medios - consolidado 2026
LAAR BOX,sitios_apps,2026,2627.47,pendiente,Monitoreo de medios - consolidado 2026
LAAR BOX,radio,2026,2021.15,pendiente,Monitoreo de medios - consolidado 2026
ELEXIAL,radio,2026,3077.19,pendiente,Monitoreo de medios - consolidado 2026
EKA CORPORACION S.A.,sitios_apps,2026,4314.03,pendiente,Monitoreo de medios - consolidado 2026
LOBBS & C,sitios_apps,2026,4424.22,pendiente,Monitoreo de medios - consolidado 2026
FAKULTI,sitios_apps,2026,496.04,pendiente,Monitoreo de medios - consolidado 2026
FAKULTI,tv_abierta,2026,497.2,pendiente,Monitoreo de medios - consolidado 2026
GRAN PIAZZA,sitios_apps,2026,3296.53,pendiente,Monitoreo de medios - consolidado 2026
GRAN PIAZZA,prensa,2026,1339.42,pendiente,Monitoreo de medios - consolidado 2026
TEC ITALY,sitios_apps,2026,4287.71,pendiente,Monitoreo de medios - consolidado 2026
OLD NAVY,sitios_apps,2026,4184.3,pendiente,Monitoreo de medios - consolidado 2026
METROVALORES,radio,2026,4427.37,pendiente,Monitoreo de medios - consolidado 2026
FERRUCCI,sitios_apps,2026,4293.82,pendiente,Monitoreo de medios - consolidado 2026
ROUTE 21 GRILL,radio,2026,883.87,pendiente,Monitoreo de medios - consolidado 2026
BYD,sitios_apps,2026,1405.96,pendiente,Monitoreo de medios - consolidado 2026
BYD,radio,2026,1825.38,pendiente,Monitoreo de medios - consolidado 2026
BYD,revistas,2026,965.25,pendiente,Monitoreo de medios - consolidado 2026
WATCH WORLD,sitios_apps,2026,4191.78,pendiente,Monitoreo de medios - consolidado 2026
VIAJEMOS,sitios_apps,2026,4149.75,pendiente,Monitoreo de medios - consolidado 2026
COOP. MANUEL ESTEBAN GODOY ORTEGA,prensa,2026,5266.84,pendiente,Monitoreo de medios - consolidado 2026
CODESARROLLO,prensa,2026,5239.41,pendiente,Monitoreo de medios - consolidado 2026
PLAZA WHYMPER,sitios_apps,2026,4259.64,pendiente,Monitoreo de medios - consolidado 2026
UNIV. ESTATAL PENINSULA DE SANTA ELENA,revistas,2026,6184.03,pendiente,Monitoreo de medios - consolidado 2026
SAMBOLON,sitios_apps,2026,3900.93,pendiente,Monitoreo de medios - consolidado 2026
SAMBOLON,radio,2026,334.27,pendiente,Monitoreo de medios - consolidado 2026
INARROMESA S.A.,radio,2026,8010.87,pendiente,Monitoreo de medios - consolidado 2026
GOOD BRANDS,radio,2026,4309.06,pendiente,Monitoreo de medios - consolidado 2026
GOOD BRANDS,tv_abierta,2026,19.5,pendiente,Monitoreo de medios - consolidado 2026
ECUAVALLAS,radio,2026,1968.6,pendiente,Monitoreo de medios - consolidado 2026
BANCO CITIBANK,prensa,2026,5107.32,pendiente,Monitoreo de medios - consolidado 2026
COOP. SAN JOSE LTDA,prensa,2026,5107.32,pendiente,Monitoreo de medios - consolidado 2026
PETRONAS,sitios_apps,2026,4067.05,pendiente,Monitoreo de medios - consolidado 2026
SHOWS 360,radio,2026,4803.5,pendiente,Monitoreo de medios - consolidado 2026
LA REINA DEL INYECTOR,radio,2026,1023.09,pendiente,Monitoreo de medios - consolidado 2026
TDU CARGO,sitios_apps,2026,1583.82,pendiente,Monitoreo de medios - consolidado 2026
TDU CARGO,radio,2026,2999.43,pendiente,Monitoreo de medios - consolidado 2026
VOYAH,sitios_apps,2026,4127.24,pendiente,Monitoreo de medios - consolidado 2026
LAGUARDA,sitios_apps,2026,4076.05,pendiente,Monitoreo de medios - consolidado 2026
TERPEL,sitios_apps,2026,1192.09,pendiente,Monitoreo de medios - consolidado 2026
TERPEL,radio,2026,2347.99,pendiente,Monitoreo de medios - consolidado 2026
CLINICA DENTAL ALINEADORES,sitios_apps,2026,4120.95,pendiente,Monitoreo de medios - consolidado 2026
AQUA Y SISTEMAS,revistas,2026,6023.16,pendiente,Monitoreo de medios - consolidado 2026
SUNDAYS,sitios_apps,2026,4131.7,pendiente,Monitoreo de medios - consolidado 2026
CAMBIO ESTETIC,sitios_apps,2026,4131.7,pendiente,Monitoreo de medios - consolidado 2026
PURUHA SHOPPING,radio,2026,4287.22,pendiente,Monitoreo de medios - consolidado 2026
EL HORNERO,sitios_apps,2026,3987.32,pendiente,Monitoreo de medios - consolidado 2026
JW MARRIOTT HOTEL,sitios_apps,2026,416.03,pendiente,Monitoreo de medios - consolidado 2026
JW MARRIOTT HOTEL,radio,2026,1345.47,pendiente,Monitoreo de medios - consolidado 2026
JW MARRIOTT HOTEL,revistas,2026,1930.5,pendiente,Monitoreo de medios - consolidado 2026
JARDINES DEL BUIJO,sitios_apps,2026,4113.42,pendiente,Monitoreo de medios - consolidado 2026
BABY`S,sitios_apps,2026,4102.04,pendiente,Monitoreo de medios - consolidado 2026
IMAGEN DENTAL,sitios_apps,2026,3912.27,pendiente,Monitoreo de medios - consolidado 2026
QUINDELONA ART HOTEL & GALLERY,sitios_apps,2026,2363.54,pendiente,Monitoreo de medios - consolidado 2026
QUINDELONA ART HOTEL & GALLERY,radio,2026,1747.01,pendiente,Monitoreo de medios - consolidado 2026
POLIMEX,radio,2026,4581.97,pendiente,Monitoreo de medios - consolidado 2026
MAYEPSA,sitios_apps,2026,4095.13,pendiente,Monitoreo de medios - consolidado 2026
S Y O LA PESCA,sitios_apps,2026,4095.11,pendiente,Monitoreo de medios - consolidado 2026
ENV,sitios_apps,2026,488.7,pendiente,Monitoreo de medios - consolidado 2026
ENV,otros,2026,4341.6,pendiente,Monitoreo de medios - consolidado 2026
MUNIC. DEL CANTON MEJIA,radio,2026,24.76,pendiente,Monitoreo de medios - consolidado 2026
MUNIC. DEL CANTON MEJIA,tv_abierta,2026,2527.16,pendiente,Monitoreo de medios - consolidado 2026
SALINERITO SAMBO,sitios_apps,2026,3901.36,pendiente,Monitoreo de medios - consolidado 2026
ALOHA MENTAL ARITHMETIC,sitios_apps,2026,3450.4,pendiente,Monitoreo de medios - consolidado 2026
ALOHA MENTAL ARITHMETIC,radio,2026,258.9,pendiente,Monitoreo de medios - consolidado 2026
LA KUSQUEÑA,sitios_apps,2026,3888.28,pendiente,Monitoreo de medios - consolidado 2026
TOMMY HILFIGER,sitios_apps,2026,4076.84,pendiente,Monitoreo de medios - consolidado 2026
ENIGMA STHETIC CENTER,revistas,2026,5933.07,pendiente,Monitoreo de medios - consolidado 2026
CESSIO FACTORING,radio,2026,3396.33,pendiente,Monitoreo de medios - consolidado 2026
"EPSON AMERICA, INC.",sitios_apps,2026,2996.54,pendiente,Monitoreo de medios - consolidado 2026
"EPSON AMERICA, INC.",radio,2026,468.07,pendiente,Monitoreo de medios - consolidado 2026
UNITRON,sitios_apps,2026,4040.29,pendiente,Monitoreo de medios - consolidado 2026
MACROHIERRO,radio,2026,4517.77,pendiente,Monitoreo de medios - consolidado 2026
VILLA DEL REY,sitios_apps,2026,4006.16,pendiente,Monitoreo de medios - consolidado 2026
DISPACIF,sitios_apps,2026,3959.55,pendiente,Monitoreo de medios - consolidado 2026
RED PANTHER,sitios_apps,2026,496.04,pendiente,Monitoreo de medios - consolidado 2026
RED PANTHER,radio,2026,4401.71,pendiente,Monitoreo de medios - consolidado 2026
SUAVE,revistas,2026,5855.85,pendiente,Monitoreo de medios - consolidado 2026
DABSEG SEGURIDAD PRIVADA CIA. LTDA,tv_abierta,2026,409.17,pendiente,Monitoreo de medios - consolidado 2026
INPROLAC S. A.,sitios_apps,2026,3814.28,pendiente,Monitoreo de medios - consolidado 2026
LEGNO,sitios_apps,2026,3961.68,pendiente,Monitoreo de medios - consolidado 2026
GREAT PLACE TO WORK,revistas,2026,5791.5,pendiente,Monitoreo de medios - consolidado 2026
CONVERSE ALL STAR,sitios_apps,2026,3967.16,pendiente,Monitoreo de medios - consolidado 2026
CLINICA TRAUMATOLOGIA QUIRURGICA,tv_abierta,2026,1519.53,pendiente,Monitoreo de medios - consolidado 2026
LATITUD CERO,sitios_apps,2026,3914.76,pendiente,Monitoreo de medios - consolidado 2026
FEMSA,sitios_apps,2026,1921.15,pendiente,Monitoreo de medios - consolidado 2026
FEMSA,prensa,2026,803.31,pendiente,Monitoreo de medios - consolidado 2026
FEMSA,otros,2026,1178.95,pendiente,Monitoreo de medios - consolidado 2026
HUMO BARRILES,sitios_apps,2026,3855.04,pendiente,Monitoreo de medios - consolidado 2026
KOMBO,sitios_apps,2026,3768.12,pendiente,Monitoreo de medios - consolidado 2026
LANDA,sitios_apps,2026,3896.49,pendiente,Monitoreo de medios - consolidado 2026
EXPREG S.A.,sitios_apps,2026,3728.26,pendiente,Monitoreo de medios - consolidado 2026
MOTO ZONE,sitios_apps,2026,3720.27,pendiente,Monitoreo de medios - consolidado 2026
JUNGHEINRICH (MONTACARGAS),sitios_apps,2026,201.1,pendiente,Monitoreo de medios - consolidado 2026
JUNGHEINRICH (MONTACARGAS),otros,2026,4498.2,pendiente,Monitoreo de medios - consolidado 2026
PRIMALAC,sitios_apps,2026,3492.73,pendiente,Monitoreo de medios - consolidado 2026
DANIEL NOBOA AZIN,sitios_apps,2026,3834.2,pendiente,Monitoreo de medios - consolidado 2026
TEXTIL PADILLA,radio,2026,4045.5,pendiente,Monitoreo de medios - consolidado 2026
AUTOMERCADO,sitios_apps,2026,493.61,pendiente,Monitoreo de medios - consolidado 2026
AUTOMERCADO,radio,2026,2088.44,pendiente,Monitoreo de medios - consolidado 2026
LIDERAZGO,sitios_apps,2026,3652.27,pendiente,Monitoreo de medios - consolidado 2026
DILYTE,sitios_apps,2026,3810.14,pendiente,Monitoreo de medios - consolidado 2026
BALANCEADOS NUTRITIVOS,sitios_apps,2026,3640.25,pendiente,Monitoreo de medios - consolidado 2026
SPORT PLANET BAR-RESTAURANT,sitios_apps,2026,3723.64,pendiente,Monitoreo de medios - consolidado 2026
LIFE & HOPE,tv_abierta,2026,1432.14,pendiente,Monitoreo de medios - consolidado 2026
INVERNESS,sitios_apps,2026,3750.2,pendiente,Monitoreo de medios - consolidado 2026
SWEADEN CIA. DE SEGUROS Y RESEG,sitios_apps,2026,859.25,pendiente,Monitoreo de medios - consolidado 2026
SWEADEN CIA. DE SEGUROS Y RESEG,radio,2026,4369.35,pendiente,Monitoreo de medios - consolidado 2026
SUSANA GONZALEZ,sitios_apps,2026,3568.24,pendiente,Monitoreo de medios - consolidado 2026
MEGUIARS,sitios_apps,2026,3695.43,pendiente,Monitoreo de medios - consolidado 2026
MOTRANSA,sitios_apps,2026,2366.8,pendiente,Monitoreo de medios - consolidado 2026
MOTRANSA,revistas,2026,1930.5,pendiente,Monitoreo de medios - consolidado 2026
PROSTA POWER,radio,2026,1167.47,pendiente,Monitoreo de medios - consolidado 2026
VERMONT PLAZA,radio,2026,3116.61,pendiente,Monitoreo de medios - consolidado 2026
KPICCI,sitios_apps,2026,3595.69,pendiente,Monitoreo de medios - consolidado 2026
FORTIA,radio,2026,4178.33,pendiente,Monitoreo de medios - consolidado 2026
PLAZA DEL VALLE,sitios_apps,2026,3536.24,pendiente,Monitoreo de medios - consolidado 2026
SWEET & COFFEE,sitios_apps,2026,1376.02,pendiente,Monitoreo de medios - consolidado 2026
SWEET & COFFEE,radio,2026,612.86,pendiente,Monitoreo de medios - consolidado 2026
SWEET & COFFEE,revistas,2026,2303.73,pendiente,Monitoreo de medios - consolidado 2026
ISERVICES,radio,2026,3838.41,pendiente,Monitoreo de medios - consolidado 2026
FESTIVAL DEL VALLENATO,radio,2026,3001.23,pendiente,Monitoreo de medios - consolidado 2026
FARMACIA 911,sitios_apps,2026,3559.43,pendiente,Monitoreo de medios - consolidado 2026
LA FLORERIA,sitios_apps,2026,5.25,pendiente,Monitoreo de medios - consolidado 2026
LA FLORERIA,radio,2026,4058.93,pendiente,Monitoreo de medios - consolidado 2026
CECOMEX S.A.,otros,2026,4498.2,pendiente,Monitoreo de medios - consolidado 2026
INTERCIA S.A.,otros,2026,4498.2,pendiente,Monitoreo de medios - consolidado 2026
CENTRO MEDICO DR. ALBUJA,tv_abierta,2026,689.72,pendiente,Monitoreo de medios - consolidado 2026
CYBERDAY.EC,sitios_apps,2026,3204.84,pendiente,Monitoreo de medios - consolidado 2026
CYBERDAY.EC,tv_abierta,2026,59.11,pendiente,Monitoreo de medios - consolidado 2026
GAVIRIA & GAVIRIA AGENTES NAC. DE ADUANA,sitios_apps,2026,3576.79,pendiente,Monitoreo de medios - consolidado 2026
READY,sitios_apps,2026,3472.27,pendiente,Monitoreo de medios - consolidado 2026
AUTORIDAD AEROPUERTO DE GQUIL.,radio,2026,3610.3,pendiente,Monitoreo de medios - consolidado 2026
FRUTA GOLOSA,sitios_apps,2026,3638.1,pendiente,Monitoreo de medios - consolidado 2026
DISPROVEF,sitios_apps,2026,3482.42,pendiente,Monitoreo de medios - consolidado 2026
DATU DELI,sitios_apps,2026,3503.95,pendiente,Monitoreo de medios - consolidado 2026
VET 911,sitios_apps,2026,3563.16,pendiente,Monitoreo de medios - consolidado 2026
NARCISA CLUB,sitios_apps,2026,3444.37,pendiente,Monitoreo de medios - consolidado 2026
EUROFISH S.A.,radio,2026,4375.77,pendiente,Monitoreo de medios - consolidado 2026
DULCENAC,sitios_apps,2026,3435.99,pendiente,Monitoreo de medios - consolidado 2026
ISABEL CORDOVEZ,sitios_apps,2026,3392.23,pendiente,Monitoreo de medios - consolidado 2026
COL. LETRAS Y VIDAS,otros,2026,4341.6,pendiente,Monitoreo de medios - consolidado 2026
GRUPO QUEZADA,sitios_apps,2026,3392.3,pendiente,Monitoreo de medios - consolidado 2026
KOI SUSHI - SV,radio,2026,3549.59,pendiente,Monitoreo de medios - consolidado 2026
AVISAN,sitios_apps,2026,3546.68,pendiente,Monitoreo de medios - consolidado 2026
SONY STORE,radio,2026,3515.09,pendiente,Monitoreo de medios - consolidado 2026
DICORNE,sitios_apps,2026,3360.23,pendiente,Monitoreo de medios - consolidado 2026
MACASA (MACK),sitios_apps,2026,3336.23,pendiente,Monitoreo de medios - consolidado 2026
UNIV. TECNOL. LATINOAMERICANA EN LINEA,radio,2026,3288.32,pendiente,Monitoreo de medios - consolidado 2026
TEXAS CHICKEN,sitios_apps,2026,496.04,pendiente,Monitoreo de medios - consolidado 2026
TEXAS CHICKEN,radio,2026,4234.96,pendiente,Monitoreo de medios - consolidado 2026
FESTVANIMAL,prensa,2026,2271.15,pendiente,Monitoreo de medios - consolidado 2026
TARGET,radio,2026,4711.33,pendiente,Monitoreo de medios - consolidado 2026
RADIO LA TUYA,radio,2026,3962.86,pendiente,Monitoreo de medios - consolidado 2026
VERTIGO,radio,2026,1971.9,pendiente,Monitoreo de medios - consolidado 2026
DAILY PASAJERO,radio,2026,3321.85,pendiente,Monitoreo de medios - consolidado 2026
MACRONEGOCIOS S.A,sitios_apps,2026,3338.51,pendiente,Monitoreo de medios - consolidado 2026
MUNICIPIO DE CUENCA,sitios_apps,2026,2815.42,pendiente,Monitoreo de medios - consolidado 2026
MUNICIPIO DE CUENCA,prensa,2026,712.82,pendiente,Monitoreo de medios - consolidado 2026
MUNICIPIO DE CUENCA,radio,2026,36.43,pendiente,Monitoreo de medios - consolidado 2026
GRUPO CALDERON,sitios_apps,2026,3437.0,pendiente,Monitoreo de medios - consolidado 2026
RAVENOL,sitios_apps,2026,3418.7,pendiente,Monitoreo de medios - consolidado 2026
RISTORANTE POSITANO,sitios_apps,2026,3418.7,pendiente,Monitoreo de medios - consolidado 2026
RED BULL PANAMA S. A.,sitios_apps,2026,2954.79,pendiente,Monitoreo de medios - consolidado 2026
KALOS ESTETICA MEDICA,radio,2026,4814.59,pendiente,Monitoreo de medios - consolidado 2026
DE MUJERES,sitios_apps,2026,3288.54,pendiente,Monitoreo de medios - consolidado 2026
DRA. KATHYA SOTOMAYOR,radio,2026,724.28,pendiente,Monitoreo de medios - consolidado 2026
PRECISAGRO,sitios_apps,2026,840.06,pendiente,Monitoreo de medios - consolidado 2026
PRECISAGRO,radio,2026,1939.1,pendiente,Monitoreo de medios - consolidado 2026
JEAN J FOURIER PREUNIVERSITARIO,tv_abierta,2026,345.0,pendiente,Monitoreo de medios - consolidado 2026
INTI EXPERIENCE,tv_abierta,2026,750.74,pendiente,Monitoreo de medios - consolidado 2026
CRAZY WAFFLES,radio,2026,1950.08,pendiente,Monitoreo de medios - consolidado 2026
BANCO DE LITORAL,prensa,2026,4565.86,pendiente,Monitoreo de medios - consolidado 2026
TRIBUNAL CONTENCIOSO ELECTORAL,prensa,2026,4408.2,pendiente,Monitoreo de medios - consolidado 2026
BANANA TIME,prensa,2026,2700.0,pendiente,Monitoreo de medios - consolidado 2026
BANANA TIME,radio,2026,11.2,pendiente,Monitoreo de medios - consolidado 2026
BANANA TIME,revistas,2026,1673.1,pendiente,Monitoreo de medios - consolidado 2026
LA CANASTA,sitios_apps,2026,3368.41,pendiente,Monitoreo de medios - consolidado 2026
WINE & BEER FEST,sitios_apps,2026,3363.85,pendiente,Monitoreo de medios - consolidado 2026
LICEO PANAMERICANO,sitios_apps,2026,1527.84,pendiente,Monitoreo de medios - consolidado 2026
LICEO PANAMERICANO,otros,2026,2052.0,pendiente,Monitoreo de medios - consolidado 2026
HOLIDAY INN EXPRESS,sitios_apps,2026,3201.29,pendiente,Monitoreo de medios - consolidado 2026
INTERHOSPITAL S.A.,sitios_apps,2026,1021.13,pendiente,Monitoreo de medios - consolidado 2026
INTERHOSPITAL S.A.,prensa,2026,2700.0,pendiente,Monitoreo de medios - consolidado 2026
CONTINENTAL (ELECTRODOMESTICOS),sitios_apps,2026,3202.4,pendiente,Monitoreo de medios - consolidado 2026
TRATORIA NAPOLI,radio,2026,4572.89,pendiente,Monitoreo de medios - consolidado 2026
TELEAMAZONAS A LA OPINION PUBLICA,tv_abierta,2026,1231.16,pendiente,Monitoreo de medios - consolidado 2026
PILADORA SAN LUIS,radio,2026,3719.94,pendiente,Monitoreo de medios - consolidado 2026
CREPIER,sitios_apps,2026,3314.8,pendiente,Monitoreo de medios - consolidado 2026
PET CODE,sitios_apps,2026,3170.22,pendiente,Monitoreo de medios - consolidado 2026
ZAR IMPORT,sitios_apps,2026,3327.28,pendiente,Monitoreo de medios - consolidado 2026
CORIVET,sitios_apps,2026,3160.23,pendiente,Monitoreo de medios - consolidado 2026
GOD SAVE THE QUEEN,prensa,2026,2153.86,pendiente,Monitoreo de medios - consolidado 2026
CERVECERIA LA PAZ,sitios_apps,2026,3164.74,pendiente,Monitoreo de medios - consolidado 2026
SOC. FUNERARIA NACIONAL,prensa,2026,2152.14,pendiente,Monitoreo de medios - consolidado 2026
IMPORAIRES,sitios_apps,2026,3309.02,pendiente,Monitoreo de medios - consolidado 2026
JOSE CELULARES,radio,2026,3690.58,pendiente,Monitoreo de medios - consolidado 2026
CONSORCIO SGS,radio,2026,3229.47,pendiente,Monitoreo de medios - consolidado 2026
MAYRUS TV,radio,2026,1698.86,pendiente,Monitoreo de medios - consolidado 2026
SOLANO,sitios_apps,2026,3120.22,pendiente,Monitoreo de medios - consolidado 2026
LOGITECH,sitios_apps,2026,3272.45,pendiente,Monitoreo de medios - consolidado 2026
PROGERMILA FORTE,radio,2026,4000.83,pendiente,Monitoreo de medios - consolidado 2026
LAB. ORDESA,sitios_apps,2026,3129.27,pendiente,Monitoreo de medios - consolidado 2026
KAIROSIG FORMACION Y PROYECTOS,tv_abierta,2026,178.8,pendiente,Monitoreo de medios - consolidado 2026
CAFE BOMBON S,sitios_apps,2026,3230.9,pendiente,Monitoreo de medios - consolidado 2026
GALARCORP,sitios_apps,2026,3254.17,pendiente,Monitoreo de medios - consolidado 2026
LA ORQUIDEA,tv_abierta,2026,1257.46,pendiente,Monitoreo de medios - consolidado 2026
PRO IMPORT MOTOS,sitios_apps,2026,3235.89,pendiente,Monitoreo de medios - consolidado 2026
OWNAT,sitios_apps,2026,3080.21,pendiente,Monitoreo de medios - consolidado 2026
CHRYSLER JEEP AUTOMOTRIZ DEL ECUADOR,sitios_apps,2026,286.76,pendiente,Monitoreo de medios - consolidado 2026
CHRYSLER JEEP AUTOMOTRIZ DEL ECUADOR,radio,2026,2530.96,pendiente,Monitoreo de medios - consolidado 2026
CHRYSLER JEEP AUTOMOTRIZ DEL ECUADOR,tv_abierta,2026,39.74,pendiente,Monitoreo de medios - consolidado 2026
KYWI,revistas,2026,4697.55,pendiente,Monitoreo de medios - consolidado 2026
SIE7E (BOUTIQUE),sitios_apps,2026,3098.32,pendiente,Monitoreo de medios - consolidado 2026
INTEROC S.A.,sitios_apps,2026,2456.17,pendiente,Monitoreo de medios - consolidado 2026
INTEROC S.A.,radio,2026,734.59,pendiente,Monitoreo de medios - consolidado 2026
SIN CABLES,sitios_apps,2026,3199.3,pendiente,Monitoreo de medios - consolidado 2026
LA HOLANDESA,sitios_apps,2026,1206.58,pendiente,Monitoreo de medios - consolidado 2026
LA HOLANDESA,prensa,2026,631.41,pendiente,Monitoreo de medios - consolidado 2026
LA HOLANDESA,revistas,2026,1480.4,pendiente,Monitoreo de medios - consolidado 2026
INCARPALM,revistas,2026,4633.2,pendiente,Monitoreo de medios - consolidado 2026
MESON ANDALUZ,sitios_apps,2026,3181.04,pendiente,Monitoreo de medios - consolidado 2026
LAZY MONI,radio,2026,4191.11,pendiente,Monitoreo de medios - consolidado 2026
VISIONFUND ECUADOR S.A.,tv_abierta,2026,2522.69,pendiente,Monitoreo de medios - consolidado 2026
MAGMA BY KG,sitios_apps,2026,3162.77,pendiente,Monitoreo de medios - consolidado 2026
FARMACIAS CUXIBAMBA,sitios_apps,2026,2976.23,pendiente,Monitoreo de medios - consolidado 2026
USAFLEX,sitios_apps,2026,2827.5,pendiente,Monitoreo de medios - consolidado 2026
C. C. EL BOSQUE,radio,2026,2450.26,pendiente,Monitoreo de medios - consolidado 2026
OMEGA AZUL 369,tv_abierta,2026,192.31,pendiente,Monitoreo de medios - consolidado 2026
MAIN WORD PRINT,radio,2026,4302.42,pendiente,Monitoreo de medios - consolidado 2026
NEXT FUTURE,prensa,2026,1988.93,pendiente,Monitoreo de medios - consolidado 2026
MSD,sitios_apps,2026,2828.61,pendiente,Monitoreo de medios - consolidado 2026
RASTRO,sitios_apps,2026,3053.08,pendiente,Monitoreo de medios - consolidado 2026
ARCGOLD DEL ECUADOR S.A.,prensa,2026,2977.66,pendiente,Monitoreo de medios - consolidado 2026
BOEHRINGER INGELHEIM DEL ECUADOR,radio,2026,3547.02,pendiente,Monitoreo de medios - consolidado 2026
DOBO,sitios_apps,2026,2918.38,pendiente,Monitoreo de medios - consolidado 2026
EL COMERCIO,radio,2026,3180.5,pendiente,Monitoreo de medios - consolidado 2026
1001TALLERES S.A.,sitios_apps,2026,2901.29,pendiente,Monitoreo de medios - consolidado 2026
LOGOS ACADEMY DISCOVERY CAMPUS,sitios_apps,2026,2888.21,pendiente,Monitoreo de medios - consolidado 2026
MITSUBISHI MONTERO M-ASTC,sitios_apps,2026,1030.69,pendiente,Monitoreo de medios - consolidado 2026
MITSUBISHI MONTERO M-ASTC,otros,2026,2688.75,pendiente,Monitoreo de medios - consolidado 2026
BASC,radio,2026,198.86,pendiente,Monitoreo de medios - consolidado 2026
BASC,revistas,2026,3976.83,pendiente,Monitoreo de medios - consolidado 2026
DIDELSA,radio,2026,1813.8,pendiente,Monitoreo de medios - consolidado 2026
DIDELSA,revistas,2026,1737.86,pendiente,Monitoreo de medios - consolidado 2026
DR. NAPOLEON SALGADO,radio,2026,811.89,pendiente,Monitoreo de medios - consolidado 2026
DR. NAPOLEON SALGADO,tv_abierta,2026,554.9,pendiente,Monitoreo de medios - consolidado 2026
JANSPORT,sitios_apps,2026,3016.52,pendiente,Monitoreo de medios - consolidado 2026
UNIV. EUROPEA,sitios_apps,2026,3016.5,pendiente,Monitoreo de medios - consolidado 2026
GALACTIC GAMES,sitios_apps,2026,3016.48,pendiente,Monitoreo de medios - consolidado 2026
CEDEPA TUNING AUDIO XTREME,sitios_apps,2026,2889.23,pendiente,Monitoreo de medios - consolidado 2026
UNIV. INTERNACIONAL DE VALENCIA,sitios_apps,2026,2906.0,pendiente,Monitoreo de medios - consolidado 2026
UNIV. INTERNACIONAL DE VALENCIA,radio,2026,30.44,pendiente,Monitoreo de medios - consolidado 2026
DENTAL RUEDA V,sitios_apps,2026,2856.21,pendiente,Monitoreo de medios - consolidado 2026
CLINICA CERHVALENCIA,tv_abierta,2026,1250.21,pendiente,Monitoreo de medios - consolidado 2026
HOSFINTEL,radio,2026,1743.58,pendiente,Monitoreo de medios - consolidado 2026
CARNITAS,sitios_apps,2026,2832.2,pendiente,Monitoreo de medios - consolidado 2026
HUMITAS TRADICIONALES,radio,2026,2572.75,pendiente,Monitoreo de medios - consolidado 2026
SEGUROS LA UNION,prensa,2026,4013.05,pendiente,Monitoreo de medios - consolidado 2026
MAXIPAN,sitios_apps,2026,2841.26,pendiente,Monitoreo de medios - consolidado 2026
COSTA DI AMALFI,otros,2026,3616.92,pendiente,Monitoreo de medios - consolidado 2026
BOHTRI C.LTDA.,sitios_apps,2026,2812.21,pendiente,Monitoreo de medios - consolidado 2026
CAMPEONATO MUNDIAL MILITAR DE EQUITACION,radio,2026,284.22,pendiente,Monitoreo de medios - consolidado 2026
CAMPEONATO MUNDIAL MILITAR DE EQUITACION,tv_paga,2026,852.5,pendiente,Monitoreo de medios - consolidado 2026
MILI PERFUMES,radio,2026,3296.99,pendiente,Monitoreo de medios - consolidado 2026
MUNICIPIO DE MACHALA,prensa,2026,1611.31,pendiente,Monitoreo de medios - consolidado 2026
MUNICIPIO DE MACHALA,radio,2026,726.8,pendiente,Monitoreo de medios - consolidado 2026
PET STATION,sitios_apps,2026,2943.39,pendiente,Monitoreo de medios - consolidado 2026
SPEEDWRITING,radio,2026,3647.54,pendiente,Monitoreo de medios - consolidado 2026
DINATEK S.C.,radio,2026,5746.32,pendiente,Monitoreo de medios - consolidado 2026
PICANTERIA NIÑO JESUS,radio,2026,700.57,pendiente,Monitoreo de medios - consolidado 2026
HARMONY CENTER,radio,2026,388.24,pendiente,Monitoreo de medios - consolidado 2026
SEGURILAB CENTRO MEDICO ESPECIALIDADES,tv_abierta,2026,1132.57,pendiente,Monitoreo de medios - consolidado 2026
PRO NUTRITION,sitios_apps,2026,2889.25,pendiente,Monitoreo de medios - consolidado 2026
RADIO COLON,radio,2026,4500.5,pendiente,Monitoreo de medios - consolidado 2026
SOCIEDAD INDUSTRIAS RELI S. A.,radio,2026,2050.55,pendiente,Monitoreo de medios - consolidado 2026
SOCIEDAD INDUSTRIAS RELI S. A.,revistas,2026,965.25,pendiente,Monitoreo de medios - consolidado 2026
FIGRAMPA,tv_abierta,2026,897.44,pendiente,Monitoreo de medios - consolidado 2026
DOUS,sitios_apps,2026,2760.21,pendiente,Monitoreo de medios - consolidado 2026
COOP. 29 DE OCTUBRE,sitios_apps,2026,1304.1,pendiente,Monitoreo de medios - consolidado 2026
COOP. 29 DE OCTUBRE,radio,2026,172.44,pendiente,Monitoreo de medios - consolidado 2026
COOP. 29 DE OCTUBRE,revistas,2026,1930.5,pendiente,Monitoreo de medios - consolidado 2026
WYNDHAM GARDEN,radio,2026,2951.77,pendiente,Monitoreo de medios - consolidado 2026
WAYRA PLAZA,sitios_apps,2026,2728.21,pendiente,Monitoreo de medios - consolidado 2026
ENJOY PRODUCCIONES EC,radio,2026,2697.41,pendiente,Monitoreo de medios - consolidado 2026
ESTUDIO JURIDICO BRITO & BRITO,radio,2026,3417.45,pendiente,Monitoreo de medios - consolidado 2026
SIMPLA,sitios_apps,2026,2833.65,pendiente,Monitoreo de medios - consolidado 2026
TOP MOTORS,radio,2026,3082.71,pendiente,Monitoreo de medios - consolidado 2026
CLINICA DE SOBREPESO OBESIDAD METABOLISM,tv_abierta,2026,1095.91,pendiente,Monitoreo de medios - consolidado 2026
OBI CENTRO AUDITIVOS,tv_abierta,2026,1100.82,pendiente,Monitoreo de medios - consolidado 2026
AMERICAN WIDE,tv_abierta,2026,1176.9,pendiente,Monitoreo de medios - consolidado 2026
GERARDO ORTIZ & HIJOS,sitios_apps,2026,1809.9,pendiente,Monitoreo de medios - consolidado 2026
GERARDO ORTIZ & HIJOS,radio,2026,868.24,pendiente,Monitoreo de medios - consolidado 2026
KONAK,sitios_apps,2026,2815.41,pendiente,Monitoreo de medios - consolidado 2026
SEMEDIC CENT. MEDICO,sitios_apps,2026,2815.39,pendiente,Monitoreo de medios - consolidado 2026
CALVIN KLEIN,sitios_apps,2026,1489.97,pendiente,Monitoreo de medios - consolidado 2026
CALVIN KLEIN,otros,2026,1604.88,pendiente,Monitoreo de medios - consolidado 2026
LC CARR TELEFONIA,radio,2026,1972.4,pendiente,Monitoreo de medios - consolidado 2026
CHESCO PIZZERIA,sitios_apps,2026,2699.86,pendiente,Monitoreo de medios - consolidado 2026
CHESCO PIZZERIA,radio,2026,8.53,pendiente,Monitoreo de medios - consolidado 2026
INVESTEAM,radio,2026,3060.83,pendiente,Monitoreo de medios - consolidado 2026
TRIUMPH MOTO,sitios_apps,2026,2723.08,pendiente,Monitoreo de medios - consolidado 2026
MR. DOLAR,sitios_apps,2026,2633.28,pendiente,Monitoreo de medios - consolidado 2026
SANTUARIO DE SCHOENSTATT,radio,2026,3204.93,pendiente,Monitoreo de medios - consolidado 2026
UNIV. DE LAS ARTES,sitios_apps,2026,2616.17,pendiente,Monitoreo de medios - consolidado 2026
CENTRO DE DIAGNOSTICO OCULAR DR.RIVERA,radio,2026,35.55,pendiente,Monitoreo de medios - consolidado 2026
CENTRO DE DIAGNOSTICO OCULAR DR.RIVERA,otros,2026,3254.58,pendiente,Monitoreo de medios - consolidado 2026
COL. MENOR,sitios_apps,2026,2674.07,pendiente,Monitoreo de medios - consolidado 2026
SEGUROS ALIANZA,sitios_apps,2026,2377.03,pendiente,Monitoreo de medios - consolidado 2026
SEGUROS ALIANZA,prensa,2026,376.43,pendiente,Monitoreo de medios - consolidado 2026
SEGUROS ALIANZA,radio,2026,5.48,pendiente,Monitoreo de medios - consolidado 2026
AQUA SPA,radio,2026,2588.59,pendiente,Monitoreo de medios - consolidado 2026
EXIBAL,radio,2026,3535.7,pendiente,Monitoreo de medios - consolidado 2026
HILARY NATURE RESORT & SPA,radio,2026,2367.46,pendiente,Monitoreo de medios - consolidado 2026
NOVA GYM,sitios_apps,2026,2665.4,pendiente,Monitoreo de medios - consolidado 2026
ALM. ESPINOZA,sitios_apps,2026,823.92,pendiente,Monitoreo de medios - consolidado 2026
ALM. ESPINOZA,radio,2026,1885.29,pendiente,Monitoreo de medios - consolidado 2026
COOP. SAN FRANCISCO,radio,2026,2851.39,pendiente,Monitoreo de medios - consolidado 2026
UNIDAD.EDUC.SAN ANDRES,radio,2026,5417.61,pendiente,Monitoreo de medios - consolidado 2026
TULSI,radio,2026,2228.87,pendiente,Monitoreo de medios - consolidado 2026
AMA SEGUROS AMERICA,sitios_apps,2026,560.04,pendiente,Monitoreo de medios - consolidado 2026
AMA SEGUROS AMERICA,prensa,2026,677.57,pendiente,Monitoreo de medios - consolidado 2026
AMA SEGUROS AMERICA,revistas,2026,2329.47,pendiente,Monitoreo de medios - consolidado 2026
MARPESIA,sitios_apps,2026,2592.54,pendiente,Monitoreo de medios - consolidado 2026
CLUB SPORT EMELEC,prensa,2026,1768.5,pendiente,Monitoreo de medios - consolidado 2026
CLUB SPORT EMELEC,radio,2026,1581.33,pendiente,Monitoreo de medios - consolidado 2026
LICORESA,sitios_apps,2026,2542.2,pendiente,Monitoreo de medios - consolidado 2026
CLC LIBRERIA,sitios_apps,2026,2610.05,pendiente,Monitoreo de medios - consolidado 2026
ODONTOCENTER,tv_abierta,2026,1076.79,pendiente,Monitoreo de medios - consolidado 2026
BOSCH,radio,2026,2797.51,pendiente,Monitoreo de medios - consolidado 2026
ALPRECIO,sitios_apps,2026,2215.16,pendiente,Monitoreo de medios - consolidado 2026
ALPRECIO,prensa,2026,336.04,pendiente,Monitoreo de medios - consolidado 2026
PLAZA LAGOS TOWN CENTER,revistas,2026,3861.0,pendiente,Monitoreo de medios - consolidado 2026
AWA NUTRITION,sitios_apps,2026,2650.87,pendiente,Monitoreo de medios - consolidado 2026
AMBIENTES DESIGN,sitios_apps,2026,2520.17,pendiente,Monitoreo de medios - consolidado 2026
MOVE & SIGHT CONCERTS,revistas,2026,3475.71,pendiente,Monitoreo de medios - consolidado 2026
MOVE & SIGHT CONCERTS,tv_abierta,2026,86.55,pendiente,Monitoreo de medios - consolidado 2026
LA CAMIONETA DEL ECUADOR,radio,2026,2959.16,pendiente,Monitoreo de medios - consolidado 2026
PRONOBIS S.A.,sitios_apps,2026,1328.09,pendiente,Monitoreo de medios - consolidado 2026
PRONOBIS S.A.,revistas,2026,1801.8,pendiente,Monitoreo de medios - consolidado 2026
SUMMIT 360,revistas,2026,3828.82,pendiente,Monitoreo de medios - consolidado 2026
SPORT FEST,prensa,2026,1704.8,pendiente,Monitoreo de medios - consolidado 2026
PLAZA VENDOME BOUTIQUE,sitios_apps,2026,53.58,pendiente,Monitoreo de medios - consolidado 2026
PLAZA VENDOME BOUTIQUE,otros,2026,3134.16,pendiente,Monitoreo de medios - consolidado 2026
ECUAGEN,radio,2026,2415.03,pendiente,Monitoreo de medios - consolidado 2026
EL TROMPO,sitios_apps,2026,2614.31,pendiente,Monitoreo de medios - consolidado 2026
TRES REYES,sitios_apps,2026,2546.1,pendiente,Monitoreo de medios - consolidado 2026
ZURITA & ZURITA LAB.,sitios_apps,2026,2496.1,pendiente,Monitoreo de medios - consolidado 2026
CORPAQ,sitios_apps,2026,2497.22,pendiente,Monitoreo de medios - consolidado 2026
DK PARTS,sitios_apps,2026,2480.19,pendiente,Monitoreo de medios - consolidado 2026
PINTURAUTO,tv_abierta,2026,256.52,pendiente,Monitoreo de medios - consolidado 2026
FORBES ECUADOR,radio,2026,3170.18,pendiente,Monitoreo de medios - consolidado 2026
ASANTECORP S. A.,sitios_apps,2026,1296.09,pendiente,Monitoreo de medios - consolidado 2026
ASANTECORP S. A.,radio,2026,1752.9,pendiente,Monitoreo de medios - consolidado 2026
MAJONI,sitios_apps,2026,2522.7,pendiente,Monitoreo de medios - consolidado 2026
MEGA MILIONS,sitios_apps,2026,2215.33,pendiente,Monitoreo de medios - consolidado 2026
CORPORACION GALARZA,sitios_apps,2026,2485.75,pendiente,Monitoreo de medios - consolidado 2026
KARL LAGERFELD,sitios_apps,2026,1120.08,pendiente,Monitoreo de medios - consolidado 2026
KARL LAGERFELD,otros,2026,1703.16,pendiente,Monitoreo de medios - consolidado 2026
LABORATORIO ELEA S.A,sitios_apps,2026,2493.88,pendiente,Monitoreo de medios - consolidado 2026
JOIN IN ENGLISH,sitios_apps,2026,2440.17,pendiente,Monitoreo de medios - consolidado 2026
SYNTEKO,sitios_apps,2026,2400.17,pendiente,Monitoreo de medios - consolidado 2026
SYNTEKO,radio,2026,32.25,pendiente,Monitoreo de medios - consolidado 2026
PUNTA ARRECIFE,sitios_apps,2026,1305.27,pendiente,Monitoreo de medios - consolidado 2026
PUNTA ARRECIFE,prensa,2026,858.45,pendiente,Monitoreo de medios - consolidado 2026
FLUIMEC,sitios_apps,2026,2190.2,pendiente,Monitoreo de medios - consolidado 2026
INCABLE S.A.,sitios_apps,2026,2494.66,pendiente,Monitoreo de medios - consolidado 2026
LA JOYA URBANIZACION,sitios_apps,2026,2424.17,pendiente,Monitoreo de medios - consolidado 2026
BURNEO CARRION DISEÑO CIA. LTDA.,sitios_apps,2026,201.1,pendiente,Monitoreo de medios - consolidado 2026
BURNEO CARRION DISEÑO CIA. LTDA.,revistas,2026,965.25,pendiente,Monitoreo de medios - consolidado 2026
BURNEO CARRION DISEÑO CIA. LTDA.,otros,2026,2357.9,pendiente,Monitoreo de medios - consolidado 2026
AGAPANTOS COMPLEJO TURISTICO BAÑOS,prensa,2026,3087.69,pendiente,Monitoreo de medios - consolidado 2026
TMA LOGISTICA INTERNACIONAL,sitios_apps,2026,2400.17,pendiente,Monitoreo de medios - consolidado 2026
MONVERD,sitios_apps,2026,2467.14,pendiente,Monitoreo de medios - consolidado 2026
GRUPO SPURRIER,prensa,2026,3063.64,pendiente,Monitoreo de medios - consolidado 2026
DR. ANIMAL,radio,2026,3602.52,pendiente,Monitoreo de medios - consolidado 2026
FUND. SANCHEZ AGUILAR,radio,2026,2177.85,pendiente,Monitoreo de medios - consolidado 2026
AVI PAZ,radio,2026,2538.53,pendiente,Monitoreo de medios - consolidado 2026
HOSTAL SIERRA LUNA,radio,2026,2994.85,pendiente,Monitoreo de medios - consolidado 2026
HERENCIA DEL VALLE,sitios_apps,2026,2385.18,pendiente,Monitoreo de medios - consolidado 2026
CAMARA COMERCIO DE GUAYAQUIL,sitios_apps,2026,560.04,pendiente,Monitoreo de medios - consolidado 2026
CAMARA COMERCIO DE GUAYAQUIL,prensa,2026,2554.71,pendiente,Monitoreo de medios - consolidado 2026
HOSPITAL DURAN,sitios_apps,2026,2405.6,pendiente,Monitoreo de medios - consolidado 2026
STONE,tv_abierta,2026,1001.75,pendiente,Monitoreo de medios - consolidado 2026
LUNA VET,radio,2026,2992.68,pendiente,Monitoreo de medios - consolidado 2026
NOVEDADES GLORIA SALTOS,sitios_apps,2026,2403.14,pendiente,Monitoreo de medios - consolidado 2026
NOVEDADES GLORIA SALTOS,radio,2026,43.2,pendiente,Monitoreo de medios - consolidado 2026
ALEGRA DENTAL,radio,2026,1949.5,pendiente,Monitoreo de medios - consolidado 2026
DISTRIBUIDORA DE CARNES ANCISA,radio,2026,2930.61,pendiente,Monitoreo de medios - consolidado 2026
3M ECUADOR C.A.,sitios_apps,2026,2399.8,pendiente,Monitoreo de medios - consolidado 2026
PEACH SHOP,sitios_apps,2026,2449.77,pendiente,Monitoreo de medios - consolidado 2026
EL RANCHO,radio,2026,562.35,pendiente,Monitoreo de medios - consolidado 2026
WUAN ON ONE,tv_paga,2026,760.88,pendiente,Monitoreo de medios - consolidado 2026
DESPEGAR.COM,sitios_apps,2026,2385.27,pendiente,Monitoreo de medios - consolidado 2026
BENDITO,sitios_apps,2026,2361.61,pendiente,Monitoreo de medios - consolidado 2026
CANIJO,sitios_apps,2026,2342.79,pendiente,Monitoreo de medios - consolidado 2026
BAHCO,sitios_apps,2026,2413.2,pendiente,Monitoreo de medios - consolidado 2026
GREENLIFE,radio,2026,3355.94,pendiente,Monitoreo de medios - consolidado 2026
ASIAUTO,sitios_apps,2026,1749.21,pendiente,Monitoreo de medios - consolidado 2026
ASIAUTO,radio,2026,459.03,pendiente,Monitoreo de medios - consolidado 2026
ASIAUTO,tv_abierta,2026,29.98,pendiente,Monitoreo de medios - consolidado 2026
FUND. REINA DE QUITO,prensa,2026,852.4,pendiente,Monitoreo de medios - consolidado 2026
FUND. REINA DE QUITO,radio,2026,190.94,pendiente,Monitoreo de medios - consolidado 2026
FUND. REINA DE QUITO,revistas,2026,965.25,pendiente,Monitoreo de medios - consolidado 2026
TAG JOYAS,sitios_apps,2026,2289.25,pendiente,Monitoreo de medios - consolidado 2026
RIBERA PARAISO,sitios_apps,2026,2351.66,pendiente,Monitoreo de medios - consolidado 2026
TESCHE,sitios_apps,2026,2260.16,pendiente,Monitoreo de medios - consolidado 2026
S-OIL,sitios_apps,2026,2180.0,pendiente,Monitoreo de medios - consolidado 2026
DENTAL SONRIS,radio,2026,3293.24,pendiente,Monitoreo de medios - consolidado 2026
L.D.U. DE QUITO,prensa,2026,2128.14,pendiente,Monitoreo de medios - consolidado 2026
L.D.U. DE QUITO,radio,2026,547.66,pendiente,Monitoreo de medios - consolidado 2026
PROFECIONALI,radio,2026,3362.88,pendiente,Monitoreo de medios - consolidado 2026
CHAMPIÑONES CEPA,sitios_apps,2026,2240.15,pendiente,Monitoreo de medios - consolidado 2026
CLINICA INFES,sitios_apps,2026,2240.15,pendiente,Monitoreo de medios - consolidado 2026
TECNORED,sitios_apps,2026,2240.15,pendiente,Monitoreo de medios - consolidado 2026
BOTICA BARCIA,tv_abierta,2026,229.59,pendiente,Monitoreo de medios - consolidado 2026
BANCO DE LOJA,sitios_apps,2026,1767.98,pendiente,Monitoreo de medios - consolidado 2026
BANCO DE LOJA,prensa,2026,578.34,pendiente,Monitoreo de medios - consolidado 2026
BANCO DE LOJA,radio,2026,92.09,pendiente,Monitoreo de medios - consolidado 2026
GRUPO AC MARCA S.L.,sitios_apps,2026,2013.21,pendiente,Monitoreo de medios - consolidado 2026
SORVO,sitios_apps,2026,2232.15,pendiente,Monitoreo de medios - consolidado 2026
DR. FELIPE LARREA,radio,2026,2993.32,pendiente,Monitoreo de medios - consolidado 2026
MODU STORE,sitios_apps,2026,2340.09,pendiente,Monitoreo de medios - consolidado 2026
ROSA MEZCAL,sitios_apps,2026,2340.08,pendiente,Monitoreo de medios - consolidado 2026
BODY CARE,sitios_apps,2026,2223.16,pendiente,Monitoreo de medios - consolidado 2026
GRUPO PRODUCTOS QUIMICOS PANEMERICA,sitios_apps,2026,2263.88,pendiente,Monitoreo de medios - consolidado 2026
PINTULAC,sitios_apps,2026,2234.34,pendiente,Monitoreo de medios - consolidado 2026
LEE JEANS,sitios_apps,2026,2263.87,pendiente,Monitoreo de medios - consolidado 2026
ECUACOMEX,sitios_apps,2026,2278.53,pendiente,Monitoreo de medios - consolidado 2026
BABY CENTER,sitios_apps,2026,2220.01,pendiente,Monitoreo de medios - consolidado 2026
INPROEL S.A,sitios_apps,2026,697.14,pendiente,Monitoreo de medios - consolidado 2026
INPROEL S.A,revistas,2026,2303.73,pendiente,Monitoreo de medios - consolidado 2026
CHEF BOSS,sitios_apps,2026,2303.51,pendiente,Monitoreo de medios - consolidado 2026
XPLORA,sitios_apps,2026,2303.5,pendiente,Monitoreo de medios - consolidado 2026
UNIDAD EDUC. LEMAS,sitios_apps,2026,2303.5,pendiente,Monitoreo de medios - consolidado 2026
PINTURAS IMPERIAL,radio,2026,1585.84,pendiente,Monitoreo de medios - consolidado 2026
MARIA ELISA,tv_abierta,2026,860.74,pendiente,Monitoreo de medios - consolidado 2026
INDUMOT S.A.,sitios_apps,2026,208.01,pendiente,Monitoreo de medios - consolidado 2026
INDUMOT S.A.,prensa,2026,1768.5,pendiente,Monitoreo de medios - consolidado 2026
INDUMOT S.A.,radio,2026,786.7,pendiente,Monitoreo de medios - consolidado 2026
EXPOCSA S.A.,sitios_apps,2026,2212.51,pendiente,Monitoreo de medios - consolidado 2026
KERASTASE,sitios_apps,2026,1946.85,pendiente,Monitoreo de medios - consolidado 2026
CHEMICAL GUYS,sitios_apps,2026,1275.28,pendiente,Monitoreo de medios - consolidado 2026
CHEMICAL GUYS,radio,2026,1176.79,pendiente,Monitoreo de medios - consolidado 2026
HOLY MOLY,sitios_apps,2026,2266.95,pendiente,Monitoreo de medios - consolidado 2026
SIRI EVENTOS,radio,2026,559.46,pendiente,Monitoreo de medios - consolidado 2026
LOS TIOS,sitios_apps,2026,2161.24,pendiente,Monitoreo de medios - consolidado 2026
UNIV. DEL PACIFICO,sitios_apps,2026,2071.41,pendiente,Monitoreo de medios - consolidado 2026
UNIV. DEL PACIFICO,prensa,2026,98.95,pendiente,Monitoreo de medios - consolidado 2026
UBER,sitios_apps,2026,2200.95,pendiente,Monitoreo de medios - consolidado 2026
EF,sitios_apps,2026,2248.67,pendiente,Monitoreo de medios - consolidado 2026
CSCSPMEC,revistas,2026,3268.98,pendiente,Monitoreo de medios - consolidado 2026
FISIOLIFE,sitios_apps,2026,2132.15,pendiente,Monitoreo de medios - consolidado 2026
PRISMA HOGAR,sitios_apps,2026,2167.93,pendiente,Monitoreo de medios - consolidado 2026
BIRM,sitios_apps,2026,1269.18,pendiente,Monitoreo de medios - consolidado 2026
BIRM,radio,2026,412.81,pendiente,Monitoreo de medios - consolidado 2026
CASA CHRONO,sitios_apps,2026,2230.39,pendiente,Monitoreo de medios - consolidado 2026
RADIO CARAVANA SATELITE,radio,2026,2469.33,pendiente,Monitoreo de medios - consolidado 2026
CONSEJO PROV. LOS RIOS,radio,2026,1851.04,pendiente,Monitoreo de medios - consolidado 2026
LEON RODRIGUEZ,sitios_apps,2026,2175.75,pendiente,Monitoreo de medios - consolidado 2026
CHULLA VIDA RESTAURANTE,tv_abierta,2026,368.52,pendiente,Monitoreo de medios - consolidado 2026
FLIPS,sitios_apps,2026,2212.12,pendiente,Monitoreo de medios - consolidado 2026
KUNDAL DERMA,sitios_apps,2026,2162.11,pendiente,Monitoreo de medios - consolidado 2026
C.C.I.,radio,2026,2302.73,pendiente,Monitoreo de medios - consolidado 2026
HARMONY VISION,radio,2026,291.53,pendiente,Monitoreo de medios - consolidado 2026
GRUPO FUTURO S.A.,sitios_apps,2026,1226.25,pendiente,Monitoreo de medios - consolidado 2026
GRUPO FUTURO S.A.,otros,2026,1178.95,pendiente,Monitoreo de medios - consolidado 2026
SANTANDER,radio,2026,1518.53,pendiente,Monitoreo de medios - consolidado 2026
CRUZ ROJA DE PICHINCHA,sitios_apps,2026,2100.15,pendiente,Monitoreo de medios - consolidado 2026
REST. RIVIERA,sitios_apps,2026,2100.15,pendiente,Monitoreo de medios - consolidado 2026
DIMASPORT,sitios_apps,2026,2100.14,pendiente,Monitoreo de medios - consolidado 2026
RADIO VISION,radio,2026,2316.16,pendiente,Monitoreo de medios - consolidado 2026
FORTUNE MEDICAL,sitios_apps,2026,2112.7,pendiente,Monitoreo de medios - consolidado 2026
LITTLEMIC,sitios_apps,2026,2193.82,pendiente,Monitoreo de medios - consolidado 2026
CERVECEROS,sitios_apps,2026,2193.82,pendiente,Monitoreo de medios - consolidado 2026
BIO GRUPO,revistas,2026,3191.76,pendiente,Monitoreo de medios - consolidado 2026
CAMARA DE COMERCIO DE GUAYAQUIL,sitios_apps,2026,2080.13,pendiente,Monitoreo de medios - consolidado 2026
CASA MUSICAL PARRA,radio,2026,2840.81,pendiente,Monitoreo de medios - consolidado 2026
PACARI,prensa,2026,1806.84,pendiente,Monitoreo de medios - consolidado 2026
PACARI,otros,2026,1178.95,pendiente,Monitoreo de medios - consolidado 2026
GENESIS,sitios_apps,2026,2072.15,pendiente,Monitoreo de medios - consolidado 2026
ESCUELA PARA HUMANOS,radio,2026,2812.96,pendiente,Monitoreo de medios - consolidado 2026
ESCUELA DE PILOTOS AVIACIONES ESAV,radio,2026,2626.99,pendiente,Monitoreo de medios - consolidado 2026
MAKIA,radio,2026,965.77,pendiente,Monitoreo de medios - consolidado 2026
BUGGATTI POLO CUP,prensa,2026,852.4,pendiente,Monitoreo de medios - consolidado 2026
BUGGATTI POLO CUP,revistas,2026,1222.94,pendiente,Monitoreo de medios - consolidado 2026
MULTIEVENTOS CUCHARITA RAP,radio,2026,524.08,pendiente,Monitoreo de medios - consolidado 2026
IZZI DESIGNS,tv_abierta,2026,840.5,pendiente,Monitoreo de medios - consolidado 2026
ADIDAS,sitios_apps,2026,2040.14,pendiente,Monitoreo de medios - consolidado 2026
COQUETTE,sitios_apps,2026,2138.95,pendiente,Monitoreo de medios - consolidado 2026
UNIMOTOR,sitios_apps,2026,2032.15,pendiente,Monitoreo de medios - consolidado 2026
COMERCIAL SOLIS,sitios_apps,2026,2015.14,pendiente,Monitoreo de medios - consolidado 2026
MARIA MENDOZA PELUQUERIA,tv_abierta,2026,405.25,pendiente,Monitoreo de medios - consolidado 2026
SMARTPHONES SOLUCIONES,radio,2026,2010.62,pendiente,Monitoreo de medios - consolidado 2026
TOUR TRAVELS,sitios_apps,2026,2035.41,pendiente,Monitoreo de medios - consolidado 2026
PARAMOUNT,radio,2026,2483.99,pendiente,Monitoreo de medios - consolidado 2026
AURAMOTIVE,radio,2026,2712.05,pendiente,Monitoreo de medios - consolidado 2026
EMETEBE AIRLINES,sitios_apps,2026,2044.45,pendiente,Monitoreo de medios - consolidado 2026
IMPERIUM RESTAURANTE,radio,2026,3045.03,pendiente,Monitoreo de medios - consolidado 2026
COOP. ALIANZA DEL VALLE,sitios_apps,2026,767.84,pendiente,Monitoreo de medios - consolidado 2026
COOP. ALIANZA DEL VALLE,revistas,2026,1930.5,pendiente,Monitoreo de medios - consolidado 2026
GUSTADOR,radio,2026,2743.23,pendiente,Monitoreo de medios - consolidado 2026
WATCH OUT,sitios_apps,2026,2062.6,pendiente,Monitoreo de medios - consolidado 2026
DRA. EVELIN REDROVAN,radio,2026,2672.24,pendiente,Monitoreo de medios - consolidado 2026
OMODA,sitios_apps,2026,2038.06,pendiente,Monitoreo de medios - consolidado 2026
COMECIALIZ. IZURIETA,sitios_apps,2026,1984.14,pendiente,Monitoreo de medios - consolidado 2026
NEUROVIDA,sitios_apps,2026,1984.14,pendiente,Monitoreo de medios - consolidado 2026
PLAPASA,sitios_apps,2026,1984.14,pendiente,Monitoreo de medios - consolidado 2026
BAHIA MALL,radio,2026,2273.88,pendiente,Monitoreo de medios - consolidado 2026
PREFECTURA DE MANABI,sitios_apps,2026,416.03,pendiente,Monitoreo de medios - consolidado 2026
PREFECTURA DE MANABI,tv_abierta,2026,209.05,pendiente,Monitoreo de medios - consolidado 2026
VITRUM,sitios_apps,2026,2053.35,pendiente,Monitoreo de medios - consolidado 2026
COOP. EL SAGRARIO,prensa,2026,2742.53,pendiente,Monitoreo de medios - consolidado 2026
COOP. EL SAGRARIO,radio,2026,52.16,pendiente,Monitoreo de medios - consolidado 2026
ADRIANA HOYOS MUEBLES & DECORACION,sitios_apps,2026,2065.85,pendiente,Monitoreo de medios - consolidado 2026
INST. METROPOLITANO DE DISEÑO,radio,2026,2173.41,pendiente,Monitoreo de medios - consolidado 2026
ROYAL ENFIELD,sitios_apps,2026,1998.24,pendiente,Monitoreo de medios - consolidado 2026
ULTRANEX,sitios_apps,2026,1769.85,pendiente,Monitoreo de medios - consolidado 2026
MASTERCLASS,prensa,2026,852.4,pendiente,Monitoreo de medios - consolidado 2026
MASTERCLASS,tv_abierta,2026,98.35,pendiente,Monitoreo de medios - consolidado 2026
LYNK & CO,sitios_apps,2026,751.98,pendiente,Monitoreo de medios - consolidado 2026
LYNK & CO,revistas,2026,1866.15,pendiente,Monitoreo de medios - consolidado 2026
MARAMAR,sitios_apps,2026,1960.13,pendiente,Monitoreo de medios - consolidado 2026
CHEMICAL LOGISTICS,sitios_apps,2026,1092.16,pendiente,Monitoreo de medios - consolidado 2026
CHEMICAL LOGISTICS,otros,2026,1178.95,pendiente,Monitoreo de medios - consolidado 2026
PRIMEBOX,sitios_apps,2026,1952.13,pendiente,Monitoreo de medios - consolidado 2026
BOOBOLON,sitios_apps,2026,2047.56,pendiente,Monitoreo de medios - consolidado 2026
HAPPY HOPPERS,sitios_apps,2026,2047.56,pendiente,Monitoreo de medios - consolidado 2026
HEALTHY GIRL,sitios_apps,2026,2047.56,pendiente,Monitoreo de medios - consolidado 2026
MAC ECUADOR,radio,2026,2458.63,pendiente,Monitoreo de medios - consolidado 2026
MAC ECUADOR,tv_abierta,2026,33.9,pendiente,Monitoreo de medios - consolidado 2026
VISTANA,sitios_apps,2026,1967.92,pendiente,Monitoreo de medios - consolidado 2026
VENUS CLUB QUITO,radio,2026,1433.48,pendiente,Monitoreo de medios - consolidado 2026
FERRETERIA METALHIERRO,sitios_apps,2026,1928.14,pendiente,Monitoreo de medios - consolidado 2026
ECUAIRE,revistas,2026,2947.23,pendiente,Monitoreo de medios - consolidado 2026
MUEBLERIA EL PINO,sitios_apps,2026,1953.4,pendiente,Monitoreo de medios - consolidado 2026
IMPORT. ANDINA,sitios_apps,2026,280.02,pendiente,Monitoreo de medios - consolidado 2026
IMPORT. ANDINA,radio,2026,1759.24,pendiente,Monitoreo de medios - consolidado 2026
EPSILON SPORT ZONE,radio,2026,2432.69,pendiente,Monitoreo de medios - consolidado 2026
ALITAS ESPRESS GYE,sitios_apps,2026,2011.01,pendiente,Monitoreo de medios - consolidado 2026
EQUITRANSA,sitios_apps,2026,2011.01,pendiente,Monitoreo de medios - consolidado 2026
LUMMIA,sitios_apps,2026,2011.01,pendiente,Monitoreo de medios - consolidado 2026
CARTER S. A.,sitios_apps,2026,329.07,pendiente,Monitoreo de medios - consolidado 2026
CARTER S. A.,revistas,2026,2445.87,pendiente,Monitoreo de medios - consolidado 2026
VIVACORP S. A.,sitios_apps,2026,1052.42,pendiente,Monitoreo de medios - consolidado 2026
VIVACORP S. A.,revistas,2026,1364.22,pendiente,Monitoreo de medios - consolidado 2026
MAICAO EXPORTADORA,sitios_apps,2026,1959.8,pendiente,Monitoreo de medios - consolidado 2026
AGRO GALLO,radio,2026,971.91,pendiente,Monitoreo de medios - consolidado 2026
SOC. ECUATORIANA DE UROLOGIA,radio,2026,1828.77,pendiente,Monitoreo de medios - consolidado 2026
HOSPITAL SANTA INES,revistas,2026,2895.75,pendiente,Monitoreo de medios - consolidado 2026
PROT INN COFFEE SHOP,revistas,2026,2895.75,pendiente,Monitoreo de medios - consolidado 2026
SUSHICORP S.A.,otros,2026,2688.75,pendiente,Monitoreo de medios - consolidado 2026
NUTRIUP,sitios_apps,2026,1888.13,pendiente,Monitoreo de medios - consolidado 2026
KIMBERLY CLARK,prensa,2026,852.4,pendiente,Monitoreo de medios - consolidado 2026
KIMBERLY CLARK,revistas,2026,965.25,pendiente,Monitoreo de medios - consolidado 2026
ELOT CONSTRUCC.Y SERVICIOS LTDA.,sitios_apps,2026,1915.36,pendiente,Monitoreo de medios - consolidado 2026
MOBIL,sitios_apps,2026,1943.67,pendiente,Monitoreo de medios - consolidado 2026
MOBIL,radio,2026,24.43,pendiente,Monitoreo de medios - consolidado 2026
DI MARIA,sitios_apps,2026,1940.31,pendiente,Monitoreo de medios - consolidado 2026
PREFECTURA DE PICHINCHA,sitios_apps,2026,1872.13,pendiente,Monitoreo de medios - consolidado 2026
NEGRONI,sitios_apps,2026,1917.57,pendiente,Monitoreo de medios - consolidado 2026
ANIMALOPOLIS,sitios_apps,2026,1407.71,pendiente,Monitoreo de medios - consolidado 2026
ANIMALOPOLIS,radio,2026,450.76,pendiente,Monitoreo de medios - consolidado 2026
IGLESIA DE JESUCRISTO DE LOS SANTOS,tv_abierta,2026,248.15,pendiente,Monitoreo de medios - consolidado 2026
IMPRODECU S.A.,prensa,2026,2618.84,pendiente,Monitoreo de medios - consolidado 2026
CLUB GENTE BONITA,tv_abierta,2026,196.02,pendiente,Monitoreo de medios - consolidado 2026
INDUCORP,sitios_apps,2026,1200.07,pendiente,Monitoreo de medios - consolidado 2026
INDUCORP,revistas,2026,965.25,pendiente,Monitoreo de medios - consolidado 2026
QUITO BOWLING & GOLF,radio,2026,1280.03,pendiente,Monitoreo de medios - consolidado 2026
ACEROGAR,sitios_apps,2026,1830.13,pendiente,Monitoreo de medios - consolidado 2026
STACEY MOTOS,sitios_apps,2026,1919.6,pendiente,Monitoreo de medios - consolidado 2026
HAPY OUTLET,sitios_apps,2026,1919.6,pendiente,Monitoreo de medios - consolidado 2026
REDUX CLINICA ESTETICA,radio,2026,1421.28,pendiente,Monitoreo de medios - consolidado 2026
PROHYGIENE,radio,2026,899.42,pendiente,Monitoreo de medios - consolidado 2026
ECOTEL TRAVEL,prensa,2026,2045.92,pendiente,Monitoreo de medios - consolidado 2026
ECOTEL TRAVEL,radio,2026,271.15,pendiente,Monitoreo de medios - consolidado 2026
SUTIN (SUMINISTROS TEC.IND),revistas,2026,2779.92,pendiente,Monitoreo de medios - consolidado 2026
ESTUDIO JURIDICO R & A,radio,2026,725.53,pendiente,Monitoreo de medios - consolidado 2026
CONSULADO DE ESTADOS UNIDOS,radio,2026,2923.78,pendiente,Monitoreo de medios - consolidado 2026
CONFITERIA DON HERNAN,radio,2026,1183.74,pendiente,Monitoreo de medios - consolidado 2026
RELIEF,sitios_apps,2026,1800.13,pendiente,Monitoreo de medios - consolidado 2026
RYM COURIER,sitios_apps,2026,1800.13,pendiente,Monitoreo de medios - consolidado 2026
EL CHARRITO,sitios_apps,2026,1800.12,pendiente,Monitoreo de medios - consolidado 2026
PETAIN,radio,2026,1637.04,pendiente,Monitoreo de medios - consolidado 2026
VETERINARIA GOLDEN,tv_abierta,2026,241.26,pendiente,Monitoreo de medios - consolidado 2026
MANCASA,sitios_apps,2026,1883.03,pendiente,Monitoreo de medios - consolidado 2026
ELEMENTS TEA,sitios_apps,2026,1848.93,pendiente,Monitoreo de medios - consolidado 2026
OLX,radio,2026,1934.96,pendiente,Monitoreo de medios - consolidado 2026
AVICOLA PEN HERRERA,radio,2026,388.05,pendiente,Monitoreo de medios - consolidado 2026
TRIANGLE TIRES,sitios_apps,2026,1829.0,pendiente,Monitoreo de medios - consolidado 2026
BUIJO CITY CENTER,sitios_apps,2026,1864.74,pendiente,Monitoreo de medios - consolidado 2026
ROSITA PICANTERIA,radio,2026,2025.17,pendiente,Monitoreo de medios - consolidado 2026
PLAZA SANTA CECILIA,sitios_apps,2026,1785.17,pendiente,Monitoreo de medios - consolidado 2026
COSTANERA,sitios_apps,2026,1768.13,pendiente,Monitoreo de medios - consolidado 2026
EDIASA,prensa,2026,1539.27,pendiente,Monitoreo de medios - consolidado 2026
IMPVET,sitios_apps,2026,1641.11,pendiente,Monitoreo de medios - consolidado 2026
FOGEL,sitios_apps,2026,1791.91,pendiente,Monitoreo de medios - consolidado 2026
JP EVENTOS,radio,2026,2004.36,pendiente,Monitoreo de medios - consolidado 2026
ALPECIN,sitios_apps,2026,1812.33,pendiente,Monitoreo de medios - consolidado 2026
ALASKA PET SHOP,sitios_apps,2026,1744.12,pendiente,Monitoreo de medios - consolidado 2026
GLAMOURT,tv_abierta,2026,713.69,pendiente,Monitoreo de medios - consolidado 2026
MUNICIPIO DE RIOBAMBA,prensa,2026,2468.27,pendiente,Monitoreo de medios - consolidado 2026
SEGUROS CONDOR,sitios_apps,2026,992.08,pendiente,Monitoreo de medios - consolidado 2026
SEGUROS CONDOR,radio,2026,439.04,pendiente,Monitoreo de medios - consolidado 2026
BIORECICLAR CIA. LTDA,tv_abierta,2026,611.11,pendiente,Monitoreo de medios - consolidado 2026
FIRENZE PROFESSIONAL,sitios_apps,2026,1809.91,pendiente,Monitoreo de medios - consolidado 2026
CYEDE CIA. LTDA.,sitios_apps,2026,1809.9,pendiente,Monitoreo de medios - consolidado 2026
INDIE STORES,sitios_apps,2026,1809.9,pendiente,Monitoreo de medios - consolidado 2026
LA VID RESTAURANTE,sitios_apps,2026,1809.9,pendiente,Monitoreo de medios - consolidado 2026
PROVENCO LAB.,sitios_apps,2026,1809.9,pendiente,Monitoreo de medios - consolidado 2026
TERCENA DON IVAN,radio,2026,540.51,pendiente,Monitoreo de medios - consolidado 2026
HOJA VERDE GOURMET,sitios_apps,2026,1725.21,pendiente,Monitoreo de medios - consolidado 2026
ZOHUI,sitios_apps,2026,1687.48,pendiente,Monitoreo de medios - consolidado 2026
CONSEJO PROV. DE SANTA ELENA,prensa,2026,2194.58,pendiente,Monitoreo de medios - consolidado 2026
ELECTRO AMERICA,sitios_apps,2026,1791.62,pendiente,Monitoreo de medios - consolidado 2026
ALOHA CAFE,sitios_apps,2026,1791.62,pendiente,Monitoreo de medios - consolidado 2026
ISDIN,sitios_apps,2026,1791.62,pendiente,Monitoreo de medios - consolidado 2026
SOL IMPORTACIONES,sitios_apps,2026,1791.62,pendiente,Monitoreo de medios - consolidado 2026
CENTRO EDUC. NUEVO MUNDO,radio,2026,1256.03,pendiente,Monitoreo de medios - consolidado 2026
MILESI,radio,2026,1380.28,pendiente,Monitoreo de medios - consolidado 2026
RUTA DEL SABOR,radio,2026,2514.98,pendiente,Monitoreo de medios - consolidado 2026
IMPORT. VEGA,sitios_apps,2026,1773.33,pendiente,Monitoreo de medios - consolidado 2026
JC RADIO LA BRUJA,radio,2026,1865.58,pendiente,Monitoreo de medios - consolidado 2026
LF MEDICAL,sitios_apps,2026,1688.12,pendiente,Monitoreo de medios - consolidado 2026
LAB. BJARNER,sitios_apps,2026,280.02,pendiente,Monitoreo de medios - consolidado 2026
LAB. BJARNER,radio,2026,1221.31,pendiente,Monitoreo de medios - consolidado 2026
DON KILO,sitios_apps,2026,1686.12,pendiente,Monitoreo de medios - consolidado 2026
CUSI,sitios_apps,2026,1680.12,pendiente,Monitoreo de medios - consolidado 2026
ELLE HOME,sitios_apps,2026,1680.12,pendiente,Monitoreo de medios - consolidado 2026
ROMEO,sitios_apps,2026,1680.12,pendiente,Monitoreo de medios - consolidado 2026
TECNOS,sitios_apps,2026,1680.12,pendiente,Monitoreo de medios - consolidado 2026
ANTOJO MANABITA,radio,2026,1428.42,pendiente,Monitoreo de medios - consolidado 2026
CONDUEXPERT,radio,2026,1879.48,pendiente,Monitoreo de medios - consolidado 2026
TICKET STAR 365,sitios_apps,2026,1664.12,pendiente,Monitoreo de medios - consolidado 2026
SERVICIOS HOSPITALARIOS S.A. (ALBOTEOTON,prensa,2026,2128.14,pendiente,Monitoreo de medios - consolidado 2026
KO ASIAN KITCHEN,sitios_apps,2026,1656.12,pendiente,Monitoreo de medios - consolidado 2026
21 GRAMOS,sitios_apps,2026,1736.77,pendiente,Monitoreo de medios - consolidado 2026
ELECTRO OFERTAS,sitios_apps,2026,1736.77,pendiente,Monitoreo de medios - consolidado 2026
TECNOL. BOLIVARIANO,sitios_apps,2026,350.03,pendiente,Monitoreo de medios - consolidado 2026
TECNOL. BOLIVARIANO,radio,2026,423.35,pendiente,Monitoreo de medios - consolidado 2026
TECNOL. BOLIVARIANO,tv_abierta,2026,51.95,pendiente,Monitoreo de medios - consolidado 2026
BROMELIASA,prensa,2026,2341.0,pendiente,Monitoreo de medios - consolidado 2026
FARMACIAS STA. MARTHA,sitios_apps,2026,1648.11,pendiente,Monitoreo de medios - consolidado 2026
EXPO MAMA HOGAR Y FAMILIA,radio,2026,1956.82,pendiente,Monitoreo de medios - consolidado 2026
SALMOIL,sitios_apps,2026,1710.57,pendiente,Monitoreo de medios - consolidado 2026
AROMAS DELUXE,sitios_apps,2026,1707.73,pendiente,Monitoreo de medios - consolidado 2026
SONLINK,sitios_apps,2026,1718.49,pendiente,Monitoreo de medios - consolidado 2026
PROMOSTORE,sitios_apps,2026,1718.49,pendiente,Monitoreo de medios - consolidado 2026
TIWINZA DEL VALLE,radio,2026,1459.48,pendiente,Monitoreo de medios - consolidado 2026
RADIO ESTEREO ZARACAY,radio,2026,2225.6,pendiente,Monitoreo de medios - consolidado 2026
SILED,radio,2026,2247.65,pendiente,Monitoreo de medios - consolidado 2026
INGENIO VALDEZ,sitios_apps,2026,992.08,pendiente,Monitoreo de medios - consolidado 2026
INGENIO VALDEZ,revistas,2026,965.25,pendiente,Monitoreo de medios - consolidado 2026
TELERAMA,tv_abierta,2026,311.18,pendiente,Monitoreo de medios - consolidado 2026
RON CARTAVIO,sitios_apps,2026,1700.2,pendiente,Monitoreo de medios - consolidado 2026
WELLNESS SERIES,prensa,2026,1104.39,pendiente,Monitoreo de medios - consolidado 2026
INNOVAITECH SUMMIT & FEST,radio,2026,973.72,pendiente,Monitoreo de medios - consolidado 2026
EL REBAJON,sitios_apps,2026,1633.15,pendiente,Monitoreo de medios - consolidado 2026
HOSPITAL VETERINARIO SINAI,sitios_apps,2026,1616.11,pendiente,Monitoreo de medios - consolidado 2026
MASTER BET,radio,2026,1738.03,pendiente,Monitoreo de medios - consolidado 2026
KRUGER,sitios_apps,2026,471.23,pendiente,Monitoreo de medios - consolidado 2026
KRUGER,otros,2026,1638.12,pendiente,Monitoreo de medios - consolidado 2026
PATPRIMO,sitios_apps,2026,1663.24,pendiente,Monitoreo de medios - consolidado 2026
EXPOGOL,sitios_apps,2026,1643.34,pendiente,Monitoreo de medios - consolidado 2026
ARTEMISA,sitios_apps,2026,1686.49,pendiente,Monitoreo de medios - consolidado 2026
AJE,otros,2026,2357.9,pendiente,Monitoreo de medios - consolidado 2026
MERCO EMPRESAS Y LIDERES,otros,2026,2357.9,pendiente,Monitoreo de medios - consolidado 2026
UNIVERSIDAD ZAMORANO,otros,2026,2357.9,pendiente,Monitoreo de medios - consolidado 2026
CASA NANDA,sitios_apps,2026,1628.65,pendiente,Monitoreo de medios - consolidado 2026
CURE BAND,sitios_apps,2026,1438.01,pendiente,Monitoreo de medios - consolidado 2026
GAMBOA BOXIM CENTER,radio,2026,1691.15,pendiente,Monitoreo de medios - consolidado 2026
PLAZA MIA,radio,2026,2285.73,pendiente,Monitoreo de medios - consolidado 2026
GUSTA ITALIAN KITCHEN,sitios_apps,2026,1576.11,pendiente,Monitoreo de medios - consolidado 2026
ECUADOR PIPOL,radio,2026,1595.52,pendiente,Monitoreo de medios - consolidado 2026
MADILU,sitios_apps,2026,1589.16,pendiente,Monitoreo de medios - consolidado 2026
TEMU,sitios_apps,2026,1622.1,pendiente,Monitoreo de medios - consolidado 2026
MANSUERA,sitios_apps,2026,1556.11,pendiente,Monitoreo de medios - consolidado 2026
MARIA FERNANDA SALUD Y BELLEZA,radio,2026,1444.58,pendiente,Monitoreo de medios - consolidado 2026
DRA. GABRIELA ZAPATA,tv_abierta,2026,545.63,pendiente,Monitoreo de medios - consolidado 2026
GUILLERMO LASSO MENDOZA,sitios_apps,2026,1447.32,pendiente,Monitoreo de medios - consolidado 2026
XURI,sitios_apps,2026,1571.33,pendiente,Monitoreo de medios - consolidado 2026
UNIVERSIDAD DEL RIO,sitios_apps,2026,1598.04,pendiente,Monitoreo de medios - consolidado 2026
AUTO ALVAREZ,sitios_apps,2026,1608.79,pendiente,Monitoreo de medios - consolidado 2026
INDUMADERA,sitios_apps,2026,1608.78,pendiente,Monitoreo de medios - consolidado 2026
POLLO FORASTERO,radio,2026,1403.68,pendiente,Monitoreo de medios - consolidado 2026
METROCAR,sitios_apps,2026,900.06,pendiente,Monitoreo de medios - consolidado 2026
METROCAR,revistas,2026,965.25,pendiente,Monitoreo de medios - consolidado 2026
ROSSI,tv_abierta,2026,305.18,pendiente,Monitoreo de medios - consolidado 2026
LEVITON,sitios_apps,2026,1520.11,pendiente,Monitoreo de medios - consolidado 2026
CAMBRIDGE ENGLISH INSTITUTE,sitios_apps,2026,1565.55,pendiente,Monitoreo de medios - consolidado 2026
CHEVIGNON,sitios_apps,2026,1557.01,pendiente,Monitoreo de medios - consolidado 2026
DR. MAURICIO HEREDIA,tv_abierta,2026,583.21,pendiente,Monitoreo de medios - consolidado 2026
MUEBLEKA,tv_abierta,2026,147.84,pendiente,Monitoreo de medios - consolidado 2026
MINISO,sitios_apps,2026,1570.61,pendiente,Monitoreo de medios - consolidado 2026
CAMARA NACIONAL DE ACUACULTURA,revistas,2026,2303.73,pendiente,Monitoreo de medios - consolidado 2026
HJ BECDACH,revistas,2026,2303.73,pendiente,Monitoreo de medios - consolidado 2026
IDEAL ALAMBREC,revistas,2026,2303.73,pendiente,Monitoreo de medios - consolidado 2026
IMPORT. AGROECUADOR CIA.LTDA,revistas,2026,2303.73,pendiente,Monitoreo de medios - consolidado 2026
INNOVUM,revistas,2026,2303.73,pendiente,Monitoreo de medios - consolidado 2026
KLUANE DRILLING ECUADOR S.A.,revistas,2026,2303.73,pendiente,Monitoreo de medios - consolidado 2026
TIKI TAKA,revistas,2026,2303.73,pendiente,Monitoreo de medios - consolidado 2026
UNIDAD EDUC. CARLO ACUTIS,sitios_apps,2026,1500.11,pendiente,Monitoreo de medios - consolidado 2026
ALBEX,sitios_apps,2026,1538.73,pendiente,Monitoreo de medios - consolidado 2026
RIVIERA,sitios_apps,2026,1559.75,pendiente,Monitoreo de medios - consolidado 2026
MARRIOTT BONVOY,sitios_apps,2026,1572.24,pendiente,Monitoreo de medios - consolidado 2026
COLCHONES ECUADOR,sitios_apps,2026,1572.23,pendiente,Monitoreo de medios - consolidado 2026
SKF,sitios_apps,2026,1496.11,pendiente,Monitoreo de medios - consolidado 2026
SERVI TAXI,radio,2026,375.96,pendiente,Monitoreo de medios - consolidado 2026
SYNLEKO,radio,2026,1429.12,pendiente,Monitoreo de medios - consolidado 2026
HIDRA LIFE,radio,2026,1930.81,pendiente,Monitoreo de medios - consolidado 2026
EXPOPLAZA,sitios_apps,2026,1535.67,pendiente,Monitoreo de medios - consolidado 2026
EXPOPLAZA,radio,2026,57.91,pendiente,Monitoreo de medios - consolidado 2026
CONFIANZA CIA. DE SEGUROS Y REASEGUROS,prensa,2026,1909.98,pendiente,Monitoreo de medios - consolidado 2026
LA CASA DEL MEDICO,sitios_apps,2026,1488.11,pendiente,Monitoreo de medios - consolidado 2026
AL TOQUE,sitios_apps,2026,1484.1,pendiente,Monitoreo de medios - consolidado 2026
MUTUALISTA AMBATO,sitios_apps,2026,1493.2,pendiente,Monitoreo de medios - consolidado 2026
DUKARE,sitios_apps,2026,1553.95,pendiente,Monitoreo de medios - consolidado 2026
LA TORTILLA MESON TIPICO,sitios_apps,2026,1553.95,pendiente,Monitoreo de medios - consolidado 2026
NATUR PHARMA,sitios_apps,2026,1503.37,pendiente,Monitoreo de medios - consolidado 2026
PRODUCOSMETIC S. A.,sitios_apps,2026,1327.4,pendiente,Monitoreo de medios - consolidado 2026
L´MAR,sitios_apps,2026,1472.11,pendiente,Monitoreo de medios - consolidado 2026
MIGUELOS BISTRO BAR,sitios_apps,2026,1472.11,pendiente,Monitoreo de medios - consolidado 2026
BENDITO MORO,sitios_apps,2026,1535.68,pendiente,Monitoreo de medios - consolidado 2026
GANCHOS,sitios_apps,2026,1535.68,pendiente,Monitoreo de medios - consolidado 2026
SMASH,sitios_apps,2026,1535.68,pendiente,Monitoreo de medios - consolidado 2026
FORESTEA,sitios_apps,2026,1535.67,pendiente,Monitoreo de medios - consolidado 2026
PURA CODICIA,sitios_apps,2026,1535.67,pendiente,Monitoreo de medios - consolidado 2026
VANS,sitios_apps,2026,1535.67,pendiente,Monitoreo de medios - consolidado 2026
FRANQUICIA PLUS,sitios_apps,2026,1524.3,pendiente,Monitoreo de medios - consolidado 2026
PANADERIA EL MANA,radio,2026,374.19,pendiente,Monitoreo de medios - consolidado 2026
UNID. EDUC. MANABI TECNOLOGICO,prensa,2026,1267.13,pendiente,Monitoreo de medios - consolidado 2026
NEW ERA CAP,sitios_apps,2026,1517.39,pendiente,Monitoreo de medios - consolidado 2026
LA REFORMA PAPELES ABSORBENTES,sitios_apps,2026,201.1,pendiente,Monitoreo de medios - consolidado 2026
LA REFORMA PAPELES ABSORBENTES,prensa,2026,852.4,pendiente,Monitoreo de medios - consolidado 2026
M & M TROFEOS DEPORTIVOS,tv_abierta,2026,149.14,pendiente,Monitoreo de medios - consolidado 2026
NETAFIM,sitios_apps,2026,644.41,pendiente,Monitoreo de medios - consolidado 2026
NETAFIM,otros,2026,972.0,pendiente,Monitoreo de medios - consolidado 2026
PLAZA PARQUE TOWN CENTER,sitios_apps,2026,1466.8,pendiente,Monitoreo de medios - consolidado 2026
FORBET,sitios_apps,2026,496.0,pendiente,Monitoreo de medios - consolidado 2026
FORBET,tv_paga,2026,330.0,pendiente,Monitoreo de medios - consolidado 2026
ALUHOME,sitios_apps,2026,1499.12,pendiente,Monitoreo de medios - consolidado 2026
CLINICA DE LESIONES DEPORTIVAS,sitios_apps,2026,1499.12,pendiente,Monitoreo de medios - consolidado 2026
DILIPA,radio,2026,1866.15,pendiente,Monitoreo de medios - consolidado 2026
REVESTI,radio,2026,1075.12,pendiente,Monitoreo de medios - consolidado 2026
CARITAS,radio,2026,2214.31,pendiente,Monitoreo de medios - consolidado 2026
SHOES TATIANA,prensa,2026,2016.56,pendiente,Monitoreo de medios - consolidado 2026
AGROSAD,sitios_apps,2026,1443.36,pendiente,Monitoreo de medios - consolidado 2026
DEMACO,sitios_apps,2026,1455.85,pendiente,Monitoreo de medios - consolidado 2026
BE LIFE,sitios_apps,2026,1480.83,pendiente,Monitoreo de medios - consolidado 2026
LIFE FOODS,sitios_apps,2026,1480.81,pendiente,Monitoreo de medios - consolidado 2026
TOP TRADING,prensa,2026,1230.03,pendiente,Monitoreo de medios - consolidado 2026
SAN MARCOS MEDICAL CENTER,radio,2026,1396.35,pendiente,Monitoreo de medios - consolidado 2026
7 PINGAS,sitios_apps,2026,1430.24,pendiente,Monitoreo de medios - consolidado 2026
LAB. CLINICO SOLIDARIO,prensa,2026,1802.54,pendiente,Monitoreo de medios - consolidado 2026
COOP. 23 DE JULIO,prensa,2026,1079.98,pendiente,Monitoreo de medios - consolidado 2026
COOP. 23 DE JULIO,radio,2026,5.92,pendiente,Monitoreo de medios - consolidado 2026
COOP. 23 DE JULIO,revistas,2026,965.25,pendiente,Monitoreo de medios - consolidado 2026
SILVERCROSS S.A.,prensa,2026,1097.01,pendiente,Monitoreo de medios - consolidado 2026
SILVERCROSS S.A.,revistas,2026,965.25,pendiente,Monitoreo de medios - consolidado 2026
DICENTRO,radio,2026,1492.24,pendiente,Monitoreo de medios - consolidado 2026
COMISARIATO NATURISTA,sitios_apps,2026,1400.1,pendiente,Monitoreo de medios - consolidado 2026
ROGERS,sitios_apps,2026,1400.1,pendiente,Monitoreo de medios - consolidado 2026
ALTALA,sitios_apps,2026,804.41,pendiente,Monitoreo de medios - consolidado 2026
ALTALA,revistas,2026,965.25,pendiente,Monitoreo de medios - consolidado 2026
FILETTO STEAKHOUSE,sitios_apps,2026,1462.55,pendiente,Monitoreo de medios - consolidado 2026
CRETA COFFE & BAKERY,sitios_apps,2026,1462.55,pendiente,Monitoreo de medios - consolidado 2026
GUARO,sitios_apps,2026,1401.19,pendiente,Monitoreo de medios - consolidado 2026
INTI TV,revistas,2026,2123.55,pendiente,Monitoreo de medios - consolidado 2026
GRAN FERIA DE ADOPCION,radio,2026,1177.82,pendiente,Monitoreo de medios - consolidado 2026
SANTA BARBARA EP,prensa,2026,1772.52,pendiente,Monitoreo de medios - consolidado 2026
HOLDINHPALMACA C.A.,prensa,2026,1768.52,pendiente,Monitoreo de medios - consolidado 2026
ARISATRANSPE S.A,prensa,2026,1768.5,pendiente,Monitoreo de medios - consolidado 2026
CRECIMIENTO LA NUEVA PRIORIDAD,prensa,2026,1768.5,pendiente,Monitoreo de medios - consolidado 2026
HOLDINGPESA S.A.,prensa,2026,1768.5,pendiente,Monitoreo de medios - consolidado 2026
INVERSANCARLOS,prensa,2026,1768.5,pendiente,Monitoreo de medios - consolidado 2026
KYPROSS S.A.,prensa,2026,1768.5,pendiente,Monitoreo de medios - consolidado 2026
SOCIEPLAST S.A.,prensa,2026,1768.5,pendiente,Monitoreo de medios - consolidado 2026
TABACO Y PIPA,sitios_apps,2026,1444.26,pendiente,Monitoreo de medios - consolidado 2026
QUICK LINK,sitios_apps,2026,1244.93,pendiente,Monitoreo de medios - consolidado 2026
ECOPACIFIC,sitios_apps,2026,1402.21,pendiente,Monitoreo de medios - consolidado 2026
BASICFARM,sitios_apps,2026,1404.45,pendiente,Monitoreo de medios - consolidado 2026
FUND. NIÑOS CON FUTUROS,prensa,2026,1938.59,pendiente,Monitoreo de medios - consolidado 2026
KANTATI,radio,2026,675.91,pendiente,Monitoreo de medios - consolidado 2026
SUPERCINES,radio,2026,1764.45,pendiente,Monitoreo de medios - consolidado 2026
HASK,sitios_apps,2026,1360.1,pendiente,Monitoreo de medios - consolidado 2026
DJI,sitios_apps,2026,1378.27,pendiente,Monitoreo de medios - consolidado 2026
JUAN MARCET CIA.LTDA.,sitios_apps,2026,1425.98,pendiente,Monitoreo de medios - consolidado 2026
UOMO VENETTO,sitios_apps,2026,1425.98,pendiente,Monitoreo de medios - consolidado 2026
BIOTOP PROFESSIONAL,sitios_apps,2026,1425.98,pendiente,Monitoreo de medios - consolidado 2026
SHOE STORE,sitios_apps,2026,1425.98,pendiente,Monitoreo de medios - consolidado 2026
URB. GALILEA,prensa,2026,1185.43,pendiente,Monitoreo de medios - consolidado 2026
SEGUROS SUCRE,prensa,2026,1919.77,pendiente,Monitoreo de medios - consolidado 2026
HEIDY HELADERIA,sitios_apps,2026,1361.18,pendiente,Monitoreo de medios - consolidado 2026
ALHAMBRA SHOPPING,sitios_apps,2026,530.17,pendiente,Monitoreo de medios - consolidado 2026
ALHAMBRA SHOPPING,otros,2026,1084.86,pendiente,Monitoreo de medios - consolidado 2026
VENTAS MUNDO TV,tv_abierta,2026,590.68,pendiente,Monitoreo de medios - consolidado 2026
BABOLAT,revistas,2026,2059.2,pendiente,Monitoreo de medios - consolidado 2026
RADIO IMPACTO I-99,revistas,2026,2059.2,pendiente,Monitoreo de medios - consolidado 2026
COOPMEGO,prensa,2026,1911.7,pendiente,Monitoreo de medios - consolidado 2026
MANGLERO TWO,sitios_apps,2026,1407.71,pendiente,Monitoreo de medios - consolidado 2026
POLARIS,sitios_apps,2026,1407.71,pendiente,Monitoreo de medios - consolidado 2026
PROMALAB,sitios_apps,2026,1407.71,pendiente,Monitoreo de medios - consolidado 2026
TEQUILA CARRERA,sitios_apps,2026,1407.71,pendiente,Monitoreo de medios - consolidado 2026
GALERIAS PLAZA,sitios_apps,2026,1407.69,pendiente,Monitoreo de medios - consolidado 2026
APROFE,sitios_apps,2026,11.28,pendiente,Monitoreo de medios - consolidado 2026
APROFE,radio,2026,2697.6,pendiente,Monitoreo de medios - consolidado 2026
EXPLODE FILMS EXPLOFILMS S.A.,sitios_apps,2026,1060.35,pendiente,Monitoreo de medios - consolidado 2026
EXPLODE FILMS EXPLOFILMS S.A.,radio,2026,154.05,pendiente,Monitoreo de medios - consolidado 2026
DOS SUCRES,sitios_apps,2026,1398.56,pendiente,Monitoreo de medios - consolidado 2026
ECUAGENERA,prensa,2026,1707.32,pendiente,Monitoreo de medios - consolidado 2026
H.A. CARGO,radio,2026,1157.72,pendiente,Monitoreo de medios - consolidado 2026
MOMO DANCE ACADEMY,radio,2026,1519.73,pendiente,Monitoreo de medios - consolidado 2026
CONFIGOLSA,sitios_apps,2026,1328.1,pendiente,Monitoreo de medios - consolidado 2026
CORA,sitios_apps,2026,1370.13,pendiente,Monitoreo de medios - consolidado 2026
ARROZ PELUCON,radio,2026,1749.86,pendiente,Monitoreo de medios - consolidado 2026
AGROTA,sitios_apps,2026,1316.09,pendiente,Monitoreo de medios - consolidado 2026
CENTRO DE EXPOSICIONES QUITO,prensa,2026,424.76,pendiente,Monitoreo de medios - consolidado 2026
CENTRO DE EXPOSICIONES QUITO,radio,2026,392.7,pendiente,Monitoreo de medios - consolidado 2026
CENTRO DE EXPOSICIONES QUITO,tv_abierta,2026,98.8,pendiente,Monitoreo de medios - consolidado 2026
MODENA DESIGNER HARDWARE,sitios_apps,2026,1371.14,pendiente,Monitoreo de medios - consolidado 2026
NELSON MARKET,sitios_apps,2026,1371.14,pendiente,Monitoreo de medios - consolidado 2026
CLINICA LATINO,sitios_apps,2026,1304.1,pendiente,Monitoreo de medios - consolidado 2026
ITALDELI,sitios_apps,2026,1304.1,pendiente,Monitoreo de medios - consolidado 2026
PIAZZA S.A.,sitios_apps,2026,1304.1,pendiente,Monitoreo de medios - consolidado 2026
THINK (VENTA/REPARACION DE CELULARES),sitios_apps,2026,1304.1,pendiente,Monitoreo de medios - consolidado 2026
NEO AUTO,prensa,2026,888.82,pendiente,Monitoreo de medios - consolidado 2026
MUNIC. DE ANTONIO ANTE,radio,2026,37.59,pendiente,Monitoreo de medios - consolidado 2026
MUNIC. DE ANTONIO ANTE,tv_abierta,2026,220.99,pendiente,Monitoreo de medios - consolidado 2026
COOP. SANFRA,radio,2026,1623.22,pendiente,Monitoreo de medios - consolidado 2026
VITURAL,prensa,2026,1837.31,pendiente,Monitoreo de medios - consolidado 2026
ACESCO,sitios_apps,2026,1298.01,pendiente,Monitoreo de medios - consolidado 2026
ACESCO,radio,2026,50.85,pendiente,Monitoreo de medios - consolidado 2026
TIENDAMIA.COM,sitios_apps,2026,1292.1,pendiente,Monitoreo de medios - consolidado 2026
LA CASA DE LA MILANESA,radio,2026,1553.14,pendiente,Monitoreo de medios - consolidado 2026
CANDELARIA GRILL,sitios_apps,2026,1352.86,pendiente,Monitoreo de medios - consolidado 2026
DIEGO C. DELGADO JARA,prensa,2026,1828.35,pendiente,Monitoreo de medios - consolidado 2026
RR ENTERTAINMENT,radio,2026,1312.93,pendiente,Monitoreo de medios - consolidado 2026
LOCOS POR LA RISA,radio,2026,1090.11,pendiente,Monitoreo de medios - consolidado 2026
LAB. MAC,radio,2026,603.95,pendiente,Monitoreo de medios - consolidado 2026
CEC MOBILIARIO,radio,2026,667.05,pendiente,Monitoreo de medios - consolidado 2026
DULCAFE S.A.,sitios_apps,2026,280.02,pendiente,Monitoreo de medios - consolidado 2026
DULCAFE S.A.,radio,2026,1477.13,pendiente,Monitoreo de medios - consolidado 2026
HERBALMAX,tv_abierta,2026,317.29,pendiente,Monitoreo de medios - consolidado 2026
CASA CONFORT,radio,2026,920.81,pendiente,Monitoreo de medios - consolidado 2026
REDI,radio,2026,1888.87,pendiente,Monitoreo de medios - consolidado 2026
ELIXIR WELLNESS,sitios_apps,2026,1334.58,pendiente,Monitoreo de medios - consolidado 2026
YAKUPURA,sitios_apps,2026,1334.58,pendiente,Monitoreo de medios - consolidado 2026
PRAXIS,revistas,2026,1943.37,pendiente,Monitoreo de medios - consolidado 2026
CANTU,sitios_apps,2026,1299.35,pendiente,Monitoreo de medios - consolidado 2026
ALBY STORE,radio,2026,1806.0,pendiente,Monitoreo de medios - consolidado 2026
UNIDAD EDUCATIVA BILINGUE JEFFERSON,sitios_apps,2026,1272.61,pendiente,Monitoreo de medios - consolidado 2026
ALTIORACORP,revistas,2026,1930.5,pendiente,Monitoreo de medios - consolidado 2026
WESCO,sitios_apps,2026,530.17,pendiente,Monitoreo de medios - consolidado 2026
WESCO,revistas,2026,1158.3,pendiente,Monitoreo de medios - consolidado 2026
RADIO LATINA 88.1FM,radio,2026,1071.14,pendiente,Monitoreo de medios - consolidado 2026
HOTEL PALMAZUL,radio,2026,1030.25,pendiente,Monitoreo de medios - consolidado 2026
DYPENKO S.A.,sitios_apps,2026,1256.09,pendiente,Monitoreo de medios - consolidado 2026
ONCOAMBATO,tv_abierta,2026,558.89,pendiente,Monitoreo de medios - consolidado 2026
INVICTO,sitios_apps,2026,1316.29,pendiente,Monitoreo de medios - consolidado 2026
ROCNARF,sitios_apps,2026,1316.29,pendiente,Monitoreo de medios - consolidado 2026
EMPRESA CEMENTO CHIMBORAZO C. A.,radio,2026,1727.25,pendiente,Monitoreo de medios - consolidado 2026
FOGON DEL BETO,sitios_apps,2026,1282.19,pendiente,Monitoreo de medios - consolidado 2026
WESTINGHOUSE,sitios_apps,2026,1282.19,pendiente,Monitoreo de medios - consolidado 2026
BLUE RADIO 101.3,prensa,2026,852.4,pendiente,Monitoreo de medios - consolidado 2026
INST.SUPERIOS UNIVERSITARIO DE FORMACION,prensa,2026,852.4,pendiente,Monitoreo de medios - consolidado 2026
ZIRCONIA CORP. DENTAL,radio,2026,929.7,pendiente,Monitoreo de medios - consolidado 2026
LILI PINK,sitios_apps,2026,1248.09,pendiente,Monitoreo de medios - consolidado 2026
RESIFLEX,sitios_apps,2026,1257.18,pendiente,Monitoreo de medios - consolidado 2026
HARD ROCK BUCKETS,radio,2026,1344.08,pendiente,Monitoreo de medios - consolidado 2026
SANA MEDIC,radio,2026,1106.24,pendiente,Monitoreo de medios - consolidado 2026
MEMORIAL INTERNAC. OF ECUADOR S.A.,prensa,2026,849.52,pendiente,Monitoreo de medios - consolidado 2026
UNID. EDUC. ATENEA,prensa,2026,1591.3,pendiente,Monitoreo de medios - consolidado 2026
ARDELL,sitios_apps,2026,1240.09,pendiente,Monitoreo de medios - consolidado 2026
BBQ PINCHOS,sitios_apps,2026,1240.09,pendiente,Monitoreo de medios - consolidado 2026
FARBIO PHARMA,sitios_apps,2026,1240.09,pendiente,Monitoreo de medios - consolidado 2026
GENERATRUST,radio,2026,580.65,pendiente,Monitoreo de medios - consolidado 2026
COOP. DAQUILEMA,radio,2026,843.25,pendiente,Monitoreo de medios - consolidado 2026
COOP. DAQUILEMA,revistas,2026,965.25,pendiente,Monitoreo de medios - consolidado 2026
UNDER20,sitios_apps,2026,1263.87,pendiente,Monitoreo de medios - consolidado 2026
UZHUPUD GARDEN,otros,2026,1567.08,pendiente,Monitoreo de medios - consolidado 2026
IMAGENES ALCIVAR,sitios_apps,2026,1279.73,pendiente,Monitoreo de medios - consolidado 2026
PERFUMES FACTORY,sitios_apps,2026,1279.73,pendiente,Monitoreo de medios - consolidado 2026
UNIV. NEBRIJA,sitios_apps,2026,1279.73,pendiente,Monitoreo de medios - consolidado 2026
HOME PHONE,sitios_apps,2026,1256.99,pendiente,Monitoreo de medios - consolidado 2026
TRAVEX,sitios_apps,2026,1242.49,pendiente,Monitoreo de medios - consolidado 2026
GRAN PEÑA BAILABLE,radio,2026,168.19,pendiente,Monitoreo de medios - consolidado 2026
UNIV. ANDINA SIMON BOLIVAR,sitios_apps,2026,580.04,pendiente,Monitoreo de medios - consolidado 2026
UNIV. ANDINA SIMON BOLIVAR,revistas,2026,965.25,pendiente,Monitoreo de medios - consolidado 2026
DREX ENERGY,sitios_apps,2026,1191.6,pendiente,Monitoreo de medios - consolidado 2026
COOP. PILAHUINTIO LTDA.,prensa,2026,1564.26,pendiente,Monitoreo de medios - consolidado 2026
COOP. PILAHUINTIO LTDA.,radio,2026,89.7,pendiente,Monitoreo de medios - consolidado 2026
SMARTDECOR,sitios_apps,2026,1261.45,pendiente,Monitoreo de medios - consolidado 2026
PUNTO MOTERO,sitios_apps,2026,1261.44,pendiente,Monitoreo de medios - consolidado 2026
RICO ARROZ,radio,2026,1644.17,pendiente,Monitoreo de medios - consolidado 2026
CLIPP,sitios_apps,2026,1200.09,pendiente,Monitoreo de medios - consolidado 2026
MBJC CONSTRUCTORA,radio,2026,1014.93,pendiente,Monitoreo de medios - consolidado 2026
CLINICA S.O.M,tv_abierta,2026,505.87,pendiente,Monitoreo de medios - consolidado 2026
HOSP. ALIANZA DEL ECUADOR,radio,2026,1702.95,pendiente,Monitoreo de medios - consolidado 2026
GAMMA KNIFE,sitios_apps,2026,585.02,pendiente,Monitoreo de medios - consolidado 2026
GAMMA KNIFE,revistas,2026,965.25,pendiente,Monitoreo de medios - consolidado 2026
HILLARY NATURE RESORT,sitios_apps,2026,1232.4,pendiente,Monitoreo de medios - consolidado 2026
DAVIS FILMS,radio,2026,776.48,pendiente,Monitoreo de medios - consolidado 2026
RAPPI,sitios_apps,2026,1231.8,pendiente,Monitoreo de medios - consolidado 2026
LUBRICANTES LM,prensa,2026,1032.56,pendiente,Monitoreo de medios - consolidado 2026
ORIGINAL CLASICS,radio,2026,1496.53,pendiente,Monitoreo de medios - consolidado 2026
MOTORTRACK,sitios_apps,2026,1061.91,pendiente,Monitoreo de medios - consolidado 2026
REST. LO NUESTRO,sitios_apps,2026,1203.33,pendiente,Monitoreo de medios - consolidado 2026
FAW,sitios_apps,2026,201.1,pendiente,Monitoreo de medios - consolidado 2026
FAW,radio,2026,1998.0,pendiente,Monitoreo de medios - consolidado 2026
DIAVOLO ROSSO,sitios_apps,2026,1224.88,pendiente,Monitoreo de medios - consolidado 2026
3D BOX,radio,2026,1350.51,pendiente,Monitoreo de medios - consolidado 2026
CASACAS ROJAS,radio,2026,568.95,pendiente,Monitoreo de medios - consolidado 2026
DISTRIMUSIC,sitios_apps,2026,1160.08,pendiente,Monitoreo de medios - consolidado 2026
PR FLORAL STUDIO,revistas,2026,1769.62,pendiente,Monitoreo de medios - consolidado 2026
OFTALMOLOGIA CARBAJAL,radio,2026,1365.25,pendiente,Monitoreo de medios - consolidado 2026
GRUPO ROLDAN ORTIZ,radio,2026,753.08,pendiente,Monitoreo de medios - consolidado 2026
LA CENTRAL,tv_abierta,2026,119.31,pendiente,Monitoreo de medios - consolidado 2026
ISUZU,sitios_apps,2026,1123.0,pendiente,Monitoreo de medios - consolidado 2026
RUMBEA & RUMBEA PROM. CONSTRCC.,otros,2026,1476.36,pendiente,Monitoreo de medios - consolidado 2026
ARMABLES 3D,sitios_apps,2026,1206.61,pendiente,Monitoreo de medios - consolidado 2026
FRESH GREEK,sitios_apps,2026,1206.61,pendiente,Monitoreo de medios - consolidado 2026
PLANT KINGDOM,sitios_apps,2026,1206.61,pendiente,Monitoreo de medios - consolidado 2026
FRITEGA S.A.,sitios_apps,2026,1206.6,pendiente,Monitoreo de medios - consolidado 2026
YVES THURIES,sitios_apps,2026,1117.65,pendiente,Monitoreo de medios - consolidado 2026
YVES THURIES,radio,2026,36.54,pendiente,Monitoreo de medios - consolidado 2026
COOP. CHONE LTDA,prensa,2026,989.13,pendiente,Monitoreo de medios - consolidado 2026
EXPO PESCA,sitios_apps,2026,1188.32,pendiente,Monitoreo de medios - consolidado 2026
URBAN OPTICA,sitios_apps,2026,1188.32,pendiente,Monitoreo de medios - consolidado 2026
URB. BONAVILA,sitios_apps,2026,416.03,pendiente,Monitoreo de medios - consolidado 2026
URB. BONAVILA,prensa,2026,732.08,pendiente,Monitoreo de medios - consolidado 2026
MOSQ,radio,2026,1173.37,pendiente,Monitoreo de medios - consolidado 2026
VETJAM,sitios_apps,2026,1128.3,pendiente,Monitoreo de medios - consolidado 2026
PROGRESS SERVICES,sitios_apps,2026,1120.08,pendiente,Monitoreo de medios - consolidado 2026
PROGRESS SERVICES,radio,2026,11.63,pendiente,Monitoreo de medios - consolidado 2026
ORO VERDE HOTELS,radio,2026,2150.02,pendiente,Monitoreo de medios - consolidado 2026
ETAPA,sitios_apps,2026,42.05,pendiente,Monitoreo de medios - consolidado 2026
ETAPA,prensa,2026,1390.11,pendiente,Monitoreo de medios - consolidado 2026
CUMBATRANS S.A.,prensa,2026,1440.72,pendiente,Monitoreo de medios - consolidado 2026
DIMABRU,sitios_apps,2026,442.46,pendiente,Monitoreo de medios - consolidado 2026
DIMABRU,revistas,2026,965.25,pendiente,Monitoreo de medios - consolidado 2026
EL AMBATEÑO,sitios_apps,2026,1120.08,pendiente,Monitoreo de medios - consolidado 2026
INCAE,sitios_apps,2026,1120.08,pendiente,Monitoreo de medios - consolidado 2026
BLUE TOWN CENTER,sitios_apps,2026,1120.08,pendiente,Monitoreo de medios - consolidado 2026
C ICE,sitios_apps,2026,1120.08,pendiente,Monitoreo de medios - consolidado 2026
FLASH THE TICKETS,sitios_apps,2026,1120.08,pendiente,Monitoreo de medios - consolidado 2026
MILWANKEE,sitios_apps,2026,1120.08,pendiente,Monitoreo de medios - consolidado 2026
NATURISSMO,sitios_apps,2026,1120.08,pendiente,Monitoreo de medios - consolidado 2026
CAMARA COMERCIO DE QUITO,sitios_apps,2026,1081.86,pendiente,Monitoreo de medios - consolidado 2026
COLONEAL,sitios_apps,2026,1170.04,pendiente,Monitoreo de medios - consolidado 2026
ARRIBA,sitios_apps,2026,1170.04,pendiente,Monitoreo de medios - consolidado 2026
HOME VEGA,sitios_apps,2026,1170.04,pendiente,Monitoreo de medios - consolidado 2026
HOTEL SANTIAGO DE COMPOSTELLA,sitios_apps,2026,1112.08,pendiente,Monitoreo de medios - consolidado 2026
NCL,radio,2026,938.32,pendiente,Monitoreo de medios - consolidado 2026
AVICOLA FERNANDEZ,radio,2026,1315.82,pendiente,Monitoreo de medios - consolidado 2026
CEVICHERIA SACA LA RESAKA,radio,2026,1443.75,pendiente,Monitoreo de medios - consolidado 2026
GLOBALTECH,sitios_apps,2026,1096.08,pendiente,Monitoreo de medios - consolidado 2026
COSTA SIERRA (RESTAURANTE),radio,2026,1628.8,pendiente,Monitoreo de medios - consolidado 2026
COL. JOHANNES KEPLER,radio,2026,1403.87,pendiente,Monitoreo de medios - consolidado 2026
CLINICA SANTIAGO,revistas,2026,1673.1,pendiente,Monitoreo de medios - consolidado 2026
CONTECON GUAYAQUIL S.A.,revistas,2026,1673.1,pendiente,Monitoreo de medios - consolidado 2026
LA CONCHA DE LA LORA,radio,2026,1281.7,pendiente,Monitoreo de medios - consolidado 2026
MENDOEXPORT,revistas,2026,1673.1,pendiente,Monitoreo de medios - consolidado 2026
NEMALAB S.A.,revistas,2026,1673.1,pendiente,Monitoreo de medios - consolidado 2026
LICORAM,sitios_apps,2026,1101.17,pendiente,Monitoreo de medios - consolidado 2026
CLINICA ESPAÑA S.A.,sitios_apps,2026,1088.08,pendiente,Monitoreo de medios - consolidado 2026
INST. DE LA TIROIDES Y ENFERMEDADES CABE,tv_abierta,2026,193.96,pendiente,Monitoreo de medios - consolidado 2026
LA PASTICCERIA 593,radio,2026,1038.73,pendiente,Monitoreo de medios - consolidado 2026
A92,sitios_apps,2026,1133.48,pendiente,Monitoreo de medios - consolidado 2026
MOTO ACUSTIK,sitios_apps,2026,1133.48,pendiente,Monitoreo de medios - consolidado 2026
RASU PAMBA FEST,radio,2026,1041.45,pendiente,Monitoreo de medios - consolidado 2026
OSCAR,tv_abierta,2026,95.04,pendiente,Monitoreo de medios - consolidado 2026
ENKADOR,sitios_apps,2026,1099.34,pendiente,Monitoreo de medios - consolidado 2026
COREHOUSE FUNCTIONAL TRAINING,radio,2026,540.85,pendiente,Monitoreo de medios - consolidado 2026
ECUAMANGUERAS,sitios_apps,2026,1104.43,pendiente,Monitoreo de medios - consolidado 2026
MIXTWO,sitios_apps,2026,1104.43,pendiente,Monitoreo de medios - consolidado 2026
CERAMICAS AL COSTO,sitios_apps,2026,280.02,pendiente,Monitoreo de medios - consolidado 2026
CERAMICAS AL COSTO,radio,2026,1080.52,pendiente,Monitoreo de medios - consolidado 2026
COOP. ANDALUCIA,prensa,2026,1508.39,pendiente,Monitoreo de medios - consolidado 2026
ALUSIGNPANEL,sitios_apps,2026,1115.2,pendiente,Monitoreo de medios - consolidado 2026
IND. BANANERA ALAMOS S.A.,prensa,2026,1505.7,pendiente,Monitoreo de medios - consolidado 2026
DR. LEONARDO MOYA,prensa,2026,925.44,pendiente,Monitoreo de medios - consolidado 2026
EDESA,prensa,2026,918.75,pendiente,Monitoreo de medios - consolidado 2026
RADIO AMIGA,prensa,2026,918.69,pendiente,Monitoreo de medios - consolidado 2026
HA CARGO,radio,2026,1183.92,pendiente,Monitoreo de medios - consolidado 2026
NYSOL,sitios_apps,2026,1084.43,pendiente,Monitoreo de medios - consolidado 2026
KOAJ,sitios_apps,2026,1096.91,pendiente,Monitoreo de medios - consolidado 2026
LA GURIZADA,sitios_apps,2026,1096.91,pendiente,Monitoreo de medios - consolidado 2026
CORALITO,sitios_apps,2026,1044.08,pendiente,Monitoreo de medios - consolidado 2026
COLONCORP,sitios_apps,2026,1057.12,pendiente,Monitoreo de medios - consolidado 2026
ACRISTAL,sitios_apps,2026,1040.07,pendiente,Monitoreo de medios - consolidado 2026
EMPROVIT,sitios_apps,2026,1040.07,pendiente,Monitoreo de medios - consolidado 2026
HOSP. SANTA BARBARA,sitios_apps,2026,1040.07,pendiente,Monitoreo de medios - consolidado 2026
HOSTERIA AGOYAN,sitios_apps,2026,1040.07,pendiente,Monitoreo de medios - consolidado 2026
ISAKAYA SUSHI,sitios_apps,2026,1040.07,pendiente,Monitoreo de medios - consolidado 2026
LA TIPICA GOURMET,sitios_apps,2026,1040.07,pendiente,Monitoreo de medios - consolidado 2026
PLUSMEDICAL,sitios_apps,2026,1040.07,pendiente,Monitoreo de medios - consolidado 2026
SACA LA RESACA,sitios_apps,2026,1128.58,pendiente,Monitoreo de medios - consolidado 2026
ECU 911,prensa,2026,404.79,pendiente,Monitoreo de medios - consolidado 2026
ECU 911,radio,2026,494.97,pendiente,Monitoreo de medios - consolidado 2026
RON RONERO,sitios_apps,2026,1045.12,pendiente,Monitoreo de medios - consolidado 2026
UNID. EDUC. NUESTRO MUNDO,radio,2026,180.28,pendiente,Monitoreo de medios - consolidado 2026
ADVANCE CONSULTORA,otros,2026,1501.61,pendiente,Monitoreo de medios - consolidado 2026
ALFANET,sitios_apps,2026,329.07,pendiente,Monitoreo de medios - consolidado 2026
ALFANET,tv_abierta,2026,666.67,pendiente,Monitoreo de medios - consolidado 2026
UANATACA,sitios_apps,2026,402.2,pendiente,Monitoreo de medios - consolidado 2026
UANATACA,revistas,2026,965.25,pendiente,Monitoreo de medios - consolidado 2026
LA VICTORIA,sitios_apps,2026,1047.86,pendiente,Monitoreo de medios - consolidado 2026
ENJOY IT SHOW,prensa,2026,882.09,pendiente,Monitoreo de medios - consolidado 2026
ENTERPRISE,sitios_apps,2026,1060.35,pendiente,Monitoreo de medios - consolidado 2026
CANON,sitios_apps,2026,1060.35,pendiente,Monitoreo de medios - consolidado 2026
ECUATICS,sitios_apps,2026,1060.35,pendiente,Monitoreo de medios - consolidado 2026
GRUPO IMAR S.A.,sitios_apps,2026,1060.35,pendiente,Monitoreo de medios - consolidado 2026
CADENAR,radio,2026,676.73,pendiente,Monitoreo de medios - consolidado 2026
ROLCARGO,radio,2026,1181.43,pendiente,Monitoreo de medios - consolidado 2026
LAURA,sitios_apps,2026,402.2,pendiente,Monitoreo de medios - consolidado 2026
LAURA,tv_abierta,2026,47.47,pendiente,Monitoreo de medios - consolidado 2026
COURIER 4 YOU,sitios_apps,2026,992.08,pendiente,Monitoreo de medios - consolidado 2026
RADIO CENTRO (GUAYAQUIL),radio,2026,1211.78,pendiente,Monitoreo de medios - consolidado 2026
ARUBA,sitios_apps,2026,1001.71,pendiente,Monitoreo de medios - consolidado 2026
STAR SHOW,radio,2026,1424.85,pendiente,Monitoreo de medios - consolidado 2026
SANTA RITA,prensa,2026,861.05,pendiente,Monitoreo de medios - consolidado 2026
PLAZA VICTORIA,sitios_apps,2026,1007.93,pendiente,Monitoreo de medios - consolidado 2026
SAMADI MOTOS,sitios_apps,2026,989.16,pendiente,Monitoreo de medios - consolidado 2026
FRANUI,sitios_apps,2026,1023.79,pendiente,Monitoreo de medios - consolidado 2026
LA SASTRERIA,sitios_apps,2026,1023.79,pendiente,Monitoreo de medios - consolidado 2026
ALOA,sitios_apps,2026,1023.78,pendiente,Monitoreo de medios - consolidado 2026
CANTO BAR KARAOKE,sitios_apps,2026,1023.78,pendiente,Monitoreo de medios - consolidado 2026
EL BARRIL BAR REST.,sitios_apps,2026,1023.78,pendiente,Monitoreo de medios - consolidado 2026
L`OCCITANE,sitios_apps,2026,1023.78,pendiente,Monitoreo de medios - consolidado 2026
TAN UNIKO,sitios_apps,2026,1023.78,pendiente,Monitoreo de medios - consolidado 2026
DEPOSITO DEL CONSTRUCTOR,sitios_apps,2026,1023.78,pendiente,Monitoreo de medios - consolidado 2026
MITSUBISHI ELECTRIC,otros,2026,1384.41,pendiente,Monitoreo de medios - consolidado 2026
SAYVISA,sitios_apps,2026,1274.27,pendiente,Monitoreo de medios - consolidado 2026
INST. DE CERT. PRO. ECUATORIANO (ICEPRO),sitios_apps,2026,1268.76,pendiente,Monitoreo de medios - consolidado 2026
INMOVILA,prensa,2026,1007.01,pendiente,Monitoreo de medios - consolidado 2026
COSENTINO,revistas,2026,1480.05,pendiente,Monitoreo de medios - consolidado 2026
DOCTOR PELO,radio,2026,1032.39,pendiente,Monitoreo de medios - consolidado 2026
FRANZ VIEGENER,revistas,2026,1480.05,pendiente,Monitoreo de medios - consolidado 2026
MANGO (BOUTIQUE),revistas,2026,1480.4,pendiente,Monitoreo de medios - consolidado 2026
UNI. AUTORES Y ARTIST. AUDIOVI (UNIARTE),prensa,2026,1371.26,pendiente,Monitoreo de medios - consolidado 2026
QUALITYGOOD,radio,2026,948.62,pendiente,Monitoreo de medios - consolidado 2026
NOVARTIS,prensa,2026,837.21,pendiente,Monitoreo de medios - consolidado 2026
ACOMOTOS,sitios_apps,2026,1005.51,pendiente,Monitoreo de medios - consolidado 2026
AIR WINGS,sitios_apps,2026,1005.51,pendiente,Monitoreo de medios - consolidado 2026
ALLPA GYE,sitios_apps,2026,1005.51,pendiente,Monitoreo de medios - consolidado 2026
BELORA,sitios_apps,2026,1005.51,pendiente,Monitoreo de medios - consolidado 2026
BENVENUTI DA MAURO,sitios_apps,2026,1005.51,pendiente,Monitoreo de medios - consolidado 2026
BUFFALOS CARNES A LA PARRILLA,sitios_apps,2026,1005.51,pendiente,Monitoreo de medios - consolidado 2026
LOS CHORIS,sitios_apps,2026,1005.51,pendiente,Monitoreo de medios - consolidado 2026
MONOVOX,sitios_apps,2026,1005.51,pendiente,Monitoreo de medios - consolidado 2026
NATURAL FACTORS,sitios_apps,2026,1005.51,pendiente,Monitoreo de medios - consolidado 2026
SANTO VERDE,sitios_apps,2026,1005.51,pendiente,Monitoreo de medios - consolidado 2026
TENGHUI,sitios_apps,2026,1005.51,pendiente,Monitoreo de medios - consolidado 2026
VIBRA WELLNESS HOTEL & SPA,sitios_apps,2026,1005.51,pendiente,Monitoreo de medios - consolidado 2026
CONSEJO PROV. DE PICHINCHA,radio,2026,849.29,pendiente,Monitoreo de medios - consolidado 2026
CONSEJO PROV. DE PICHINCHA,tv_abierta,2026,31.08,pendiente,Monitoreo de medios - consolidado 2026
CENTRO MEDICO LCHAIM,radio,2026,936.11,pendiente,Monitoreo de medios - consolidado 2026
ARKOPHARMA,sitios_apps,2026,712.99,pendiente,Monitoreo de medios - consolidado 2026
ARKOPHARMA,radio,2026,231.0,pendiente,Monitoreo de medios - consolidado 2026
PRODUCCIONES DE CACHE,radio,2026,131.75,pendiente,Monitoreo de medios - consolidado 2026
URB. CIMABELA,radio,2026,1237.79,pendiente,Monitoreo de medios - consolidado 2026
INVERNEG CIA. LTDA.,radio,2026,1036.5,pendiente,Monitoreo de medios - consolidado 2026
RINCON DE PUEMBO,radio,2026,1113.75,pendiente,Monitoreo de medios - consolidado 2026
APROBAL/CONAVE,revistas,2026,1415.7,pendiente,Monitoreo de medios - consolidado 2026
GRUPO DEGFER,revistas,2026,1415.7,pendiente,Monitoreo de medios - consolidado 2026
TERMINAL PORTUARIO DE GUAYAQUIL,revistas,2026,1415.7,pendiente,Monitoreo de medios - consolidado 2026
BLACKPHONE STORE,sitios_apps,2026,932.59,pendiente,Monitoreo de medios - consolidado 2026
DROPI,sitios_apps,2026,912.07,pendiente,Monitoreo de medios - consolidado 2026
KERUBINES,sitios_apps,2026,912.07,pendiente,Monitoreo de medios - consolidado 2026
ROLAND,sitios_apps,2026,912.07,pendiente,Monitoreo de medios - consolidado 2026
PREFECTURA DE IMBABURA,sitios_apps,2026,801.14,pendiente,Monitoreo de medios - consolidado 2026
PREFECTURA DE IMBABURA,tv_abierta,2026,15.37,pendiente,Monitoreo de medios - consolidado 2026
CHEMICAL PHARM,sitios_apps,2026,900.06,pendiente,Monitoreo de medios - consolidado 2026
CITIZEN,sitios_apps,2026,900.06,pendiente,Monitoreo de medios - consolidado 2026
FESTINA,sitios_apps,2026,900.06,pendiente,Monitoreo de medios - consolidado 2026
GEORGINA CHICAGO STILE PIZZA,sitios_apps,2026,900.06,pendiente,Monitoreo de medios - consolidado 2026
INSALUD,sitios_apps,2026,900.06,pendiente,Monitoreo de medios - consolidado 2026
READY NUTRITION,sitios_apps,2026,900.06,pendiente,Monitoreo de medios - consolidado 2026
TAURUS,sitios_apps,2026,900.06,pendiente,Monitoreo de medios - consolidado 2026
UNIDAD EDUCATIVA MONTFORT,sitios_apps,2026,900.06,pendiente,Monitoreo de medios - consolidado 2026
NILU JEWELRY,sitios_apps,2026,900.05,pendiente,Monitoreo de medios - consolidado 2026
BEMART CORP.,revistas,2026,1364.22,pendiente,Monitoreo de medios - consolidado 2026
FREDERIQUE CONSTANT,revistas,2026,1364.22,pendiente,Monitoreo de medios - consolidado 2026
SEÑAL X CIA LTDA.,revistas,2026,1364.22,pendiente,Monitoreo de medios - consolidado 2026
ANTURIOS,sitios_apps,2026,932.38,pendiente,Monitoreo de medios - consolidado 2026
GARDEN PET CENTER,sitios_apps,2026,932.38,pendiente,Monitoreo de medios - consolidado 2026
GRUPO BEBELANDIA,sitios_apps,2026,932.38,pendiente,Monitoreo de medios - consolidado 2026
LORENTI,sitios_apps,2026,932.38,pendiente,Monitoreo de medios - consolidado 2026
PLASTIKAL,sitios_apps,2026,932.38,pendiente,Monitoreo de medios - consolidado 2026
PLAZA BATAN,sitios_apps,2026,932.38,pendiente,Monitoreo de medios - consolidado 2026
SORBETTO ARTESANAL,sitios_apps,2026,932.38,pendiente,Monitoreo de medios - consolidado 2026
HOTEL BALANDRA,tv_abierta,2026,46.0,pendiente,Monitoreo de medios - consolidado 2026
CLINICA OFTALMOLOGICA MATAMOROS,radio,2026,1196.43,pendiente,Monitoreo de medios - consolidado 2026
POINT TECHNOLOGY,sitios_apps,2026,889.11,pendiente,Monitoreo de medios - consolidado 2026
HORMIAZUAY,sitios_apps,2026,872.06,pendiente,Monitoreo de medios - consolidado 2026
FOOD PRODUCTS,radio,2026,741.78,pendiente,Monitoreo de medios - consolidado 2026
PROMOTORA CAMPER S.A.,radio,2026,482.65,pendiente,Monitoreo de medios - consolidado 2026
MAMIT,sitios_apps,2026,914.09,pendiente,Monitoreo de medios - consolidado 2026
MP IMPORTADORA,sitios_apps,2026,914.09,pendiente,Monitoreo de medios - consolidado 2026
SOHO BURGERS & WINGS,sitios_apps,2026,914.09,pendiente,Monitoreo de medios - consolidado 2026
INTERNATIONAL SCHOOL,radio,2026,861.62,pendiente,Monitoreo de medios - consolidado 2026
MUEBLERIA PALITO,radio,2026,952.54,pendiente,Monitoreo de medios - consolidado 2026
PREFECTURA DE SANTA ELENA,prensa,2026,1097.29,pendiente,Monitoreo de medios - consolidado 2026
ALMACENES MIRNA,sitios_apps,2026,883.32,pendiente,Monitoreo de medios - consolidado 2026
MAYAS,sitios_apps,2026,883.32,pendiente,Monitoreo de medios - consolidado 2026
LAGUNA MALL,sitios_apps,2026,1216.58,pendiente,Monitoreo de medios - consolidado 2026
SUSHIZO,sitios_apps,2026,895.81,pendiente,Monitoreo de medios - consolidado 2026
CHICBERRY,sitios_apps,2026,895.8,pendiente,Monitoreo de medios - consolidado 2026
CHICHA LIGTH,radio,2026,267.47,pendiente,Monitoreo de medios - consolidado 2026
DR. JUAN CARLOS RUIZ,radio,2026,1163.94,pendiente,Monitoreo de medios - consolidado 2026
COOP. CHIBULEO,sitios_apps,2026,848.06,pendiente,Monitoreo de medios - consolidado 2026
RECUPERARTE,radio,2026,1314.25,pendiente,Monitoreo de medios - consolidado 2026
ALIQORA,tv_abierta,2026,288.39,pendiente,Monitoreo de medios - consolidado 2026
PUSH,tv_abierta,2026,370.86,pendiente,Monitoreo de medios - consolidado 2026
PROYECTO AVENTURA,radio,2026,715.28,pendiente,Monitoreo de medios - consolidado 2026
BISCOTTI,sitios_apps,2026,840.06,pendiente,Monitoreo de medios - consolidado 2026
DGALIA,sitios_apps,2026,840.06,pendiente,Monitoreo de medios - consolidado 2026
DOLMEN,sitios_apps,2026,840.06,pendiente,Monitoreo de medios - consolidado 2026
FARMACIAS SU SALUD,sitios_apps,2026,840.06,pendiente,Monitoreo de medios - consolidado 2026
GEOBIENES,sitios_apps,2026,840.06,pendiente,Monitoreo de medios - consolidado 2026
GRUPO CTO,sitios_apps,2026,840.06,pendiente,Monitoreo de medios - consolidado 2026
LLANTA SEGURA,sitios_apps,2026,840.06,pendiente,Monitoreo de medios - consolidado 2026
MAXXICOMP,sitios_apps,2026,840.06,pendiente,Monitoreo de medios - consolidado 2026
TECNOCOSTO,sitios_apps,2026,840.06,pendiente,Monitoreo de medios - consolidado 2026
KUDAI,prensa,2026,566.35,pendiente,Monitoreo de medios - consolidado 2026
KUDAI,radio,2026,7.91,pendiente,Monitoreo de medios - consolidado 2026
AGRO LINK,sitios_apps,2026,866.16,pendiente,Monitoreo de medios - consolidado 2026
SANISSIMO,sitios_apps,2026,866.16,pendiente,Monitoreo de medios - consolidado 2026
BABYS PAAP,sitios_apps,2026,832.06,pendiente,Monitoreo de medios - consolidado 2026
CHAR BRAY,sitios_apps,2026,832.06,pendiente,Monitoreo de medios - consolidado 2026
MATVIL,sitios_apps,2026,832.06,pendiente,Monitoreo de medios - consolidado 2026
RANSA,sitios_apps,2026,832.06,pendiente,Monitoreo de medios - consolidado 2026
SENFINECO,sitios_apps,2026,832.06,pendiente,Monitoreo de medios - consolidado 2026
SERVIPAGOS,sitios_apps,2026,832.06,pendiente,Monitoreo de medios - consolidado 2026
QUINTA QUITO,radio,2026,951.1,pendiente,Monitoreo de medios - consolidado 2026
FUND. NAHIM ISAIAS B.,radio,2026,791.71,pendiente,Monitoreo de medios - consolidado 2026
AEADE,prensa,2026,566.35,pendiente,Monitoreo de medios - consolidado 2026
RUEDA DE NEGOCIOS TAIWAN,prensa,2026,566.35,pendiente,Monitoreo de medios - consolidado 2026
DISTRITO 5,sitios_apps,2026,859.25,pendiente,Monitoreo de medios - consolidado 2026
MANG,sitios_apps,2026,859.25,pendiente,Monitoreo de medios - consolidado 2026
EL DOBLEZ,sitios_apps,2026,859.25,pendiente,Monitoreo de medios - consolidado 2026
LUBARE,sitios_apps,2026,859.25,pendiente,Monitoreo de medios - consolidado 2026
THE BRANG,sitios_apps,2026,859.25,pendiente,Monitoreo de medios - consolidado 2026
TERRUA WINE LOUNGE,sitios_apps,2026,859.24,pendiente,Monitoreo de medios - consolidado 2026
MAC BATERIAS,radio,2026,901.17,pendiente,Monitoreo de medios - consolidado 2026
LIDERAZGO PROACTIVO,tv_abierta,2026,417.51,pendiente,Monitoreo de medios - consolidado 2026
SMART CLUB,sitios_apps,2026,712.33,pendiente,Monitoreo de medios - consolidado 2026
CATS RESTAURANTE,sitios_apps,2026,808.06,pendiente,Monitoreo de medios - consolidado 2026
AGREGADOS SAN JOSE S.A,prensa,2026,705.6,pendiente,Monitoreo de medios - consolidado 2026
CEILMACA,prensa,2026,705.6,pendiente,Monitoreo de medios - consolidado 2026
RED ECUATORIANA DE PEDAGOGIA,sitios_apps,2026,830.19,pendiente,Monitoreo de medios - consolidado 2026
REFORESTAMOS S.A.,radio,2026,1109.0,pendiente,Monitoreo de medios - consolidado 2026
UNITY STORES,sitios_apps,2026,726.21,pendiente,Monitoreo de medios - consolidado 2026
BELLEZA Y ESTILO,radio,2026,263.12,pendiente,Monitoreo de medios - consolidado 2026
CHUPACELL,sitios_apps,2026,840.96,pendiente,Monitoreo de medios - consolidado 2026
CODEFE,otros,2026,1178.95,pendiente,Monitoreo de medios - consolidado 2026
GORFFIN,otros,2026,1178.95,pendiente,Monitoreo de medios - consolidado 2026
GRUPOS ENTREGAS,otros,2026,1178.95,pendiente,Monitoreo de medios - consolidado 2026
PREMIOS EXCELENCIA LOGISTICAS ECUADOR,otros,2026,1178.95,pendiente,Monitoreo de medios - consolidado 2026
REPUTATION DAY,otros,2026,1178.95,pendiente,Monitoreo de medios - consolidado 2026
SERPE,otros,2026,1178.95,pendiente,Monitoreo de medios - consolidado 2026
SUMAT EXPO,otros,2026,1178.95,pendiente,Monitoreo de medios - consolidado 2026
YPSILOM (CONSULTORIA),otros,2026,1178.95,pendiente,Monitoreo de medios - consolidado 2026
CLINICA ALINEO,sitios_apps,2026,818.23,pendiente,Monitoreo de medios - consolidado 2026
PIEDRA DE AGUA,sitios_apps,2026,818.23,pendiente,Monitoreo de medios - consolidado 2026
WARNER BROSS,sitios_apps,2026,402.2,pendiente,Monitoreo de medios - consolidado 2026
WARNER BROSS,radio,2026,416.72,pendiente,Monitoreo de medios - consolidado 2026
CORFOCESANTIA,prensa,2026,1129.28,pendiente,Monitoreo de medios - consolidado 2026
LEOTEX,radio,2026,676.62,pendiente,Monitoreo de medios - consolidado 2026
PLAZA SOLEIL,sitios_apps,2026,801.14,pendiente,Monitoreo de medios - consolidado 2026
ARQUIDIOCESIS DE CUENCA,prensa,2026,1013.6,pendiente,Monitoreo de medios - consolidado 2026
BRAU GASTRO PUB,sitios_apps,2026,822.68,pendiente,Monitoreo de medios - consolidado 2026
DEL MONTE AGUARDIENTE,sitios_apps,2026,822.68,pendiente,Monitoreo de medios - consolidado 2026
GOURMEET,sitios_apps,2026,822.68,pendiente,Monitoreo de medios - consolidado 2026
SU FRAGANCIA,sitios_apps,2026,822.68,pendiente,Monitoreo de medios - consolidado 2026
EL CHACAL PARRILLA,radio,2026,975.44,pendiente,Monitoreo de medios - consolidado 2026
UNIV. LAICA VICENTE ROCAFUERTE DE GQUIL,prensa,2026,1102.39,pendiente,Monitoreo de medios - consolidado 2026
AUSTROGAS,sitios_apps,2026,776.06,pendiente,Monitoreo de medios - consolidado 2026
MISSKA,sitios_apps,2026,776.06,pendiente,Monitoreo de medios - consolidado 2026
MONSTER ELECTRONICS,sitios_apps,2026,776.06,pendiente,Monitoreo de medios - consolidado 2026
COOP. DE VIVIENDA MUSCULOS Y RIELES,prensa,2026,1097.01,pendiente,Monitoreo de medios - consolidado 2026
GRUPO ELECTMB S. A.,radio,2026,1009.8,pendiente,Monitoreo de medios - consolidado 2026
INTERDIN,prensa,2026,1097.01,pendiente,Monitoreo de medios - consolidado 2026
REJUVA LIFE CENTRO MEDICO,radio,2026,559.06,pendiente,Monitoreo de medios - consolidado 2026
NOVAMEDIC,sitios_apps,2026,280.02,pendiente,Monitoreo de medios - consolidado 2026
NOVAMEDIC,radio,2026,367.19,pendiente,Monitoreo de medios - consolidado 2026
SOLPHOWER,sitios_apps,2026,781.14,pendiente,Monitoreo de medios - consolidado 2026
FARMACIA MIA,sitios_apps,2026,791.91,pendiente,Monitoreo de medios - consolidado 2026
CHUB´S,sitios_apps,2026,804.41,pendiente,Monitoreo de medios - consolidado 2026
EASY TRAVEL,sitios_apps,2026,804.41,pendiente,Monitoreo de medios - consolidado 2026
FUTURO CASA DE VALORES,sitios_apps,2026,804.41,pendiente,Monitoreo de medios - consolidado 2026
GOLI NUTRITION,sitios_apps,2026,804.41,pendiente,Monitoreo de medios - consolidado 2026
JOIE,sitios_apps,2026,804.41,pendiente,Monitoreo de medios - consolidado 2026
JORGE BISCHOFF,sitios_apps,2026,804.41,pendiente,Monitoreo de medios - consolidado 2026
KUUL,sitios_apps,2026,804.41,pendiente,Monitoreo de medios - consolidado 2026
LUMENIA IMPORT. & DISTRIB.,sitios_apps,2026,804.41,pendiente,Monitoreo de medios - consolidado 2026
PET PRO,sitios_apps,2026,804.41,pendiente,Monitoreo de medios - consolidado 2026
PIZA EC,sitios_apps,2026,804.41,pendiente,Monitoreo de medios - consolidado 2026
SAORI SUSHI,sitios_apps,2026,804.41,pendiente,Monitoreo de medios - consolidado 2026
SOC. INDUSTRIAL EL ORDEÑO,sitios_apps,2026,804.41,pendiente,Monitoreo de medios - consolidado 2026
SOLVER,sitios_apps,2026,804.41,pendiente,Monitoreo de medios - consolidado 2026
EL DOLAR,sitios_apps,2026,804.4,pendiente,Monitoreo de medios - consolidado 2026
PHYSIO SPORT & CARE,radio,2026,468.99,pendiente,Monitoreo de medios - consolidado 2026
AGROSUNCORP,otros,2026,972.0,pendiente,Monitoreo de medios - consolidado 2026
FATOSLA,tv_paga,2026,247.5,pendiente,Monitoreo de medios - consolidado 2026
KERAMICOS,revistas,2026,1158.3,pendiente,Monitoreo de medios - consolidado 2026
MASTER MOTO,sitios_apps,2026,761.14,pendiente,Monitoreo de medios - consolidado 2026
MASTER MOTO,radio,2026,4.34,pendiente,Monitoreo de medios - consolidado 2026
NEO-FARMACO DEL ECUADOR,prensa,2026,294.0,pendiente,Monitoreo de medios - consolidado 2026
NEO-FARMACO DEL ECUADOR,radio,2026,448.87,pendiente,Monitoreo de medios - consolidado 2026
HEALTHY LIFE,sitios_apps,2026,511.89,pendiente,Monitoreo de medios - consolidado 2026
HEALTHY LIFE,radio,2026,309.12,pendiente,Monitoreo de medios - consolidado 2026
LASCANO SANCHEZ IMPORTACIONES,sitios_apps,2026,786.12,pendiente,Monitoreo de medios - consolidado 2026
ASIA TRUCKS,sitios_apps,2026,744.06,pendiente,Monitoreo de medios - consolidado 2026
INST. DE ESTUDIOS DE TELEVISION (ITV),sitios_apps,2026,744.06,pendiente,Monitoreo de medios - consolidado 2026
NUTRIFIT,sitios_apps,2026,744.06,pendiente,Monitoreo de medios - consolidado 2026
PRO STATUS,sitios_apps,2026,744.06,pendiente,Monitoreo de medios - consolidado 2026
PRODELSOL,sitios_apps,2026,744.06,pendiente,Monitoreo de medios - consolidado 2026
STANGEN,sitios_apps,2026,744.06,pendiente,Monitoreo de medios - consolidado 2026
CAMARA DE INDUSTRIAS Y PRODUCCION,prensa,2026,1053.99,pendiente,Monitoreo de medios - consolidado 2026
FER ROMAN BEAUTY STUDIO,radio,2026,659.49,pendiente,Monitoreo de medios - consolidado 2026
AGROPESA,radio,2026,981.97,pendiente,Monitoreo de medios - consolidado 2026
PRIMAPLUS,sitios_apps,2026,663.7,pendiente,Monitoreo de medios - consolidado 2026
EL EMPAQUE,sitios_apps,2026,736.05,pendiente,Monitoreo de medios - consolidado 2026
GUAYAQUIL TENIS CLUB,prensa,2026,1044.13,pendiente,Monitoreo de medios - consolidado 2026
VIVENDI,radio,2026,531.66,pendiente,Monitoreo de medios - consolidado 2026
MAC SECURITY,radio,2026,137.6,pendiente,Monitoreo de medios - consolidado 2026
CUENCA MUEBLES,sitios_apps,2026,747.1,pendiente,Monitoreo de medios - consolidado 2026
ADVENTOURS TRAVEL,sitios_apps,2026,767.84,pendiente,Monitoreo de medios - consolidado 2026
AVON DEL ECUADOR,sitios_apps,2026,767.84,pendiente,Monitoreo de medios - consolidado 2026
BEAUTY OF JOSEON,sitios_apps,2026,767.84,pendiente,Monitoreo de medios - consolidado 2026
BEVERLY,sitios_apps,2026,767.84,pendiente,Monitoreo de medios - consolidado 2026
CAFE DE CAMPO,sitios_apps,2026,767.84,pendiente,Monitoreo de medios - consolidado 2026
DEPIL SPA,sitios_apps,2026,767.84,pendiente,Monitoreo de medios - consolidado 2026
EL PADRINO PIZZERIA,sitios_apps,2026,767.84,pendiente,Monitoreo de medios - consolidado 2026
FARO DEL PORTO,sitios_apps,2026,767.84,pendiente,Monitoreo de medios - consolidado 2026
FOSFORERA ECUATORIANA S.A.,sitios_apps,2026,767.84,pendiente,Monitoreo de medios - consolidado 2026
ISHA & TINTO,sitios_apps,2026,767.84,pendiente,Monitoreo de medios - consolidado 2026
LA QUILLA,sitios_apps,2026,767.84,pendiente,Monitoreo de medios - consolidado 2026
LAB. LIRA,sitios_apps,2026,767.84,pendiente,Monitoreo de medios - consolidado 2026
MEGATUL,sitios_apps,2026,767.84,pendiente,Monitoreo de medios - consolidado 2026
MI GENTE,sitios_apps,2026,767.84,pendiente,Monitoreo de medios - consolidado 2026
OG,sitios_apps,2026,767.84,pendiente,Monitoreo de medios - consolidado 2026
PECS,sitios_apps,2026,767.84,pendiente,Monitoreo de medios - consolidado 2026
PIERRE COFFEE HOUSE,sitios_apps,2026,767.84,pendiente,Monitoreo de medios - consolidado 2026
PRILABSA,sitios_apps,2026,767.84,pendiente,Monitoreo de medios - consolidado 2026
SAIGON DEL ECUADOR,sitios_apps,2026,767.84,pendiente,Monitoreo de medios - consolidado 2026
VIOLETA FLOWER SHOP,sitios_apps,2026,767.84,pendiente,Monitoreo de medios - consolidado 2026
CUNINGHAM,sitios_apps,2026,745.1,pendiente,Monitoreo de medios - consolidado 2026
JOYERIA GUILLERMO VAZQUEZ S. A.,sitios_apps,2026,745.1,pendiente,Monitoreo de medios - consolidado 2026
PANEL REY,sitios_apps,2026,753.46,pendiente,Monitoreo de medios - consolidado 2026
MUNICIPIO DE SANTO DOMINGO,radio,2026,984.24,pendiente,Monitoreo de medios - consolidado 2026
AUTOREPUESTOS QUITO,radio,2026,664.19,pendiente,Monitoreo de medios - consolidado 2026
COLEGIO JOHANNES KEPLER,radio,2026,812.11,pendiente,Monitoreo de medios - consolidado 2026
LUBRICANTES LM JR,prensa,2026,627.1,pendiente,Monitoreo de medios - consolidado 2026
DR. NEXAR R. GANCHOZO MACIAS,prensa,2026,626.29,pendiente,Monitoreo de medios - consolidado 2026
ALDEAS INFANTILES SOS,sitios_apps,2026,716.05,pendiente,Monitoreo de medios - consolidado 2026
KEIF,sitios_apps,2026,716.05,pendiente,Monitoreo de medios - consolidado 2026
AGUARDIENTE AMARILLO,radio,2026,562.64,pendiente,Monitoreo de medios - consolidado 2026
ELECTRORAL,radio,2026,639.94,pendiente,Monitoreo de medios - consolidado 2026
LINIMENTO OLIMPICO,radio,2026,788.79,pendiente,Monitoreo de medios - consolidado 2026
SPORT SOURCE,sitios_apps,2026,731.27,pendiente,Monitoreo de medios - consolidado 2026
SPORT SOURCE,radio,2026,8.96,pendiente,Monitoreo de medios - consolidado 2026
GOB. DEL CANTON SALINAS,prensa,2026,903.43,pendiente,Monitoreo de medios - consolidado 2026
CAFE VELEZ,sitios_apps,2026,704.05,pendiente,Monitoreo de medios - consolidado 2026
VIBA,sitios_apps,2026,704.05,pendiente,Monitoreo de medios - consolidado 2026
THOR KITCHEN,sitios_apps,2026,701.95,pendiente,Monitoreo de medios - consolidado 2026
INALECSA,sitios_apps,2026,496.04,pendiente,Monitoreo de medios - consolidado 2026
INALECSA,prensa,2026,263.52,pendiente,Monitoreo de medios - consolidado 2026
HOSTERIA DOS CHORRERAS,sitios_apps,2026,735.84,pendiente,Monitoreo de medios - consolidado 2026
CARNAVAL CRUCITA,prensa,2026,611.4,pendiente,Monitoreo de medios - consolidado 2026
TERMINAL PORTUARIO DE MANTA,prensa,2026,611.4,pendiente,Monitoreo de medios - consolidado 2026
AUTOCAMBIO VERDESOTO,sitios_apps,2026,697.45,pendiente,Monitoreo de medios - consolidado 2026
CORFRUIT,sitios_apps,2026,731.27,pendiente,Monitoreo de medios - consolidado 2026
MR. BURGER,sitios_apps,2026,731.27,pendiente,Monitoreo de medios - consolidado 2026
THE KING FIT,sitios_apps,2026,731.27,pendiente,Monitoreo de medios - consolidado 2026
HISENSE,sitios_apps,2026,696.05,pendiente,Monitoreo de medios - consolidado 2026
MUNICIPIO DE SANTA ELENA,prensa,2026,893.09,pendiente,Monitoreo de medios - consolidado 2026
LA TASCA DEL CENTRO,sitios_apps,2026,719.91,pendiente,Monitoreo de medios - consolidado 2026
MAG AUTOS,sitios_apps,2026,695.82,pendiente,Monitoreo de medios - consolidado 2026
MUNICIPIO DE DURAN,prensa,2026,959.88,pendiente,Monitoreo de medios - consolidado 2026
MUNICIPIO DE DURAN,radio,2026,11.29,pendiente,Monitoreo de medios - consolidado 2026
EMESERVI,radio,2026,702.1,pendiente,Monitoreo de medios - consolidado 2026
PENINSULA,radio,2026,739.18,pendiente,Monitoreo de medios - consolidado 2026
WIFI TO GO,sitios_apps,2026,402.2,pendiente,Monitoreo de medios - consolidado 2026
WIFI TO GO,radio,2026,357.17,pendiente,Monitoreo de medios - consolidado 2026
GLOBAL PLAN,sitios_apps,2026,702.22,pendiente,Monitoreo de medios - consolidado 2026
MITSUMOTORS/CORASA,sitios_apps,2026,702.22,pendiente,Monitoreo de medios - consolidado 2026
GALA IMPORTACIONES,sitios_apps,2026,643.56,pendiente,Monitoreo de medios - consolidado 2026
PIZZA CHE FARINA,radio,2026,611.06,pendiente,Monitoreo de medios - consolidado 2026
POLLO FAVORITO S.A.,prensa,2026,967.95,pendiente,Monitoreo de medios - consolidado 2026
COM. CASANOVA,sitios_apps,2026,712.99,pendiente,Monitoreo de medios - consolidado 2026
CONDELPI,radio,2026,621.32,pendiente,Monitoreo de medios - consolidado 2026
DONA FUTURO,prensa,2026,959.88,pendiente,Monitoreo de medios - consolidado 2026
VIAJES Y VISAS EC,radio,2026,816.7,pendiente,Monitoreo de medios - consolidado 2026
INVIMEDIC S.A.,sitios_apps,2026,633.52,pendiente,Monitoreo de medios - consolidado 2026
BILOVA,radio,2026,161.71,pendiente,Monitoreo de medios - consolidado 2026
ALUSWEET,sitios_apps,2026,672.57,pendiente,Monitoreo de medios - consolidado 2026
BANARIEGO CIA LTDA,sitios_apps,2026,694.71,pendiente,Monitoreo de medios - consolidado 2026
EL GANSO,sitios_apps,2026,694.71,pendiente,Monitoreo de medios - consolidado 2026
MEGAPROELEC,sitios_apps,2026,671.97,pendiente,Monitoreo de medios - consolidado 2026
LA MULA CIEGA,radio,2026,21.32,pendiente,Monitoreo de medios - consolidado 2026
LA MULA CIEGA,tv_paga,2026,205.27,pendiente,Monitoreo de medios - consolidado 2026
VERNAZA GRAFIC,sitios_apps,2026,280.02,pendiente,Monitoreo de medios - consolidado 2026
VERNAZA GRAFIC,prensa,2026,254.86,pendiente,Monitoreo de medios - consolidado 2026
CHANGOMAS,tv_paga,2026,1551.54,pendiente,Monitoreo de medios - consolidado 2026
DERMOTIENDA SHOPPING,sitios_apps,2026,607.0,pendiente,Monitoreo de medios - consolidado 2026
JUCY,sitios_apps,2026,650.32,pendiente,Monitoreo de medios - consolidado 2026
BEAUTY LASER SPA,radio,2026,1078.09,pendiente,Monitoreo de medios - consolidado 2026
GO RASTREO SATELITAL,radio,2026,887.73,pendiente,Monitoreo de medios - consolidado 2026
LIVIN SEGUROS,sitios_apps,2026,652.57,pendiente,Monitoreo de medios - consolidado 2026
TABU DENIM,sitios_apps,2026,676.43,pendiente,Monitoreo de medios - consolidado 2026
ASISVET,radio,2026,832.24,pendiente,Monitoreo de medios - consolidado 2026
JAMA CAMPAY RESORT & SPA,radio,2026,6.44,pendiente,Monitoreo de medios - consolidado 2026
JAMA CAMPAY RESORT & SPA,revistas,2026,965.25,pendiente,Monitoreo de medios - consolidado 2026
BONAPHARM,sitios_apps,2026,575.2,pendiente,Monitoreo de medios - consolidado 2026
EXPO TIENDA,radio,2026,836.5,pendiente,Monitoreo de medios - consolidado 2026
UNION CEMENTERA NACIONAL,sitios_apps,2026,27.43,pendiente,Monitoreo de medios - consolidado 2026
UNION CEMENTERA NACIONAL,revistas,2026,933.08,pendiente,Monitoreo de medios - consolidado 2026
WHOLEBUSINESS S. A.,radio,2026,3.26,pendiente,Monitoreo de medios - consolidado 2026
WHOLEBUSINESS S. A.,revistas,2026,965.25,pendiente,Monitoreo de medios - consolidado 2026
ECOBEL S. A.,radio,2026,686.07,pendiente,Monitoreo de medios - consolidado 2026
HABITAT REAL,sitios_apps,2026,113.69,pendiente,Monitoreo de medios - consolidado 2026
HABITAT REAL,prensa,2026,439.77,pendiente,Monitoreo de medios - consolidado 2026
593 SECURITY,revistas,2026,965.25,pendiente,Monitoreo de medios - consolidado 2026
ACAD. DE DEFENSA BIDOKAN,otros,2026,896.25,pendiente,Monitoreo de medios - consolidado 2026
AEROMEXICO,revistas,2026,965.25,pendiente,Monitoreo de medios - consolidado 2026
ALFA PEOPLE,revistas,2026,965.25,pendiente,Monitoreo de medios - consolidado 2026
ARQUETIKA,revistas,2026,965.25,pendiente,Monitoreo de medios - consolidado 2026
ATTENZA,revistas,2026,965.25,pendiente,Monitoreo de medios - consolidado 2026
AUSUBEL HIGH SCHOOL,revistas,2026,965.25,pendiente,Monitoreo de medios - consolidado 2026
BEST DOCTORS,revistas,2026,965.25,pendiente,Monitoreo de medios - consolidado 2026
BLANCO EQUIPOS MEDICOS,revistas,2026,965.25,pendiente,Monitoreo de medios - consolidado 2026
BUSINESS IT,revistas,2026,965.25,pendiente,Monitoreo de medios - consolidado 2026
CENTRO QUIRURGICO DAVINCI,revistas,2026,965.25,pendiente,Monitoreo de medios - consolidado 2026
COONECTA,revistas,2026,965.25,pendiente,Monitoreo de medios - consolidado 2026
COOP. CACPE LOJA LTDA.,revistas,2026,965.25,pendiente,Monitoreo de medios - consolidado 2026
COOP. COOPAD,revistas,2026,965.25,pendiente,Monitoreo de medios - consolidado 2026
COOP. DE LA PEQUEÑA EMPRESA GUALAQUIZA,revistas,2026,965.25,pendiente,Monitoreo de medios - consolidado 2026
COOP. PASTAZA,revistas,2026,965.25,pendiente,Monitoreo de medios - consolidado 2026
COOP. VIS ANDES,revistas,2026,965.25,pendiente,Monitoreo de medios - consolidado 2026
CORP. QUIPORT S.A.,revistas,2026,965.25,pendiente,Monitoreo de medios - consolidado 2026
CORPUS CHRISTI,revistas,2026,965.25,pendiente,Monitoreo de medios - consolidado 2026
DIANA QUINTANA CLUB DEPORTIVO,otros,2026,896.25,pendiente,Monitoreo de medios - consolidado 2026
ECUAPRIMAS,revistas,2026,965.25,pendiente,Monitoreo de medios - consolidado 2026
FERIA DE PORCENALA CHINA ANDY,otros,2026,896.25,pendiente,Monitoreo de medios - consolidado 2026
GEA ECUADOR,revistas,2026,965.25,pendiente,Monitoreo de medios - consolidado 2026
GRUPO NOVATECH,revistas,2026,965.25,pendiente,Monitoreo de medios - consolidado 2026
HOSPITAL MONTE SINAI,revistas,2026,965.25,pendiente,Monitoreo de medios - consolidado 2026
INST. PART. ABDON CALDERON (IPAC),revistas,2026,965.25,pendiente,Monitoreo de medios - consolidado 2026
LA QUERENCIA,revistas,2026,965.25,pendiente,Monitoreo de medios - consolidado 2026
LETERAGO DEL ECUADOR S.A.,revistas,2026,965.25,pendiente,Monitoreo de medios - consolidado 2026
ORIFLAME,otros,2026,896.25,pendiente,Monitoreo de medios - consolidado 2026
PC INTERNATIONAL SEARCH & ASSESSMENT,revistas,2026,965.25,pendiente,Monitoreo de medios - consolidado 2026
PICAVAL,revistas,2026,965.25,pendiente,Monitoreo de medios - consolidado 2026
PROD. PARAISO DEL ECUADOR S.A.,revistas,2026,965.25,pendiente,Monitoreo de medios - consolidado 2026
PRODIMEDA,revistas,2026,965.25,pendiente,Monitoreo de medios - consolidado 2026
PROSEGUR,revistas,2026,965.25,pendiente,Monitoreo de medios - consolidado 2026
SAN FELIPE,revistas,2026,965.25,pendiente,Monitoreo de medios - consolidado 2026
SIGLO 21,revistas,2026,965.25,pendiente,Monitoreo de medios - consolidado 2026
SIMED,revistas,2026,965.25,pendiente,Monitoreo de medios - consolidado 2026
VEOLIA,revistas,2026,965.25,pendiente,Monitoreo de medios - consolidado 2026
WORK FORCE,revistas,2026,965.25,pendiente,Monitoreo de medios - consolidado 2026
ZHM SEGUROS,revistas,2026,965.25,pendiente,Monitoreo de medios - consolidado 2026
PROALMEX,sitios_apps,2026,650.22,pendiente,Monitoreo de medios - consolidado 2026
AGRODIL HD,radio,2026,870.94,pendiente,Monitoreo de medios - consolidado 2026
CENTRO ECUATORIANO NORTEAMERICANO,sitios_apps,2026,645.66,pendiente,Monitoreo de medios - consolidado 2026
LA SPIGA,sitios_apps,2026,603.3,pendiente,Monitoreo de medios - consolidado 2026
LA SPIGA,radio,2026,38.37,pendiente,Monitoreo de medios - consolidado 2026
PATOTTIS,radio,2026,700.19,pendiente,Monitoreo de medios - consolidado 2026
C. C. CARACOL,sitios_apps,2026,658.14,pendiente,Monitoreo de medios - consolidado 2026
CANTONES INTERNACIONAL,sitios_apps,2026,658.14,pendiente,Monitoreo de medios - consolidado 2026
DIMETAL,sitios_apps,2026,658.14,pendiente,Monitoreo de medios - consolidado 2026
DIPIUR ACCESORIOS,sitios_apps,2026,658.14,pendiente,Monitoreo de medios - consolidado 2026
EUROFARMA,sitios_apps,2026,658.14,pendiente,Monitoreo de medios - consolidado 2026
KLM ROYAL DUTCH AIRLINES,sitios_apps,2026,658.14,pendiente,Monitoreo de medios - consolidado 2026
NEPROPAC SA,sitios_apps,2026,658.14,pendiente,Monitoreo de medios - consolidado 2026
ORALE MEXICAN,sitios_apps,2026,658.14,pendiente,Monitoreo de medios - consolidado 2026
SUPER TICKET,sitios_apps,2026,658.14,pendiente,Monitoreo de medios - consolidado 2026
TIENDA PL,sitios_apps,2026,658.14,pendiente,Monitoreo de medios - consolidado 2026
MOUNTAIN TOURS,radio,2026,532.27,pendiente,Monitoreo de medios - consolidado 2026
ALMACENES SILVITA,sitios_apps,2026,624.04,pendiente,Monitoreo de medios - consolidado 2026
CAWI,sitios_apps,2026,624.04,pendiente,Monitoreo de medios - consolidado 2026
CERES ECUADOR,sitios_apps,2026,624.04,pendiente,Monitoreo de medios - consolidado 2026
EAU THERMALE AVENE,sitios_apps,2026,624.04,pendiente,Monitoreo de medios - consolidado 2026
ESTHER RESTAURANT,sitios_apps,2026,624.04,pendiente,Monitoreo de medios - consolidado 2026
GANACELL,sitios_apps,2026,624.04,pendiente,Monitoreo de medios - consolidado 2026
JOHN FRIEDA,sitios_apps,2026,624.04,pendiente,Monitoreo de medios - consolidado 2026
LEVELX,sitios_apps,2026,624.04,pendiente,Monitoreo de medios - consolidado 2026
MIRHO,sitios_apps,2026,624.04,pendiente,Monitoreo de medios - consolidado 2026
OISHI SUSHI & FUSION,sitios_apps,2026,624.04,pendiente,Monitoreo de medios - consolidado 2026
PHONE FIXER,sitios_apps,2026,624.04,pendiente,Monitoreo de medios - consolidado 2026
PLASTICOS RIVAL,sitios_apps,2026,624.04,pendiente,Monitoreo de medios - consolidado 2026
TOTAL,sitios_apps,2026,624.04,pendiente,Monitoreo de medios - consolidado 2026
UNID. EDUC. BOSTON,sitios_apps,2026,624.04,pendiente,Monitoreo de medios - consolidado 2026
VIVE MEDICAL,sitios_apps,2026,624.04,pendiente,Monitoreo de medios - consolidado 2026
ZIRCUS LOUNGE & RESTAURANT,sitios_apps,2026,624.04,pendiente,Monitoreo de medios - consolidado 2026
CITROEN,sitios_apps,2026,570.79,pendiente,Monitoreo de medios - consolidado 2026
CITROEN,radio,2026,42.0,pendiente,Monitoreo de medios - consolidado 2026
WELLNESS DAY,prensa,2026,424.76,pendiente,Monitoreo de medios - consolidado 2026
ALBORNOS CERVUTRANS S.A.,prensa,2026,424.76,pendiente,Monitoreo de medios - consolidado 2026
ALMAGRO,prensa,2026,424.76,pendiente,Monitoreo de medios - consolidado 2026
FUTUAGUITAS S.A,prensa,2026,424.76,pendiente,Monitoreo de medios - consolidado 2026
SAFETY ENFORCEMENT,prensa,2026,424.76,pendiente,Monitoreo de medios - consolidado 2026
MEGA TOURS,radio,2026,765.91,pendiente,Monitoreo de medios - consolidado 2026
SEGURILAB,tv_abierta,2026,252.21,pendiente,Monitoreo de medios - consolidado 2026
BONNEVILLE INTERNATIONAL CORP.,tv_abierta,2026,36.6,pendiente,Monitoreo de medios - consolidado 2026
INGENIERIA SOLAR ECUADOR,radio,2026,523.25,pendiente,Monitoreo de medios - consolidado 2026
ANA MARIA LA JUSTICIA,sitios_apps,2026,629.09,pendiente,Monitoreo de medios - consolidado 2026
NOPAL PLAZA,radio,2026,804.54,pendiente,Monitoreo de medios - consolidado 2026
INST. SUPERIOR UNIVERSITARIO BOLIVARIANO,revistas,2026,933.08,pendiente,Monitoreo de medios - consolidado 2026
ARTESCO,sitios_apps,2026,617.13,pendiente,Monitoreo de medios - consolidado 2026
GRAN HOGAR,sitios_apps,2026,617.13,pendiente,Monitoreo de medios - consolidado 2026
MM WINGS,sitios_apps,2026,617.13,pendiente,Monitoreo de medios - consolidado 2026
TAC TECHNOLOGIES,radio,2026,84.1,pendiente,Monitoreo de medios - consolidado 2026
UNIPARK,sitios_apps,2026,300.02,pendiente,Monitoreo de medios - consolidado 2026
UNIPARK,radio,2026,297.11,pendiente,Monitoreo de medios - consolidado 2026
MASHPI LODGE,radio,2026,318.78,pendiente,Monitoreo de medios - consolidado 2026
SIS DIGITAL,radio,2026,868.98,pendiente,Monitoreo de medios - consolidado 2026
ORGANIZACION MUNDIAL DE ALFABETIZACION,radio,2026,106.65,pendiente,Monitoreo de medios - consolidado 2026
ACCION DEMOCRATICA NACIONAL,sitios_apps,2026,600.04,pendiente,Monitoreo de medios - consolidado 2026
BOSH CAR SERVICE,sitios_apps,2026,600.04,pendiente,Monitoreo de medios - consolidado 2026
FONDO PARA LA PROTECCION DEL AGUA,sitios_apps,2026,600.04,pendiente,Monitoreo de medios - consolidado 2026
HOTEL FINCH BAY,sitios_apps,2026,600.04,pendiente,Monitoreo de medios - consolidado 2026
IMBAUTO,sitios_apps,2026,600.04,pendiente,Monitoreo de medios - consolidado 2026
INDUSTRIAS LAC QUITO ECUADOR,sitios_apps,2026,600.04,pendiente,Monitoreo de medios - consolidado 2026
LUXOR INMOBILIARIA,sitios_apps,2026,600.04,pendiente,Monitoreo de medios - consolidado 2026
NOVA LIDER,sitios_apps,2026,600.04,pendiente,Monitoreo de medios - consolidado 2026
RED CRAB,sitios_apps,2026,600.04,pendiente,Monitoreo de medios - consolidado 2026
SANTITO BAR,sitios_apps,2026,600.04,pendiente,Monitoreo de medios - consolidado 2026
WORLD VISION,sitios_apps,2026,600.04,pendiente,Monitoreo de medios - consolidado 2026
GLOBAL TOURING,sitios_apps,2026,600.03,pendiente,Monitoreo de medios - consolidado 2026
EMPROCINEMA,sitios_apps,2026,511.89,pendiente,Monitoreo de medios - consolidado 2026
EMPROCINEMA,tv_abierta,2026,49.04,pendiente,Monitoreo de medios - consolidado 2026
B. CUERPO BOMBEROS DE SAMBORONDON,radio,2026,466.15,pendiente,Monitoreo de medios - consolidado 2026
ETIMET,radio,2026,719.59,pendiente,Monitoreo de medios - consolidado 2026
FED. ECUATORIANA DE FUTBOL,sitios_apps,2026,559.0,pendiente,Monitoreo de medios - consolidado 2026
CAMPOSANTO SANTA ANA,sitios_apps,2026,610.22,pendiente,Monitoreo de medios - consolidado 2026
KOI SUSHI,sitios_apps,2026,644.38,pendiente,Monitoreo de medios - consolidado 2026
COOP. ESPERANZA Y PROGRESO DEL VALLE,radio,2026,592.08,pendiente,Monitoreo de medios - consolidado 2026
CLINICA PANAMERICANA,radio,2026,627.18,pendiente,Monitoreo de medios - consolidado 2026
CROSSOVER,radio,2026,886.42,pendiente,Monitoreo de medios - consolidado 2026
CENTRO INTEGRAL ECUAT. DE HEMATOLOGIA,radio,2026,383.69,pendiente,Monitoreo de medios - consolidado 2026
INSEG CIA LTDA,prensa,2026,754.65,pendiente,Monitoreo de medios - consolidado 2026
PROKARNITA S.A,prensa,2026,754.65,pendiente,Monitoreo de medios - consolidado 2026
PANADERIA DEL NORTE,prensa,2026,754.64,pendiente,Monitoreo de medios - consolidado 2026
EQUINOX S.A.,prensa,2026,754.56,pendiente,Monitoreo de medios - consolidado 2026
AUTOCORNER,radio,2026,789.59,pendiente,Monitoreo de medios - consolidado 2026
GOLDEN,tv_abierta,2026,77.97,pendiente,Monitoreo de medios - consolidado 2026
DISCABAR,sitios_apps,2026,580.04,pendiente,Monitoreo de medios - consolidado 2026
AGROBASALTO,radio,2026,629.19,pendiente,Monitoreo de medios - consolidado 2026
BPO ASESORES EMPRESARIALES,prensa,2026,504.8,pendiente,Monitoreo de medios - consolidado 2026
UNIDAD EDUC. PART. BAUTISTA GUAYACANES,radio,2026,134.88,pendiente,Monitoreo de medios - consolidado 2026
ALTIUS MEDICAL,sitios_apps,2026,603.3,pendiente,Monitoreo de medios - consolidado 2026
BELLA GLAM,sitios_apps,2026,603.3,pendiente,Monitoreo de medios - consolidado 2026
BOCATTO DA FIORENTINO,sitios_apps,2026,603.3,pendiente,Monitoreo de medios - consolidado 2026
BOLON DEL SUR,sitios_apps,2026,603.3,pendiente,Monitoreo de medios - consolidado 2026
CIKLA,sitios_apps,2026,603.3,pendiente,Monitoreo de medios - consolidado 2026
CLANS,sitios_apps,2026,603.3,pendiente,Monitoreo de medios - consolidado 2026
COSHEAL,sitios_apps,2026,603.3,pendiente,Monitoreo de medios - consolidado 2026
DANZAS JAZZ,sitios_apps,2026,603.3,pendiente,Monitoreo de medios - consolidado 2026
EL ARBOLITO (MUEBLES),sitios_apps,2026,603.3,pendiente,Monitoreo de medios - consolidado 2026
ERRETZ,sitios_apps,2026,603.3,pendiente,Monitoreo de medios - consolidado 2026
FARMAYALA,sitios_apps,2026,603.3,pendiente,Monitoreo de medios - consolidado 2026
FIRMAS ELECTRONICAS ECUADOR,sitios_apps,2026,603.3,pendiente,Monitoreo de medios - consolidado 2026
HOTEL CIRCASIANA PALACE,sitios_apps,2026,603.3,pendiente,Monitoreo de medios - consolidado 2026
KARCHER,sitios_apps,2026,603.3,pendiente,Monitoreo de medios - consolidado 2026
KAY COSMETICS,sitios_apps,2026,603.3,pendiente,Monitoreo de medios - consolidado 2026
LA COLMENA,sitios_apps,2026,603.3,pendiente,Monitoreo de medios - consolidado 2026
LITTLE ITALY,sitios_apps,2026,603.3,pendiente,Monitoreo de medios - consolidado 2026
MAGNALAB,sitios_apps,2026,603.3,pendiente,Monitoreo de medios - consolidado 2026
MASCOTAS PETSHOP,sitios_apps,2026,603.3,pendiente,Monitoreo de medios - consolidado 2026
MEDINA HOSPITAL,sitios_apps,2026,603.3,pendiente,Monitoreo de medios - consolidado 2026
MINI (VEHICULO),sitios_apps,2026,603.3,pendiente,Monitoreo de medios - consolidado 2026
OSSION,sitios_apps,2026,603.3,pendiente,Monitoreo de medios - consolidado 2026
PLAZA 8,sitios_apps,2026,603.3,pendiente,Monitoreo de medios - consolidado 2026
PLAZA PACIFICO,sitios_apps,2026,603.3,pendiente,Monitoreo de medios - consolidado 2026
QUENTAO LICOR DE ACAI,sitios_apps,2026,603.3,pendiente,Monitoreo de medios - consolidado 2026
SILUETICA,sitios_apps,2026,603.3,pendiente,Monitoreo de medios - consolidado 2026
SPECILAIZED,sitios_apps,2026,603.3,pendiente,Monitoreo de medios - consolidado 2026
SYLVANIA,sitios_apps,2026,603.3,pendiente,Monitoreo de medios - consolidado 2026
TRATTORIA MURANO,sitios_apps,2026,603.3,pendiente,Monitoreo de medios - consolidado 2026
TRINEU,sitios_apps,2026,603.3,pendiente,Monitoreo de medios - consolidado 2026
WELLNATION,sitios_apps,2026,603.3,pendiente,Monitoreo de medios - consolidado 2026
COOLBREEZE,radio,2026,717.69,pendiente,Monitoreo de medios - consolidado 2026
ESTUDIO JURIDICO LITASE,radio,2026,296.64,pendiente,Monitoreo de medios - consolidado 2026
CORPORACION MULTIBG,prensa,2026,806.62,pendiente,Monitoreo de medios - consolidado 2026
EL REY DE LAS MENESTRAS,sitios_apps,2026,577.09,pendiente,Monitoreo de medios - consolidado 2026
CORPORAL GYM,radio,2026,244.04,pendiente,Monitoreo de medios - consolidado 2026
ALL STOCK,sitios_apps,2026,560.04,pendiente,Monitoreo de medios - consolidado 2026
ARGOS TECNOLOGICO,sitios_apps,2026,560.04,pendiente,Monitoreo de medios - consolidado 2026
COCO EXPRESS,sitios_apps,2026,560.04,pendiente,Monitoreo de medios - consolidado 2026
COPPELIA,sitios_apps,2026,560.04,pendiente,Monitoreo de medios - consolidado 2026
CUNALANDIA,sitios_apps,2026,560.04,pendiente,Monitoreo de medios - consolidado 2026
DOYO NIKKEI LOUNGE,sitios_apps,2026,560.04,pendiente,Monitoreo de medios - consolidado 2026
GUAYAQUIL FOOD SHOW,sitios_apps,2026,560.04,pendiente,Monitoreo de medios - consolidado 2026
INNOVA CENTRO CERAMICO,sitios_apps,2026,560.04,pendiente,Monitoreo de medios - consolidado 2026
LIBRERIA COQUITO,sitios_apps,2026,560.04,pendiente,Monitoreo de medios - consolidado 2026
MAZZINI TYRES,sitios_apps,2026,560.04,pendiente,Monitoreo de medios - consolidado 2026
MURU GOURMET COSMETICOS,sitios_apps,2026,560.04,pendiente,Monitoreo de medios - consolidado 2026
MUSHUCRUNA SPORTING CLUB,sitios_apps,2026,560.04,pendiente,Monitoreo de medios - consolidado 2026
PARRILLADA DEL ÑATO,sitios_apps,2026,560.04,pendiente,Monitoreo de medios - consolidado 2026
PETROLEOS & SERVICIOS,sitios_apps,2026,560.04,pendiente,Monitoreo de medios - consolidado 2026
RECICLAR CIA. LTDA.,sitios_apps,2026,560.04,pendiente,Monitoreo de medios - consolidado 2026
SHE STUDIO HIGH EXCELLENCE,sitios_apps,2026,560.04,pendiente,Monitoreo de medios - consolidado 2026
STRADIVARIUS,sitios_apps,2026,560.04,pendiente,Monitoreo de medios - consolidado 2026
TECNOL. EDUPRAXIS,sitios_apps,2026,560.04,pendiente,Monitoreo de medios - consolidado 2026
VULQANO PARK,sitios_apps,2026,560.04,pendiente,Monitoreo de medios - consolidado 2026
WORLD FIT,sitios_apps,2026,560.04,pendiente,Monitoreo de medios - consolidado 2026
SMART BUY,sitios_apps,2026,532.95,pendiente,Monitoreo de medios - consolidado 2026
BABYBOOKS,sitios_apps,2026,558.04,pendiente,Monitoreo de medios - consolidado 2026
AL FIUME CUCINA ITALIANA,sitios_apps,2026,585.02,pendiente,Monitoreo de medios - consolidado 2026
COL. INTERNACIONAL PERT,radio,2026,363.97,pendiente,Monitoreo de medios - consolidado 2026
LEGGO CORP,radio,2026,260.7,pendiente,Monitoreo de medios - consolidado 2026
FUND. MALECON 2000,sitios_apps,2026,208.01,pendiente,Monitoreo de medios - consolidado 2026
FUND. MALECON 2000,radio,2026,264.27,pendiente,Monitoreo de medios - consolidado 2026
AGROINDUSTRIAL EL CORAZON S.A.,prensa,2026,710.64,pendiente,Monitoreo de medios - consolidado 2026
DR. PET,radio,2026,293.95,pendiente,Monitoreo de medios - consolidado 2026
LAZAR SIMBOLO DE CONFIANZA,sitios_apps,2026,566.74,pendiente,Monitoreo de medios - consolidado 2026
MONTAÑA GRILL,sitios_apps,2026,566.74,pendiente,Monitoreo de medios - consolidado 2026
RIVIERA DEL RIO,sitios_apps,2026,566.74,pendiente,Monitoreo de medios - consolidado 2026
SEGLE,sitios_apps,2026,566.74,pendiente,Monitoreo de medios - consolidado 2026
RACKERS (ALMACENAJE INDUSTRIAL),revistas,2026,823.68,pendiente,Monitoreo de medios - consolidado 2026
LA TEJEDORA S.A.,prensa,2026,690.66,pendiente,Monitoreo de medios - consolidado 2026
ABEL OLIVES,radio,2026,572.79,pendiente,Monitoreo de medios - consolidado 2026
ANISA JABONERIA,sitios_apps,2026,528.04,pendiente,Monitoreo de medios - consolidado 2026
ASHLEY,sitios_apps,2026,528.04,pendiente,Monitoreo de medios - consolidado 2026
HIFLY,sitios_apps,2026,528.04,pendiente,Monitoreo de medios - consolidado 2026
LOVE,sitios_apps,2026,528.04,pendiente,Monitoreo de medios - consolidado 2026
AVITALSA,radio,2026,437.5,pendiente,Monitoreo de medios - consolidado 2026
HUASQUILA AMAZON LONG,radio,2026,396.45,pendiente,Monitoreo de medios - consolidado 2026
SEÑORA LEY ABOGADOS ESPECIALISTAS,radio,2026,720.77,pendiente,Monitoreo de medios - consolidado 2026
MOTORAUSTRO,sitios_apps,2026,533.12,pendiente,Monitoreo de medios - consolidado 2026
DOCTOR PIE,sitios_apps,2026,537.09,pendiente,Monitoreo de medios - consolidado 2026
FV- AREA ANDINA S.A.,sitios_apps,2026,537.09,pendiente,Monitoreo de medios - consolidado 2026
UNID. EDUC. EDUCAMUNDO,radio,2026,658.55,pendiente,Monitoreo de medios - consolidado 2026
LA CUSPIDE,sitios_apps,2026,520.03,pendiente,Monitoreo de medios - consolidado 2026
FIRMAS ELECTRONICAS.EC,sitios_apps,2026,402.2,pendiente,Monitoreo de medios - consolidado 2026
FIRMAS ELECTRONICAS.EC,radio,2026,183.11,pendiente,Monitoreo de medios - consolidado 2026
CARTIER BOUTIQUE,sitios_apps,2026,534.74,pendiente,Monitoreo de medios - consolidado 2026
VIDA LIBROS,sitios_apps,2026,508.04,pendiente,Monitoreo de medios - consolidado 2026
DUTY FREE,sitios_apps,2026,470.02,pendiente,Monitoreo de medios - consolidado 2026
COMERCIAL ALVARADO,radio,2026,165.83,pendiente,Monitoreo de medios - consolidado 2026
BIODIMED,sitios_apps,2026,530.17,pendiente,Monitoreo de medios - consolidado 2026
DISCOVERY FOOT WEAR,sitios_apps,2026,530.17,pendiente,Monitoreo de medios - consolidado 2026
DOT SUSHI,sitios_apps,2026,530.17,pendiente,Monitoreo de medios - consolidado 2026
ECUAMAQ,sitios_apps,2026,530.17,pendiente,Monitoreo de medios - consolidado 2026
LA CASA DE LA LUZ,sitios_apps,2026,530.17,pendiente,Monitoreo de medios - consolidado 2026
SHOPIN,sitios_apps,2026,530.17,pendiente,Monitoreo de medios - consolidado 2026
ARKOS SISTEMAS ARQUITECTONICOS,sitios_apps,2026,496.04,pendiente,Monitoreo de medios - consolidado 2026
DAMEN SHIPYARDS,sitios_apps,2026,496.04,pendiente,Monitoreo de medios - consolidado 2026
ENVATUB S.A.,sitios_apps,2026,496.04,pendiente,Monitoreo de medios - consolidado 2026
EXPOFERIA 2 RUEDAS,sitios_apps,2026,496.04,pendiente,Monitoreo de medios - consolidado 2026
KUBIEC,sitios_apps,2026,496.04,pendiente,Monitoreo de medios - consolidado 2026
REST. LA BALANDRA,sitios_apps,2026,496.04,pendiente,Monitoreo de medios - consolidado 2026
SORISEG CIA. LTDA.,sitios_apps,2026,496.04,pendiente,Monitoreo de medios - consolidado 2026
TASTY ROOTS,sitios_apps,2026,496.04,pendiente,Monitoreo de medios - consolidado 2026
TETRA PAK,sitios_apps,2026,496.04,pendiente,Monitoreo de medios - consolidado 2026
MUNIC. DEL CANTON RIOVERDE,prensa,2026,699.08,pendiente,Monitoreo de medios - consolidado 2026
DUNKIN DONUT'S,sitios_apps,2026,501.12,pendiente,Monitoreo de medios - consolidado 2026
ITEC,sitios_apps,2026,501.12,pendiente,Monitoreo de medios - consolidado 2026
TINTA CAFE,sitios_apps,2026,501.12,pendiente,Monitoreo de medios - consolidado 2026
ALMACENES SANTA CLARA,sitios_apps,2026,442.46,pendiente,Monitoreo de medios - consolidado 2026
HIKVISION,sitios_apps,2026,442.46,pendiente,Monitoreo de medios - consolidado 2026
PIONEROSCORP,sitios_apps,2026,442.46,pendiente,Monitoreo de medios - consolidado 2026
DIPLOMADO DE PERIODISMO DEPORTIVO,radio,2026,529.35,pendiente,Monitoreo de medios - consolidado 2026
GRANCAT,radio,2026,552.79,pendiente,Monitoreo de medios - consolidado 2026
CORAPE,sitios_apps,2026,488.03,pendiente,Monitoreo de medios - consolidado 2026
DIPPING COOKIES,sitios_apps,2026,488.03,pendiente,Monitoreo de medios - consolidado 2026
EDIMCA,sitios_apps,2026,488.03,pendiente,Monitoreo de medios - consolidado 2026
PEGADA,sitios_apps,2026,488.03,pendiente,Monitoreo de medios - consolidado 2026
ANTAGONIC,sitios_apps,2026,511.89,pendiente,Monitoreo de medios - consolidado 2026
ARCUS DENTIS,sitios_apps,2026,511.89,pendiente,Monitoreo de medios - consolidado 2026
BOLSA DE VALORES DE QUITO,sitios_apps,2026,511.89,pendiente,Monitoreo de medios - consolidado 2026
BSMART,sitios_apps,2026,511.89,pendiente,Monitoreo de medios - consolidado 2026
CATEDRAL DEL CAFE,sitios_apps,2026,511.89,pendiente,Monitoreo de medios - consolidado 2026
CENTRO CULTURAL MAMA CUCHARA,sitios_apps,2026,511.89,pendiente,Monitoreo de medios - consolidado 2026
CLINICA FUNCIONAL,sitios_apps,2026,511.89,pendiente,Monitoreo de medios - consolidado 2026
COMPUTRON,sitios_apps,2026,511.89,pendiente,Monitoreo de medios - consolidado 2026
DULCERIA LA PALMA,sitios_apps,2026,511.89,pendiente,Monitoreo de medios - consolidado 2026
DURAN CITY,sitios_apps,2026,511.89,pendiente,Monitoreo de medios - consolidado 2026
E&A NAIL ART,sitios_apps,2026,511.89,pendiente,Monitoreo de medios - consolidado 2026
ECUAENVASES,sitios_apps,2026,511.89,pendiente,Monitoreo de medios - consolidado 2026
ECUAPOLIZAS,sitios_apps,2026,511.89,pendiente,Monitoreo de medios - consolidado 2026
EFIT ECUADOR,sitios_apps,2026,511.89,pendiente,Monitoreo de medios - consolidado 2026
EMBUTIDOS DE LOS FRAILES,sitios_apps,2026,511.89,pendiente,Monitoreo de medios - consolidado 2026
ESTRUSA,sitios_apps,2026,511.89,pendiente,Monitoreo de medios - consolidado 2026
FARMACIAS KEYLA,sitios_apps,2026,511.89,pendiente,Monitoreo de medios - consolidado 2026
FERRETERIA ORIENTAL,sitios_apps,2026,511.89,pendiente,Monitoreo de medios - consolidado 2026
FINCA YARUQUI,sitios_apps,2026,511.89,pendiente,Monitoreo de medios - consolidado 2026
FRIO VESA,sitios_apps,2026,511.89,pendiente,Monitoreo de medios - consolidado 2026
GIANCARLO WINE,sitios_apps,2026,511.89,pendiente,Monitoreo de medios - consolidado 2026
HADASSAH SPA,sitios_apps,2026,511.89,pendiente,Monitoreo de medios - consolidado 2026
HOTEL ROSIM,sitios_apps,2026,511.89,pendiente,Monitoreo de medios - consolidado 2026
INTERIOR SPACE,sitios_apps,2026,511.89,pendiente,Monitoreo de medios - consolidado 2026
JCB,sitios_apps,2026,511.89,pendiente,Monitoreo de medios - consolidado 2026
JOYERIA AYL,sitios_apps,2026,511.89,pendiente,Monitoreo de medios - consolidado 2026
LA MINA,sitios_apps,2026,511.89,pendiente,Monitoreo de medios - consolidado 2026
LAVUU,sitios_apps,2026,511.89,pendiente,Monitoreo de medios - consolidado 2026
MARIACHI SOL DE MEXICO,sitios_apps,2026,511.89,pendiente,Monitoreo de medios - consolidado 2026
NAPOLEON LIBRERIA,sitios_apps,2026,511.89,pendiente,Monitoreo de medios - consolidado 2026
NOVARED,sitios_apps,2026,511.89,pendiente,Monitoreo de medios - consolidado 2026
OPTICA VISION INTERNACIONAL,sitios_apps,2026,511.89,pendiente,Monitoreo de medios - consolidado 2026
REY BOLON,sitios_apps,2026,511.89,pendiente,Monitoreo de medios - consolidado 2026
RUNNING COAST,sitios_apps,2026,511.89,pendiente,Monitoreo de medios - consolidado 2026
SCIENZA BODY CARE,sitios_apps,2026,511.89,pendiente,Monitoreo de medios - consolidado 2026
SETECO,sitios_apps,2026,511.89,pendiente,Monitoreo de medios - consolidado 2026
SUL BIBLOS,sitios_apps,2026,511.89,pendiente,Monitoreo de medios - consolidado 2026
TEXMODA,sitios_apps,2026,511.89,pendiente,Monitoreo de medios - consolidado 2026
VENUS FILME,sitios_apps,2026,511.89,pendiente,Monitoreo de medios - consolidado 2026
LA CANCHITA DEL ASTILLERO,radio,2026,610.82,pendiente,Monitoreo de medios - consolidado 2026
INOCAR,radio,2026,405.45,pendiente,Monitoreo de medios - consolidado 2026
FORD,radio,2026,647.24,pendiente,Monitoreo de medios - consolidado 2026
MERCADO DE IND.ESCENICAS Y MUSICALES,tv_abierta,2026,77.61,pendiente,Monitoreo de medios - consolidado 2026
INSA,otros,2026,687.12,pendiente,Monitoreo de medios - consolidado 2026
AGROW,radio,2026,631.4,pendiente,Monitoreo de medios - consolidado 2026
COOP. PADRE JULIAN LORENTE LTDA.,prensa,2026,685.63,pendiente,Monitoreo de medios - consolidado 2026
FINAN COOP,prensa,2026,685.63,pendiente,Monitoreo de medios - consolidado 2026
FINANCOOP,prensa,2026,685.63,pendiente,Monitoreo de medios - consolidado 2026
GENERALI,prensa,2026,685.63,pendiente,Monitoreo de medios - consolidado 2026
AGRO ACEITES S.A.,prensa,2026,618.98,pendiente,Monitoreo de medios - consolidado 2026
UNID. EDUC. INFORMATICA PORTOVIEJO,prensa,2026,420.05,pendiente,Monitoreo de medios - consolidado 2026
ASEVIG CIA. LTDA,prensa,2026,614.8,pendiente,Monitoreo de medios - consolidado 2026
GRUPO VILASECA,prensa,2026,614.8,pendiente,Monitoreo de medios - consolidado 2026
CLINICA OFTALMOLOGICA CIVE,sitios_apps,2026,104.68,pendiente,Monitoreo de medios - consolidado 2026
CLINICA OFTALMOLOGICA CIVE,radio,2026,734.96,pendiente,Monitoreo de medios - consolidado 2026
ARMOCAR,radio,2026,344.69,pendiente,Monitoreo de medios - consolidado 2026
PROMOTORA INM. PROZONAS S.A.,radio,2026,297.57,pendiente,Monitoreo de medios - consolidado 2026
COOP. CACPE BIBLIAN LTDA.,prensa,2026,672.19,pendiente,Monitoreo de medios - consolidado 2026
HISPANAMUR S.A.,prensa,2026,606.28,pendiente,Monitoreo de medios - consolidado 2026
CREAR ONLINE,radio,2026,771.89,pendiente,Monitoreo de medios - consolidado 2026
MR. PRICE,sitios_apps,2026,481.12,pendiente,Monitoreo de medios - consolidado 2026
CASA NOVO,sitios_apps,2026,493.61,pendiente,Monitoreo de medios - consolidado 2026
CUBITT,sitios_apps,2026,493.61,pendiente,Monitoreo de medios - consolidado 2026
MOON CHINA,sitios_apps,2026,493.61,pendiente,Monitoreo de medios - consolidado 2026
PANCHOS KITCHEN,sitios_apps,2026,493.61,pendiente,Monitoreo de medios - consolidado 2026
PORTANA PUB,sitios_apps,2026,493.61,pendiente,Monitoreo de medios - consolidado 2026
YORK INTERNATIONAL,sitios_apps,2026,493.61,pendiente,Monitoreo de medios - consolidado 2026
COMECSA PORTOVIEJO,sitios_apps,2026,468.03,pendiente,Monitoreo de medios - consolidado 2026
INDUSUR,sitios_apps,2026,416.03,pendiente,Monitoreo de medios - consolidado 2026
INDUSUR,prensa,2026,71.7,pendiente,Monitoreo de medios - consolidado 2026
HOPITAL SANTAMARIA,radio,2026,411.34,pendiente,Monitoreo de medios - consolidado 2026
AEROPOSTALE,sitios_apps,2026,464.56,pendiente,Monitoreo de medios - consolidado 2026
ICEMAN,sitios_apps,2026,457.16,pendiente,Monitoreo de medios - consolidado 2026
ASESORIA MIGRATORIA,radio,2026,502.2,pendiente,Monitoreo de medios - consolidado 2026
ASISTENCIA MEDICA ECUADOR,radio,2026,98.35,pendiente,Monitoreo de medios - consolidado 2026
GENESIS MED,radio,2026,315.02,pendiente,Monitoreo de medios - consolidado 2026
COOP. DE VIVIENDA PEDRO JOSE RODRIGUEZ,prensa,2026,572.7,pendiente,Monitoreo de medios - consolidado 2026
ESCOSAN,radio,2026,477.59,pendiente,Monitoreo de medios - consolidado 2026
CARTONERA PICHINCHA,sitios_apps,2026,466.19,pendiente,Monitoreo de medios - consolidado 2026
SIDNEY ARCENTALES-DULCAMARE,radio,2026,492.59,pendiente,Monitoreo de medios - consolidado 2026
BANCO PROMERICA,sitios_apps,2026,413.53,pendiente,Monitoreo de medios - consolidado 2026
UNIV. DE INVEST.  INNOV. DE MEXI (UIIX),sitios_apps,2026,413.53,pendiente,Monitoreo de medios - consolidado 2026
BODY NATUR,sitios_apps,2026,449.12,pendiente,Monitoreo de medios - consolidado 2026
KALIDO,sitios_apps,2026,449.12,pendiente,Monitoreo de medios - consolidado 2026
PRESIDENTE,sitios_apps,2026,449.12,pendiente,Monitoreo de medios - consolidado 2026
ORMEDIC,sitios_apps,2026,300.02,pendiente,Monitoreo de medios - consolidado 2026
ORMEDIC,prensa,2026,175.5,pendiente,Monitoreo de medios - consolidado 2026
LIFE TRIP,radio,2026,743.37,pendiente,Monitoreo de medios - consolidado 2026
BUHO MARKET,sitios_apps,2026,457.05,pendiente,Monitoreo de medios - consolidado 2026
CLINICA PASTEUR,sitios_apps,2026,457.05,pendiente,Monitoreo de medios - consolidado 2026
DELICATTO PIGGIS,sitios_apps,2026,457.05,pendiente,Monitoreo de medios - consolidado 2026
LIBRERIA URDESA,sitios_apps,2026,457.05,pendiente,Monitoreo de medios - consolidado 2026
MARA WOMEN,sitios_apps,2026,457.05,pendiente,Monitoreo de medios - consolidado 2026
METRICA,sitios_apps,2026,164.54,pendiente,Monitoreo de medios - consolidado 2026
METRICA,radio,2026,318.81,pendiente,Monitoreo de medios - consolidado 2026
MEDACTIVA,radio,2026,499.47,pendiente,Monitoreo de medios - consolidado 2026
INSPIRARTE FESTIVAL,radio,2026,471.14,pendiente,Monitoreo de medios - consolidado 2026
AUTOS JUAN SERRANO,sitios_apps,2026,425.98,pendiente,Monitoreo de medios - consolidado 2026
IGUANA SHOWS,tv_abierta,2026,146.56,pendiente,Monitoreo de medios - consolidado 2026
NAVAS FILMS,revistas,2026,643.5,pendiente,Monitoreo de medios - consolidado 2026
JM LOAYZA,prensa,2026,535.77,pendiente,Monitoreo de medios - consolidado 2026
ASO. TRABAJ. DE PETROAMAZONAS,prensa,2026,591.52,pendiente,Monitoreo de medios - consolidado 2026
BILOXI COMIDA TIPICA,radio,2026,711.05,pendiente,Monitoreo de medios - consolidado 2026
DR. HERNANDO SANTILLAN,radio,2026,195.53,pendiente,Monitoreo de medios - consolidado 2026
INST. UNIVERSITARIO RUMIÑAHUI,radio,2026,195.53,pendiente,Monitoreo de medios - consolidado 2026
MEDECORPORATED S.A.,prensa,2026,591.52,pendiente,Monitoreo de medios - consolidado 2026
ALITAS DEL CADILLAC,sitios_apps,2026,416.03,pendiente,Monitoreo de medios - consolidado 2026
ALL TECNOLOGYCS,sitios_apps,2026,416.03,pendiente,Monitoreo de medios - consolidado 2026
ARQUIGAMA,sitios_apps,2026,416.03,pendiente,Monitoreo de medios - consolidado 2026
BAGAN ECUATORIANA CIA. LTDA.,sitios_apps,2026,416.03,pendiente,Monitoreo de medios - consolidado 2026
BARRIO,sitios_apps,2026,416.03,pendiente,Monitoreo de medios - consolidado 2026
BIOSALUD CENTRO MEDICO,sitios_apps,2026,416.03,pendiente,Monitoreo de medios - consolidado 2026
CRATER ROOFTOP BAR,sitios_apps,2026,416.03,pendiente,Monitoreo de medios - consolidado 2026
CUERPO DE BOMBEROS DE PEDRO MONCAYO,sitios_apps,2026,416.03,pendiente,Monitoreo de medios - consolidado 2026
CUTE,sitios_apps,2026,416.03,pendiente,Monitoreo de medios - consolidado 2026
DERMEDICA - GT,sitios_apps,2026,416.03,pendiente,Monitoreo de medios - consolidado 2026
DK CENTER,sitios_apps,2026,416.03,pendiente,Monitoreo de medios - consolidado 2026
EL MERKATO.COM,sitios_apps,2026,416.03,pendiente,Monitoreo de medios - consolidado 2026
ESCOBAR BEER,sitios_apps,2026,416.03,pendiente,Monitoreo de medios - consolidado 2026
IMPORT. ALASKA,sitios_apps,2026,416.03,pendiente,Monitoreo de medios - consolidado 2026
INKACOURIER,sitios_apps,2026,416.03,pendiente,Monitoreo de medios - consolidado 2026
JY MUEBLES,sitios_apps,2026,416.03,pendiente,Monitoreo de medios - consolidado 2026
LEXUS EDITORES,sitios_apps,2026,416.03,pendiente,Monitoreo de medios - consolidado 2026
LIVE WELL,sitios_apps,2026,416.03,pendiente,Monitoreo de medios - consolidado 2026
MORENO COMERCIO & CONSTRUCC,sitios_apps,2026,416.03,pendiente,Monitoreo de medios - consolidado 2026
NAUDER,sitios_apps,2026,416.03,pendiente,Monitoreo de medios - consolidado 2026
OPALS,sitios_apps,2026,416.03,pendiente,Monitoreo de medios - consolidado 2026
PANIFICADORA AMBATO,sitios_apps,2026,416.03,pendiente,Monitoreo de medios - consolidado 2026
PF CHANGS,sitios_apps,2026,416.03,pendiente,Monitoreo de medios - consolidado 2026
PLAZA BP,sitios_apps,2026,416.03,pendiente,Monitoreo de medios - consolidado 2026
REST. SPAGHETTI,sitios_apps,2026,416.03,pendiente,Monitoreo de medios - consolidado 2026
SHINDAIWA,sitios_apps,2026,416.03,pendiente,Monitoreo de medios - consolidado 2026
SINTOFIL,sitios_apps,2026,416.03,pendiente,Monitoreo de medios - consolidado 2026
SKYBIZ TRAVEL,sitios_apps,2026,416.03,pendiente,Monitoreo de medios - consolidado 2026
TANOSHII,sitios_apps,2026,416.03,pendiente,Monitoreo de medios - consolidado 2026
TINTESA,sitios_apps,2026,416.03,pendiente,Monitoreo de medios - consolidado 2026
TREE HUT,sitios_apps,2026,416.03,pendiente,Monitoreo de medios - consolidado 2026
UNIDAD EDUCATIVA PAUL RIVET,sitios_apps,2026,416.03,pendiente,Monitoreo de medios - consolidado 2026
ZION ADMINISTRADORA DE FONDO,prensa,2026,589.13,pendiente,Monitoreo de medios - consolidado 2026
LA UNION COMPAÑIA NACIONAL DE SEGUROS,prensa,2026,587.94,pendiente,Monitoreo de medios - consolidado 2026
DELENCANTO,sitios_apps,2026,429.62,pendiente,Monitoreo de medios - consolidado 2026
ASEO TOTAL,radio,2026,859.46,pendiente,Monitoreo de medios - consolidado 2026
CAMARUN,radio,2026,349.55,pendiente,Monitoreo de medios - consolidado 2026
DEWALT,sitios_apps,2026,420.48,pendiente,Monitoreo de medios - consolidado 2026
LA CASA DEL ENCOBOLLADO,sitios_apps,2026,420.48,pendiente,Monitoreo de medios - consolidado 2026
ALMACOPIO,prensa,2026,549.53,pendiente,Monitoreo de medios - consolidado 2026
CHARROS & CHURROS,sitios_apps,2026,409.12,pendiente,Monitoreo de medios - consolidado 2026
ESCUALEM S.A.,prensa,2026,564.04,pendiente,Monitoreo de medios - consolidado 2026
DR. JOSE SACOTO NAVIA,tv_abierta,2026,54.65,pendiente,Monitoreo de medios - consolidado 2026
XBRI,radio,2026,421.11,pendiente,Monitoreo de medios - consolidado 2026
LA GRAN LIQUIDACION GUAYACA,radio,2026,116.48,pendiente,Monitoreo de medios - consolidado 2026
C. C. N. U.,sitios_apps,2026,402.2,pendiente,Monitoreo de medios - consolidado 2026
C. C. N. U.,radio,2026,2.63,pendiente,Monitoreo de medios - consolidado 2026
COOP. VICENTINA,prensa,2026,548.5,pendiente,Monitoreo de medios - consolidado 2026
ECUADORIAN PILOT SERVICE S.A.,prensa,2026,548.5,pendiente,Monitoreo de medios - consolidado 2026
MAXILAR FACE,radio,2026,426.87,pendiente,Monitoreo de medios - consolidado 2026
NEDELECSA/NEGOCIOS DEL ECUADOR S.A,prensa,2026,548.5,pendiente,Monitoreo de medios - consolidado 2026
EL DIARIO DE PORTOVIEJO,prensa,2026,336.04,pendiente,Monitoreo de medios - consolidado 2026
CARAVANA TV,radio,2026,414.55,pendiente,Monitoreo de medios - consolidado 2026
GOMASDIN,radio,2026,499.28,pendiente,Monitoreo de medios - consolidado 2026
300 RESTO,sitios_apps,2026,402.2,pendiente,Monitoreo de medios - consolidado 2026
ACTIVA TU SOFTWARE,sitios_apps,2026,402.2,pendiente,Monitoreo de medios - consolidado 2026
AGENSITUR,sitios_apps,2026,402.2,pendiente,Monitoreo de medios - consolidado 2026
AGNUS,sitios_apps,2026,402.2,pendiente,Monitoreo de medios - consolidado 2026
ARMONIA ESCUELA DE MUSICA,sitios_apps,2026,402.2,pendiente,Monitoreo de medios - consolidado 2026
ATRIO DE MURANO,sitios_apps,2026,402.2,pendiente,Monitoreo de medios - consolidado 2026
BALANDRA REST.,sitios_apps,2026,402.2,pendiente,Monitoreo de medios - consolidado 2026
BATH AND BODY WORKS,sitios_apps,2026,402.2,pendiente,Monitoreo de medios - consolidado 2026
CAMPO VIEJO EMPANADAS,sitios_apps,2026,402.2,pendiente,Monitoreo de medios - consolidado 2026
CARAN CERVEZA,sitios_apps,2026,402.2,pendiente,Monitoreo de medios - consolidado 2026
CARMAOS CEVICHES,sitios_apps,2026,402.2,pendiente,Monitoreo de medios - consolidado 2026
CERVEZA SANTA ROSA,sitios_apps,2026,402.2,pendiente,Monitoreo de medios - consolidado 2026
CLINICA SOMEC,sitios_apps,2026,402.2,pendiente,Monitoreo de medios - consolidado 2026
COLE HAAN,sitios_apps,2026,402.2,pendiente,Monitoreo de medios - consolidado 2026
CONHPOL,sitios_apps,2026,402.2,pendiente,Monitoreo de medios - consolidado 2026
CONSUPLAST,sitios_apps,2026,402.2,pendiente,Monitoreo de medios - consolidado 2026
CRETA RESTAURANTE,sitios_apps,2026,402.2,pendiente,Monitoreo de medios - consolidado 2026
DARK HUNTER,sitios_apps,2026,402.2,pendiente,Monitoreo de medios - consolidado 2026
DORMILEON,sitios_apps,2026,402.2,pendiente,Monitoreo de medios - consolidado 2026
DULCO,sitios_apps,2026,402.2,pendiente,Monitoreo de medios - consolidado 2026
EL MANANTIAL BAR,sitios_apps,2026,402.2,pendiente,Monitoreo de medios - consolidado 2026
ELECTROMART,sitios_apps,2026,402.2,pendiente,Monitoreo de medios - consolidado 2026
GEOCONCRET SA,sitios_apps,2026,402.2,pendiente,Monitoreo de medios - consolidado 2026
GODADDY,sitios_apps,2026,402.2,pendiente,Monitoreo de medios - consolidado 2026
GONZHAUS,sitios_apps,2026,402.2,pendiente,Monitoreo de medios - consolidado 2026
GOODYEAR,sitios_apps,2026,402.2,pendiente,Monitoreo de medios - consolidado 2026
HAMS,sitios_apps,2026,402.2,pendiente,Monitoreo de medios - consolidado 2026
HUEVOS AVITO,sitios_apps,2026,402.2,pendiente,Monitoreo de medios - consolidado 2026
HYDRAFLEX,sitios_apps,2026,402.2,pendiente,Monitoreo de medios - consolidado 2026
KERALUX,sitios_apps,2026,402.2,pendiente,Monitoreo de medios - consolidado 2026
KUALITY,sitios_apps,2026,402.2,pendiente,Monitoreo de medios - consolidado 2026
KUNTUR,sitios_apps,2026,402.2,pendiente,Monitoreo de medios - consolidado 2026
LASER LUXE,sitios_apps,2026,402.2,pendiente,Monitoreo de medios - consolidado 2026
LUNAE,sitios_apps,2026,402.2,pendiente,Monitoreo de medios - consolidado 2026
MACWORLD,sitios_apps,2026,402.2,pendiente,Monitoreo de medios - consolidado 2026
MANGO,sitios_apps,2026,402.2,pendiente,Monitoreo de medios - consolidado 2026
MEDIFOOT,sitios_apps,2026,402.2,pendiente,Monitoreo de medios - consolidado 2026
MEGA ACUSTICA,sitios_apps,2026,402.2,pendiente,Monitoreo de medios - consolidado 2026
MELTIS,sitios_apps,2026,402.2,pendiente,Monitoreo de medios - consolidado 2026
MIGAJAS,sitios_apps,2026,402.2,pendiente,Monitoreo de medios - consolidado 2026
MLILY,sitios_apps,2026,402.2,pendiente,Monitoreo de medios - consolidado 2026
MONO DEL RIO,sitios_apps,2026,402.2,pendiente,Monitoreo de medios - consolidado 2026
MUNDO CANGREJO,sitios_apps,2026,402.2,pendiente,Monitoreo de medios - consolidado 2026
NACION TEXTIL,sitios_apps,2026,402.2,pendiente,Monitoreo de medios - consolidado 2026
ORFA IMPORTACIONES,sitios_apps,2026,402.2,pendiente,Monitoreo de medios - consolidado 2026
PLAYA ALEGRIA,sitios_apps,2026,402.2,pendiente,Monitoreo de medios - consolidado 2026
PSC LISTA 6,sitios_apps,2026,402.2,pendiente,Monitoreo de medios - consolidado 2026
REDCON 1,sitios_apps,2026,402.2,pendiente,Monitoreo de medios - consolidado 2026
RONSON,sitios_apps,2026,402.2,pendiente,Monitoreo de medios - consolidado 2026
ROX MOTOR,sitios_apps,2026,402.2,pendiente,Monitoreo de medios - consolidado 2026
TULIPANESA S.A.,sitios_apps,2026,402.2,pendiente,Monitoreo de medios - consolidado 2026
ZARU,sitios_apps,2026,402.2,pendiente,Monitoreo de medios - consolidado 2026
INDEPENDIENTE DEL VALLE F.C.,radio,2026,351.86,pendiente,Monitoreo de medios - consolidado 2026
PEDRO ELJURI,radio,2026,418.96,pendiente,Monitoreo de medios - consolidado 2026
SKYWELL,sitios_apps,2026,378.62,pendiente,Monitoreo de medios - consolidado 2026
ASADERO SUPER IDOLO,radio,2026,123.82,pendiente,Monitoreo de medios - consolidado 2026
FERNANDEZ,radio,2026,449.83,pendiente,Monitoreo de medios - consolidado 2026
TEATRO EXPERIMENTAL GUAYAQUIL,tv_abierta,2026,62.98,pendiente,Monitoreo de medios - consolidado 2026
FED. HOTELERA DEL ECUADOR,prensa,2026,254.86,pendiente,Monitoreo de medios - consolidado 2026
OK PRADOSPEED TRANSP. EJECUTIVO,prensa,2026,254.86,pendiente,Monitoreo de medios - consolidado 2026
CAMARA CONSTRUCCION GUAYAQUIL,prensa,2026,527.0,pendiente,Monitoreo de medios - consolidado 2026
INTEGRAL TRADE SOLUTIONS,radio,2026,484.4,pendiente,Monitoreo de medios - consolidado 2026
LA CENTRAL DELI SHOP,radio,2026,177.15,pendiente,Monitoreo de medios - consolidado 2026
Q AUTO DETAILING,radio,2026,434.37,pendiente,Monitoreo de medios - consolidado 2026
UNIMEDICA ORTIZ,prensa,2026,323.4,pendiente,Monitoreo de medios - consolidado 2026
USPORT,radio,2026,380.89,pendiente,Monitoreo de medios - consolidado 2026
LABOVIDA,sitios_apps,2026,331.85,pendiente,Monitoreo de medios - consolidado 2026
CEVI CHIROUS,radio,2026,269.27,pendiente,Monitoreo de medios - consolidado 2026
INT. FOOD SERVICES CORP.,prensa,2026,519.83,pendiente,Monitoreo de medios - consolidado 2026
SERVICAT,sitios_apps,2026,372.55,pendiente,Monitoreo de medios - consolidado 2026
BLUE SKY AGENCIA DE VIAJES,sitios_apps,2026,362.03,pendiente,Monitoreo de medios - consolidado 2026
EXPO CONSTRUCCION & VIVIENDA,prensa,2026,462.67,pendiente,Monitoreo de medios - consolidado 2026
CLICKDENTAL,radio,2026,304.8,pendiente,Monitoreo de medios - consolidado 2026
ARTES HARO RODOLFO,radio,2026,117.19,pendiente,Monitoreo de medios - consolidado 2026
JULIO GUERRA ACCINI,radio,2026,238.4,pendiente,Monitoreo de medios - consolidado 2026
MASCOT´S SALUD,radio,2026,446.87,pendiente,Monitoreo de medios - consolidado 2026
BAKELS,prensa,2026,308.34,pendiente,Monitoreo de medios - consolidado 2026
IMPORTADORA MAKA,sitios_apps,2026,370.21,pendiente,Monitoreo de medios - consolidado 2026
QRAR,prensa,2026,450.98,pendiente,Monitoreo de medios - consolidado 2026
NORTHOSPITAL,radio,2026,503.03,pendiente,Monitoreo de medios - consolidado 2026
LONDOÑO ARQUITECTOS,radio,2026,270.68,pendiente,Monitoreo de medios - consolidado 2026
MABE ECUADOR,sitios_apps,2026,325.46,pendiente,Monitoreo de medios - consolidado 2026
TODOS A LA U,radio,2026,296.53,pendiente,Monitoreo de medios - consolidado 2026
CENTRO QUIRURGICO ITECC,tv_abierta,2026,48.07,pendiente,Monitoreo de medios - consolidado 2026
ORASI,sitios_apps,2026,365.64,pendiente,Monitoreo de medios - consolidado 2026
TERRA COFFEE,sitios_apps,2026,365.64,pendiente,Monitoreo de medios - consolidado 2026
BAZAR EL REGALO,prensa,2026,298.38,pendiente,Monitoreo de medios - consolidado 2026
AJO NEGRO,radio,2026,428.39,pendiente,Monitoreo de medios - consolidado 2026
EMPRESA ELECT. RIOBAMBA,prensa,2026,483.98,pendiente,Monitoreo de medios - consolidado 2026
SAFIED S.A,prensa,2026,483.98,pendiente,Monitoreo de medios - consolidado 2026
ESC. DE AVIACION PASTAZA,radio,2026,288.19,pendiente,Monitoreo de medios - consolidado 2026
AUTOLAND,radio,2026,46.72,pendiente,Monitoreo de medios - consolidado 2026
EL CAMER CIA. LTDA.,sitios_apps,2026,305.28,pendiente,Monitoreo de medios - consolidado 2026
ECOFROZ,prensa,2026,476.81,pendiente,Monitoreo de medios - consolidado 2026
NOVOPAN DEL ECUADOR,prensa,2026,430.76,pendiente,Monitoreo de medios - consolidado 2026
REST. LA JAMA,radio,2026,410.53,pendiente,Monitoreo de medios - consolidado 2026
FURGOTRANS S.A,prensa,2026,226.54,pendiente,Monitoreo de medios - consolidado 2026
CARAN FEST,radio,2026,363.63,pendiente,Monitoreo de medios - consolidado 2026
CIA. AGRICOLA LA JULIA S.A. (CALAJUSA),prensa,2026,466.05,pendiente,Monitoreo de medios - consolidado 2026
SIRI MODELS,radio,2026,44.85,pendiente,Monitoreo de medios - consolidado 2026
CLINICA POLITZER,prensa,2026,457.09,pendiente,Monitoreo de medios - consolidado 2026
INMOBILIARIA RODRIGUEZ TALBOT,prensa,2026,457.09,pendiente,Monitoreo de medios - consolidado 2026
AM GLASSES,radio,2026,391.0,pendiente,Monitoreo de medios - consolidado 2026
CAMISERIA INGLESA,tv_abierta,2026,530.16,pendiente,Monitoreo de medios - consolidado 2026
FENECSA,radio,2026,642.0,pendiente,Monitoreo de medios - consolidado 2026
PAT PRIMO,prensa,2026,405.79,pendiente,Monitoreo de medios - consolidado 2026
MANSION MAMUSKA,radio,2026,148.12,pendiente,Monitoreo de medios - consolidado 2026
SMART LIVING,tv_abierta,2026,42.38,pendiente,Monitoreo de medios - consolidado 2026
OSADO,radio,2026,187.0,pendiente,Monitoreo de medios - consolidado 2026
ACL,sitios_apps,2026,329.07,pendiente,Monitoreo de medios - consolidado 2026
ACRILEX,sitios_apps,2026,329.07,pendiente,Monitoreo de medios - consolidado 2026
ACTIVEE PROFESIONAL,sitios_apps,2026,329.07,pendiente,Monitoreo de medios - consolidado 2026
AGUILA IMPORTACIONES,sitios_apps,2026,329.07,pendiente,Monitoreo de medios - consolidado 2026
ALMA NEGRA,sitios_apps,2026,329.07,pendiente,Monitoreo de medios - consolidado 2026
ALRAZ,sitios_apps,2026,329.07,pendiente,Monitoreo de medios - consolidado 2026
AMATEA TEA SHOP,sitios_apps,2026,329.07,pendiente,Monitoreo de medios - consolidado 2026
ASUS,sitios_apps,2026,329.07,pendiente,Monitoreo de medios - consolidado 2026
BARONI HANDMADE,sitios_apps,2026,329.07,pendiente,Monitoreo de medios - consolidado 2026
BIO MIRACLE,sitios_apps,2026,329.07,pendiente,Monitoreo de medios - consolidado 2026
BIO TANIK,sitios_apps,2026,329.07,pendiente,Monitoreo de medios - consolidado 2026
BISTRO AL PASO,sitios_apps,2026,329.07,pendiente,Monitoreo de medios - consolidado 2026
BM TOURS,sitios_apps,2026,329.07,pendiente,Monitoreo de medios - consolidado 2026
COOP. LA DOLOROSA,sitios_apps,2026,329.07,pendiente,Monitoreo de medios - consolidado 2026
CUORE MIO,sitios_apps,2026,329.07,pendiente,Monitoreo de medios - consolidado 2026
ECUATORIANA DE CAUCHO,sitios_apps,2026,329.07,pendiente,Monitoreo de medios - consolidado 2026
FARFETCH,sitios_apps,2026,329.07,pendiente,Monitoreo de medios - consolidado 2026
HD DERMO COSMETIC,sitios_apps,2026,329.07,pendiente,Monitoreo de medios - consolidado 2026
IMPORT. SONIB,sitios_apps,2026,329.07,pendiente,Monitoreo de medios - consolidado 2026
KISSU,sitios_apps,2026,329.07,pendiente,Monitoreo de medios - consolidado 2026
KODELSA,sitios_apps,2026,329.07,pendiente,Monitoreo de medios - consolidado 2026
LA PATA GORDA,sitios_apps,2026,329.07,pendiente,Monitoreo de medios - consolidado 2026
LAS SEMINARIO,sitios_apps,2026,329.07,pendiente,Monitoreo de medios - consolidado 2026
MANGIARE,sitios_apps,2026,329.07,pendiente,Monitoreo de medios - consolidado 2026
MAPEC,sitios_apps,2026,329.07,pendiente,Monitoreo de medios - consolidado 2026
MONIN,sitios_apps,2026,329.07,pendiente,Monitoreo de medios - consolidado 2026
NAVI,sitios_apps,2026,329.07,pendiente,Monitoreo de medios - consolidado 2026
PONTE VEDRA,sitios_apps,2026,329.07,pendiente,Monitoreo de medios - consolidado 2026
SON OF A BURGER,sitios_apps,2026,329.07,pendiente,Monitoreo de medios - consolidado 2026
STANLEY,sitios_apps,2026,329.07,pendiente,Monitoreo de medios - consolidado 2026
TOMMY G,sitios_apps,2026,329.07,pendiente,Monitoreo de medios - consolidado 2026
VERSSATO,sitios_apps,2026,329.07,pendiente,Monitoreo de medios - consolidado 2026
VICEÑA,sitios_apps,2026,329.07,pendiente,Monitoreo de medios - consolidado 2026
SIND. CHOFERES PROFES. PICHINCHA,radio,2026,409.07,pendiente,Monitoreo de medios - consolidado 2026
INNAIFEST,radio,2026,299.82,pendiente,Monitoreo de medios - consolidado 2026
CHEMPIOIL,radio,2026,233.04,pendiente,Monitoreo de medios - consolidado 2026
EL TERNERITO,radio,2026,419.45,pendiente,Monitoreo de medios - consolidado 2026
COFFEE & CORNDOG,sitios_apps,2026,319.93,pendiente,Monitoreo de medios - consolidado 2026
LIZZE,sitios_apps,2026,319.93,pendiente,Monitoreo de medios - consolidado 2026
ASO. DE EX-ALUMNOS DEL COL. JAVIER,prensa,2026,430.2,pendiente,Monitoreo de medios - consolidado 2026
COL. DE ARQUITECTOS DEL ECUADOR,prensa,2026,430.2,pendiente,Monitoreo de medios - consolidado 2026
INMOB. IEM C.A  (IEMCA),prensa,2026,430.2,pendiente,Monitoreo de medios - consolidado 2026
KUYA RAYMI,radio,2026,269.09,pendiente,Monitoreo de medios - consolidado 2026
NOVA CLINICA SANTA CECILIA,radio,2026,351.2,pendiente,Monitoreo de medios - consolidado 2026
BARCEL,sitios_apps,2026,280.02,pendiente,Monitoreo de medios - consolidado 2026
BARCEL,radio,2026,22.4,pendiente,Monitoreo de medios - consolidado 2026
ALDO SHOES,sitios_apps,2026,300.02,pendiente,Monitoreo de medios - consolidado 2026
ASIMED LAB,sitios_apps,2026,300.02,pendiente,Monitoreo de medios - consolidado 2026
CLINICA GUAYAQUIL,sitios_apps,2026,300.02,pendiente,Monitoreo de medios - consolidado 2026
COFFEE BOX,sitios_apps,2026,300.02,pendiente,Monitoreo de medios - consolidado 2026
COMSUCRE,sitios_apps,2026,300.02,pendiente,Monitoreo de medios - consolidado 2026
CONSEJO PROV. DE PASTAZA,sitios_apps,2026,300.02,pendiente,Monitoreo de medios - consolidado 2026
ECUADOR EXTREME TOUR,sitios_apps,2026,300.02,pendiente,Monitoreo de medios - consolidado 2026
ELANCO PETS,sitios_apps,2026,300.02,pendiente,Monitoreo de medios - consolidado 2026
ESCOLLANOS,sitios_apps,2026,300.02,pendiente,Monitoreo de medios - consolidado 2026
EXIMIA,sitios_apps,2026,300.02,pendiente,Monitoreo de medios - consolidado 2026
FISIOPRO,sitios_apps,2026,300.02,pendiente,Monitoreo de medios - consolidado 2026
GINSAC,sitios_apps,2026,300.02,pendiente,Monitoreo de medios - consolidado 2026
GLIN,sitios_apps,2026,300.02,pendiente,Monitoreo de medios - consolidado 2026
GRETEL ECUADOR S.A.S,sitios_apps,2026,300.02,pendiente,Monitoreo de medios - consolidado 2026
INTERPHARM,sitios_apps,2026,300.02,pendiente,Monitoreo de medios - consolidado 2026
KENDA,sitios_apps,2026,300.02,pendiente,Monitoreo de medios - consolidado 2026
KUNACHIA,sitios_apps,2026,300.02,pendiente,Monitoreo de medios - consolidado 2026
LA CUENCANA,sitios_apps,2026,300.02,pendiente,Monitoreo de medios - consolidado 2026
LA PARRILLA ASADOS AL CARBON,sitios_apps,2026,300.02,pendiente,Monitoreo de medios - consolidado 2026
LILE S. A.,sitios_apps,2026,300.02,pendiente,Monitoreo de medios - consolidado 2026
LORI MARKET,sitios_apps,2026,300.02,pendiente,Monitoreo de medios - consolidado 2026
LUCIA PIE HOUSE & GRILL,sitios_apps,2026,300.02,pendiente,Monitoreo de medios - consolidado 2026
MEGA ACERO SOLIS,sitios_apps,2026,300.02,pendiente,Monitoreo de medios - consolidado 2026
PHILLIPS 66,sitios_apps,2026,300.02,pendiente,Monitoreo de medios - consolidado 2026
PROKPIL,sitios_apps,2026,300.02,pendiente,Monitoreo de medios - consolidado 2026
ROUSS DENTAL,sitios_apps,2026,300.02,pendiente,Monitoreo de medios - consolidado 2026
SHACMAN,sitios_apps,2026,300.02,pendiente,Monitoreo de medios - consolidado 2026
WAUW,sitios_apps,2026,300.02,pendiente,Monitoreo de medios - consolidado 2026
REY VICHE,radio,2026,390.01,pendiente,Monitoreo de medios - consolidado 2026
D´ CONTADITO,radio,2026,244.81,pendiente,Monitoreo de medios - consolidado 2026
DUELO DE ORQUESTAS,radio,2026,41.11,pendiente,Monitoreo de medios - consolidado 2026
TRAJES EL UNIVERSITARIO,radio,2026,219.87,pendiente,Monitoreo de medios - consolidado 2026
TOCOBO,sitios_apps,2026,280.02,pendiente,Monitoreo de medios - consolidado 2026
TOCOBO,radio,2026,16.4,pendiente,Monitoreo de medios - consolidado 2026
JORGE ACAITURRI,sitios_apps,2026,281.14,pendiente,Monitoreo de medios - consolidado 2026
BANANERA LAS MERCEDES S.A.,prensa,2026,415.86,pendiente,Monitoreo de medios - consolidado 2026
GALAPESCA,prensa,2026,414.84,pendiente,Monitoreo de medios - consolidado 2026
BANCO DELBANK S.A.,prensa,2026,412.27,pendiente,Monitoreo de medios - consolidado 2026
KOCINACONK,radio,2026,204.9,pendiente,Monitoreo de medios - consolidado 2026
ASO. DE FUTBOL DE SANTA ELENA,prensa,2026,372.08,pendiente,Monitoreo de medios - consolidado 2026
EDAL LONCERIA & CRISTALERIA,prensa,2026,252.03,pendiente,Monitoreo de medios - consolidado 2026
CLINICA LA PAZ,prensa,2026,369.87,pendiente,Monitoreo de medios - consolidado 2026
PARRILLA EL ÑATO,prensa,2026,369.87,pendiente,Monitoreo de medios - consolidado 2026
RECTIFICADORA SALINAS,prensa,2026,369.87,pendiente,Monitoreo de medios - consolidado 2026
UNIV. FUERZAS ARMADAS,prensa,2026,408.69,pendiente,Monitoreo de medios - consolidado 2026
NOVARK,radio,2026,316.2,pendiente,Monitoreo de medios - consolidado 2026
BELO HORIZONTE,prensa,2026,403.31,pendiente,Monitoreo de medios - consolidado 2026
LA ESCUELA DE LOS CHEFS,radio,2026,131.65,pendiente,Monitoreo de medios - consolidado 2026
TORRE MEDICA PARA LA FAMILIA,prensa,2026,359.83,pendiente,Monitoreo de medios - consolidado 2026
ADPROIN,prensa,2026,359.64,pendiente,Monitoreo de medios - consolidado 2026
AGRICOLA ESPERANZA S.A ( AGRIESPERSA ),prensa,2026,359.64,pendiente,Monitoreo de medios - consolidado 2026
LAB. CLINICO HCKA S.A.,prensa,2026,359.64,pendiente,Monitoreo de medios - consolidado 2026
MUNIC. DEL CANTON AGUARICO,prensa,2026,359.64,pendiente,Monitoreo de medios - consolidado 2026
NATLUK S.A,prensa,2026,359.64,pendiente,Monitoreo de medios - consolidado 2026
SALINAS YACHT CLUB,prensa,2026,359.64,pendiente,Monitoreo de medios - consolidado 2026
SEMAICA,prensa,2026,359.64,pendiente,Monitoreo de medios - consolidado 2026
SOCIEDAD CIVIL Y COMERCIAL CND MACHACHI,prensa,2026,359.64,pendiente,Monitoreo de medios - consolidado 2026
ALMACENES BUENHOGAR,sitios_apps,2026,280.02,pendiente,Monitoreo de medios - consolidado 2026
AMIGUI,sitios_apps,2026,280.02,pendiente,Monitoreo de medios - consolidado 2026
ARCACONTINENTAL,sitios_apps,2026,280.02,pendiente,Monitoreo de medios - consolidado 2026
ASIA MOTORS,sitios_apps,2026,280.02,pendiente,Monitoreo de medios - consolidado 2026
BEL,sitios_apps,2026,280.02,pendiente,Monitoreo de medios - consolidado 2026
BERRY GOOD,sitios_apps,2026,280.02,pendiente,Monitoreo de medios - consolidado 2026
BETTERWARE,sitios_apps,2026,280.02,pendiente,Monitoreo de medios - consolidado 2026
BP HERRAMIENTAS,sitios_apps,2026,280.02,pendiente,Monitoreo de medios - consolidado 2026
CAMARA DE INNOV. Y TECNOL. ECUT. (CITEC),sitios_apps,2026,280.02,pendiente,Monitoreo de medios - consolidado 2026
CAPEIPI,sitios_apps,2026,280.02,pendiente,Monitoreo de medios - consolidado 2026
CAROLINA HERRERA,sitios_apps,2026,280.02,pendiente,Monitoreo de medios - consolidado 2026
CAVANNI DESING,sitios_apps,2026,280.02,pendiente,Monitoreo de medios - consolidado 2026
COINTREAU,sitios_apps,2026,280.02,pendiente,Monitoreo de medios - consolidado 2026
COOP. SAN JORGE,sitios_apps,2026,280.02,pendiente,Monitoreo de medios - consolidado 2026
CORP. MEDICA MONTE SINAI,sitios_apps,2026,280.02,pendiente,Monitoreo de medios - consolidado 2026
CREPERIA EL MEDIODIA,sitios_apps,2026,280.02,pendiente,Monitoreo de medios - consolidado 2026
DISER MEDICAL,sitios_apps,2026,280.02,pendiente,Monitoreo de medios - consolidado 2026
ETERNIT,sitios_apps,2026,280.02,pendiente,Monitoreo de medios - consolidado 2026
FUND. MEDICA CMS,sitios_apps,2026,280.02,pendiente,Monitoreo de medios - consolidado 2026
FUNDACION JOSE BARCIA,sitios_apps,2026,280.02,pendiente,Monitoreo de medios - consolidado 2026
GLOSS BEAUTY SHOP,sitios_apps,2026,280.02,pendiente,Monitoreo de medios - consolidado 2026
GO TRAVEL,sitios_apps,2026,280.02,pendiente,Monitoreo de medios - consolidado 2026
HAPPY,sitios_apps,2026,280.02,pendiente,Monitoreo de medios - consolidado 2026
HARINA SANTA LUCIA,sitios_apps,2026,280.02,pendiente,Monitoreo de medios - consolidado 2026
HOSTERIA DURAN,sitios_apps,2026,280.02,pendiente,Monitoreo de medios - consolidado 2026
HOTEL SHERATON,sitios_apps,2026,280.02,pendiente,Monitoreo de medios - consolidado 2026
IMPORT. SAN VICENTE C.LTDA.,sitios_apps,2026,280.02,pendiente,Monitoreo de medios - consolidado 2026
KARRY,sitios_apps,2026,280.02,pendiente,Monitoreo de medios - consolidado 2026
KINGAS,sitios_apps,2026,280.02,pendiente,Monitoreo de medios - consolidado 2026
KLOP TOOLS,sitios_apps,2026,280.02,pendiente,Monitoreo de medios - consolidado 2026
KUDERT,sitios_apps,2026,280.02,pendiente,Monitoreo de medios - consolidado 2026
LABORATORIOS LIRA,sitios_apps,2026,280.02,pendiente,Monitoreo de medios - consolidado 2026
LAND ROVER FREELANDER,sitios_apps,2026,280.02,pendiente,Monitoreo de medios - consolidado 2026
LIBRERIA M&M,sitios_apps,2026,280.02,pendiente,Monitoreo de medios - consolidado 2026
MAC ACCESS,sitios_apps,2026,280.02,pendiente,Monitoreo de medios - consolidado 2026
MARTINIZING,sitios_apps,2026,280.02,pendiente,Monitoreo de medios - consolidado 2026
MAS MUSIKA,sitios_apps,2026,280.02,pendiente,Monitoreo de medios - consolidado 2026
MUEBLES NOVOA,sitios_apps,2026,280.02,pendiente,Monitoreo de medios - consolidado 2026
MULTI ARTICULOS,sitios_apps,2026,280.02,pendiente,Monitoreo de medios - consolidado 2026
MUNICIPIO DE CATAMAYO,sitios_apps,2026,280.02,pendiente,Monitoreo de medios - consolidado 2026
PELIKAN,sitios_apps,2026,280.02,pendiente,Monitoreo de medios - consolidado 2026
PREUNIVERSITARIO NEWMAN,sitios_apps,2026,280.02,pendiente,Monitoreo de medios - consolidado 2026
PRODESEG,sitios_apps,2026,280.02,pendiente,Monitoreo de medios - consolidado 2026
STUDIO HOME,sitios_apps,2026,280.02,pendiente,Monitoreo de medios - consolidado 2026
TOSCANA CAFE,sitios_apps,2026,280.02,pendiente,Monitoreo de medios - consolidado 2026
UNITAXI,sitios_apps,2026,280.02,pendiente,Monitoreo de medios - consolidado 2026
COOP. FINCORP,radio,2026,399.0,pendiente,Monitoreo de medios - consolidado 2026
ECUAGOLD S.A.,radio,2026,326.43,pendiente,Monitoreo de medios - consolidado 2026
TU TIENDA ECUADOR,radio,2026,386.57,pendiente,Monitoreo de medios - consolidado 2026
SINDICATO CHOFERES ARENILLA,prensa,2026,357.18,pendiente,Monitoreo de medios - consolidado 2026
KAORI CANDLES,radio,2026,264.65,pendiente,Monitoreo de medios - consolidado 2026
BOX LEGEND LIVE,radio,2026,297.6,pendiente,Monitoreo de medios - consolidado 2026
MI CHOLI CEVICHERIA,radio,2026,303.19,pendiente,Monitoreo de medios - consolidado 2026
LIBERPESA,prensa,2026,342.21,pendiente,Monitoreo de medios - consolidado 2026
ARMATURA,sitios_apps,2026,276.11,pendiente,Monitoreo de medios - consolidado 2026
ASO. AVIADORES CIVILES ECUATORIANO,prensa,2026,376.43,pendiente,Monitoreo de medios - consolidado 2026
COL. ARQUITECTOS GUAYAS,prensa,2026,376.43,pendiente,Monitoreo de medios - consolidado 2026
EMBAJADA DE TAIWAN,prensa,2026,376.43,pendiente,Monitoreo de medios - consolidado 2026
LIGA DEP. CANTONAL DE BALZAR,prensa,2026,376.43,pendiente,Monitoreo de medios - consolidado 2026
PRODUCTOS SCHULLO S. A.,prensa,2026,376.43,pendiente,Monitoreo de medios - consolidado 2026
TALENT SCOUTING,radio,2026,285.29,pendiente,Monitoreo de medios - consolidado 2026
SANTA TERESITA DEL NIÑO JESUS,radio,2026,535.68,pendiente,Monitoreo de medios - consolidado 2026
SONY,sitios_apps,2026,252.36,pendiente,Monitoreo de medios - consolidado 2026
SONY,radio,2026,17.92,pendiente,Monitoreo de medios - consolidado 2026
SIND. CHOFERES PROF. DE HUAQUILLAS,prensa,2026,334.85,pendiente,Monitoreo de medios - consolidado 2026
TIA PATTY (MACHALA),prensa,2026,334.85,pendiente,Monitoreo de medios - consolidado 2026
PERU MUCHO GUSTO,radio,2026,282.23,pendiente,Monitoreo de medios - consolidado 2026
COL. ECONOMISTAS GUAYAS,prensa,2026,358.5,pendiente,Monitoreo de medios - consolidado 2026
GISIS S.A.,prensa,2026,358.5,pendiente,Monitoreo de medios - consolidado 2026
GOB. MUNIC. DEL CANTON PANGUA,prensa,2026,358.5,pendiente,Monitoreo de medios - consolidado 2026
LISOLA VILLAGE,sitios_apps,2026,265.09,pendiente,Monitoreo de medios - consolidado 2026
DIAMOND FILMS,radio,2026,300.43,pendiente,Monitoreo de medios - consolidado 2026
CAITRON,radio,2026,44.18,pendiente,Monitoreo de medios - consolidado 2026
LIRIOS EVENTOS,radio,2026,326.48,pendiente,Monitoreo de medios - consolidado 2026
BERET,radio,2026,398.96,pendiente,Monitoreo de medios - consolidado 2026
CAR SHOP,sitios_apps,2026,208.01,pendiente,Monitoreo de medios - consolidado 2026
CAR SHOP,radio,2026,35.08,pendiente,Monitoreo de medios - consolidado 2026
DR. MIGUEL ANGEL SALAMEA AREVALO,radio,2026,331.68,pendiente,Monitoreo de medios - consolidado 2026
SERVICIO DE CESANTIA DE LA POLICIA NAC.,prensa,2026,169.9,pendiente,Monitoreo de medios - consolidado 2026
AIRES SUR,sitios_apps,2026,248.02,pendiente,Monitoreo de medios - consolidado 2026
BATAN BUSINESS PARK,sitios_apps,2026,248.02,pendiente,Monitoreo de medios - consolidado 2026
BHUMI FEEL GOOD KITCHEN,sitios_apps,2026,248.02,pendiente,Monitoreo de medios - consolidado 2026
CLINICA DE HERIDAS QUITO,sitios_apps,2026,248.02,pendiente,Monitoreo de medios - consolidado 2026
DAIHAUTO,sitios_apps,2026,248.02,pendiente,Monitoreo de medios - consolidado 2026
EL SALONCITO,sitios_apps,2026,248.02,pendiente,Monitoreo de medios - consolidado 2026
FILORMO,sitios_apps,2026,248.02,pendiente,Monitoreo de medios - consolidado 2026
FRUTOLAND,sitios_apps,2026,248.02,pendiente,Monitoreo de medios - consolidado 2026
GALJOSA,sitios_apps,2026,248.02,pendiente,Monitoreo de medios - consolidado 2026
GALLETA PECOSA,sitios_apps,2026,248.02,pendiente,Monitoreo de medios - consolidado 2026
GRAND HOTEL GUAYAQUIL,sitios_apps,2026,248.02,pendiente,Monitoreo de medios - consolidado 2026
LUXUS OPTICAS,sitios_apps,2026,248.02,pendiente,Monitoreo de medios - consolidado 2026
MARSEGUROS,sitios_apps,2026,248.02,pendiente,Monitoreo de medios - consolidado 2026
MULTITRAVEL.COM,sitios_apps,2026,248.02,pendiente,Monitoreo de medios - consolidado 2026
ORYZA,sitios_apps,2026,248.02,pendiente,Monitoreo de medios - consolidado 2026
SAMSONITE,sitios_apps,2026,248.02,pendiente,Monitoreo de medios - consolidado 2026
SENZA,sitios_apps,2026,248.02,pendiente,Monitoreo de medios - consolidado 2026
SKYTEC S.A.,sitios_apps,2026,248.02,pendiente,Monitoreo de medios - consolidado 2026
TECK SOLUCIONES CONSTRUCTIVAS,sitios_apps,2026,248.02,pendiente,Monitoreo de medios - consolidado 2026
TOPACIO FINE ARTS,sitios_apps,2026,248.02,pendiente,Monitoreo de medios - consolidado 2026
WOW,sitios_apps,2026,248.02,pendiente,Monitoreo de medios - consolidado 2026
TERMOGUAYAS GENERATION S.A.,prensa,2026,351.33,pendiente,Monitoreo de medios - consolidado 2026
ASSIST CARD,sitios_apps,2026,221.23,pendiente,Monitoreo de medios - consolidado 2026
FERIA MAMA,prensa,2026,313.06,pendiente,Monitoreo de medios - consolidado 2026
AGALI INTERCAMBIO,sitios_apps,2026,255.95,pendiente,Monitoreo de medios - consolidado 2026
ALMACEN NATASHA,sitios_apps,2026,255.95,pendiente,Monitoreo de medios - consolidado 2026
AVIS RENT-A-CAR,sitios_apps,2026,255.95,pendiente,Monitoreo de medios - consolidado 2026
BIKE STOP,sitios_apps,2026,255.95,pendiente,Monitoreo de medios - consolidado 2026
BIRRA,sitios_apps,2026,255.95,pendiente,Monitoreo de medios - consolidado 2026
BURGERPARK,sitios_apps,2026,255.95,pendiente,Monitoreo de medios - consolidado 2026
CAR CONNECTION,sitios_apps,2026,255.95,pendiente,Monitoreo de medios - consolidado 2026
CENTRO DE BIOANALISIS,sitios_apps,2026,255.95,pendiente,Monitoreo de medios - consolidado 2026
DOT HOUSE,sitios_apps,2026,255.95,pendiente,Monitoreo de medios - consolidado 2026
ECUADORIAN HANDS,sitios_apps,2026,255.95,pendiente,Monitoreo de medios - consolidado 2026
EL PORTEÑO (RESTAURANTE),sitios_apps,2026,255.95,pendiente,Monitoreo de medios - consolidado 2026
LA CASA DEL BEBE,sitios_apps,2026,255.95,pendiente,Monitoreo de medios - consolidado 2026
LUNA FLOWERS,sitios_apps,2026,255.95,pendiente,Monitoreo de medios - consolidado 2026
PAYPHONE,sitios_apps,2026,255.95,pendiente,Monitoreo de medios - consolidado 2026
UNIV. DE LOS ANDES,sitios_apps,2026,255.95,pendiente,Monitoreo de medios - consolidado 2026
TALLER MACIAS,radio,2026,33.64,pendiente,Monitoreo de medios - consolidado 2026
ENCEBOLLADOS PICUAZO,radio,2026,214.89,pendiente,Monitoreo de medios - consolidado 2026
ESCUELA POLITECNICA DE MANABI,prensa,2026,210.03,pendiente,Monitoreo de medios - consolidado 2026
COPA ENTERTAINMENT,radio,2026,193.49,pendiente,Monitoreo de medios - consolidado 2026
TECNOL. DE NATUROPATIA DR. MISAEL ACOSTA,radio,2026,268.4,pendiente,Monitoreo de medios - consolidado 2026
VALLAS BARRERA,tv_paga,2026,77.72,pendiente,Monitoreo de medios - consolidado 2026
ADMINISTRADORA DEL PACIFICO S.A.,prensa,2026,303.39,pendiente,Monitoreo de medios - consolidado 2026
MUNDOTIRES,radio,2026,253.59,pendiente,Monitoreo de medios - consolidado 2026
COL. PART. JOHN F. KENNEDY,prensa,2026,301.15,pendiente,Monitoreo de medios - consolidado 2026
DR. MARCOS ALBUJA,tv_abierta,2026,40.79,pendiente,Monitoreo de medios - consolidado 2026
COL. ARQ. DEL ECUADOR,prensa,2026,322.65,pendiente,Monitoreo de medios - consolidado 2026
COOP. DE SERV. PUBLICO MINIST. EDUC. Y C,prensa,2026,322.65,pendiente,Monitoreo de medios - consolidado 2026
TRADINTER,prensa,2026,322.65,pendiente,Monitoreo de medios - consolidado 2026
JOHNSON & JOHNSON,tv_abierta,2026,79.59,pendiente,Monitoreo de medios - consolidado 2026
ACERIMALLAS,radio,2026,316.8,pendiente,Monitoreo de medios - consolidado 2026
PRO CERTIFICA,radio,2026,377.07,pendiente,Monitoreo de medios - consolidado 2026
AQUAGOLD,radio,2026,260.01,pendiente,Monitoreo de medios - consolidado 2026
PICANTERIA ANGELITO,radio,2026,216.03,pendiente,Monitoreo de medios - consolidado 2026
JAE CAFE DESIGN,radio,2026,343.65,pendiente,Monitoreo de medios - consolidado 2026
CONSEJO DE LA JUDICATURA,prensa,2026,280.66,pendiente,Monitoreo de medios - consolidado 2026
EUROBLINDS,radio,2026,136.42,pendiente,Monitoreo de medios - consolidado 2026
EUROBLINDS,tv_paga,2026,8.75,pendiente,Monitoreo de medios - consolidado 2026
STRAW BEAUTY,tv_abierta,2026,52.69,pendiente,Monitoreo de medios - consolidado 2026
CLUB METROPOLITANO DE GUAYAQUIL,prensa,2026,301.14,pendiente,Monitoreo de medios - consolidado 2026
COLOMBIANA,prensa,2026,301.14,pendiente,Monitoreo de medios - consolidado 2026
ECAUTE,prensa,2026,301.14,pendiente,Monitoreo de medios - consolidado 2026
INTERNATIONAL SERVICES CORP.TERVIRA S.A.,prensa,2026,301.14,pendiente,Monitoreo de medios - consolidado 2026
INVERSIONES METABAZ S.A.,prensa,2026,301.14,pendiente,Monitoreo de medios - consolidado 2026
MUNIC. DE PATATE,prensa,2026,272.16,pendiente,Monitoreo de medios - consolidado 2026
ORODELTI S.A.*TROLEGSA S.A.*PRIDORP S.A,prensa,2026,301.14,pendiente,Monitoreo de medios - consolidado 2026
THE BRITISH SCHOOL QUITO,prensa,2026,301.14,pendiente,Monitoreo de medios - consolidado 2026
CITRATO DE MAGNESIO,tv_abierta,2026,28.25,pendiente,Monitoreo de medios - consolidado 2026
SIM STORE.EC,radio,2026,223.99,pendiente,Monitoreo de medios - consolidado 2026
CAPITAN CANGREJO,radio,2026,125.25,pendiente,Monitoreo de medios - consolidado 2026
OTRAS,radio,2026,69.84,pendiente,Monitoreo de medios - consolidado 2026
PLAZA DE LAS AMERICAS,prensa,2026,269.44,pendiente,Monitoreo de medios - consolidado 2026
PUNTO PASCANA,prensa,2026,269.44,pendiente,Monitoreo de medios - consolidado 2026
VITAL PETS REHABILITACION & FISIOTERAPIA,prensa,2026,269.44,pendiente,Monitoreo de medios - consolidado 2026
BOMBOLI SHOPPING,radio,2026,295.65,pendiente,Monitoreo de medios - consolidado 2026
AGUAS MACHALA EP,sitios_apps,2026,208.01,pendiente,Monitoreo de medios - consolidado 2026
AUTOMOVIL CLUB DEL ECUADOR,sitios_apps,2026,208.01,pendiente,Monitoreo de medios - consolidado 2026
AUTOSKY,sitios_apps,2026,208.01,pendiente,Monitoreo de medios - consolidado 2026
BETHEL SEGUROS,sitios_apps,2026,208.01,pendiente,Monitoreo de medios - consolidado 2026
BLACK & DECKER,sitios_apps,2026,208.01,pendiente,Monitoreo de medios - consolidado 2026
CAMARA CONSTRUCCION DE CUENCA,sitios_apps,2026,208.01,pendiente,Monitoreo de medios - consolidado 2026
CENTRO DE LA INDUSTRIA LACTEA,sitios_apps,2026,208.01,pendiente,Monitoreo de medios - consolidado 2026
COOP. 29 DE JUNIO RUMICUCHO,sitios_apps,2026,208.01,pendiente,Monitoreo de medios - consolidado 2026
DENTAL BROWN,sitios_apps,2026,208.01,pendiente,Monitoreo de medios - consolidado 2026
DISTRIDENTAL,sitios_apps,2026,208.01,pendiente,Monitoreo de medios - consolidado 2026
FLOR DE CAÑA,sitios_apps,2026,208.01,pendiente,Monitoreo de medios - consolidado 2026
GEOBOX,sitios_apps,2026,208.01,pendiente,Monitoreo de medios - consolidado 2026
GO HOTEL,sitios_apps,2026,208.01,pendiente,Monitoreo de medios - consolidado 2026
IMPORTA MOTORS,sitios_apps,2026,208.01,pendiente,Monitoreo de medios - consolidado 2026
INPROSA,sitios_apps,2026,208.01,pendiente,Monitoreo de medios - consolidado 2026
JOYERIA OMEGA,sitios_apps,2026,208.01,pendiente,Monitoreo de medios - consolidado 2026
LA VIENESA,sitios_apps,2026,208.01,pendiente,Monitoreo de medios - consolidado 2026
LAS MULATAS,sitios_apps,2026,208.01,pendiente,Monitoreo de medios - consolidado 2026
OTOM RACING,sitios_apps,2026,208.01,pendiente,Monitoreo de medios - consolidado 2026
PASSLINE,sitios_apps,2026,208.01,pendiente,Monitoreo de medios - consolidado 2026
RABANNE,sitios_apps,2026,208.01,pendiente,Monitoreo de medios - consolidado 2026
SALON TRES ESTRELLAS,sitios_apps,2026,208.01,pendiente,Monitoreo de medios - consolidado 2026
SALVACERO,sitios_apps,2026,208.01,pendiente,Monitoreo de medios - consolidado 2026
SUMIG LATAM,sitios_apps,2026,208.01,pendiente,Monitoreo de medios - consolidado 2026
TECNISEGUROS,sitios_apps,2026,208.01,pendiente,Monitoreo de medios - consolidado 2026
TECNOL. DE FORMACION,sitios_apps,2026,208.01,pendiente,Monitoreo de medios - consolidado 2026
UNIDAD MEDICA MANO AMIGA,sitios_apps,2026,208.01,pendiente,Monitoreo de medios - consolidado 2026
VIGIA,sitios_apps,2026,208.01,pendiente,Monitoreo de medios - consolidado 2026
WARENHAUS,sitios_apps,2026,208.01,pendiente,Monitoreo de medios - consolidado 2026
WOLFOOD,sitios_apps,2026,208.01,pendiente,Monitoreo de medios - consolidado 2026
CONDOMINIO EST. MONUMENTAL ISIDRO ROMERO,prensa,2026,263.52,pendiente,Monitoreo de medios - consolidado 2026
ALVAREZ BARBA,prensa,2026,263.25,pendiente,Monitoreo de medios - consolidado 2026
KANTARINA (AGUA),tv_paga,2026,66.93,pendiente,Monitoreo de medios - consolidado 2026
20 TH CENTURY FOX,radio,2026,329.99,pendiente,Monitoreo de medios - consolidado 2026
APARTEC,prensa,2026,286.8,pendiente,Monitoreo de medios - consolidado 2026
LUBRISA S.A.,prensa,2026,286.8,pendiente,Monitoreo de medios - consolidado 2026
SERCOMPETROL,prensa,2026,286.8,pendiente,Monitoreo de medios - consolidado 2026
SIES SALUD,radio,2026,144.84,pendiente,Monitoreo de medios - consolidado 2026
TO FLY AGENCYS,radio,2026,215.03,pendiente,Monitoreo de medios - consolidado 2026
CANA PRODUCCIONES,radio,2026,220.88,pendiente,Monitoreo de medios - consolidado 2026
PANADERIA CALIFORNIA,radio,2026,217.18,pendiente,Monitoreo de medios - consolidado 2026
ALMACENES ESPINOZA,radio,2026,257.82,pendiente,Monitoreo de medios - consolidado 2026
DRA. JULIANA NAVARRETE,radio,2026,92.17,pendiente,Monitoreo de medios - consolidado 2026
LA FIESTA DE LA MUSICA,tv_abierta,2026,184.0,pendiente,Monitoreo de medios - consolidado 2026
MUNICIPIO DE PASAJE,prensa,2026,247.89,pendiente,Monitoreo de medios - consolidado 2026
ACTIVE LIFE,sitios_apps,2026,201.1,pendiente,Monitoreo de medios - consolidado 2026
ALMACENES ANDERSON,sitios_apps,2026,201.1,pendiente,Monitoreo de medios - consolidado 2026
ANDOR,sitios_apps,2026,201.1,pendiente,Monitoreo de medios - consolidado 2026
AUTOCABLES,sitios_apps,2026,201.1,pendiente,Monitoreo de medios - consolidado 2026
AUTOCOR,sitios_apps,2026,201.1,pendiente,Monitoreo de medios - consolidado 2026
BYPHASSE,sitios_apps,2026,201.1,pendiente,Monitoreo de medios - consolidado 2026
CALZADO VECACHI,sitios_apps,2026,201.1,pendiente,Monitoreo de medios - consolidado 2026
CENTRO AGRICOLA  AMBATO,sitios_apps,2026,201.1,pendiente,Monitoreo de medios - consolidado 2026
CHANTILLY (BOUTIQUE),sitios_apps,2026,201.1,pendiente,Monitoreo de medios - consolidado 2026
CINEPLANET,sitios_apps,2026,201.1,pendiente,Monitoreo de medios - consolidado 2026
COMPASION INTERNACIONAL,sitios_apps,2026,201.1,pendiente,Monitoreo de medios - consolidado 2026
DEFFENDOR,sitios_apps,2026,201.1,pendiente,Monitoreo de medios - consolidado 2026
DHL,sitios_apps,2026,201.1,pendiente,Monitoreo de medios - consolidado 2026
DILICSUR,sitios_apps,2026,201.1,pendiente,Monitoreo de medios - consolidado 2026
DISCAREM S.A.,sitios_apps,2026,201.1,pendiente,Monitoreo de medios - consolidado 2026
DISTRIHOME,sitios_apps,2026,201.1,pendiente,Monitoreo de medios - consolidado 2026
DRAKON,sitios_apps,2026,201.1,pendiente,Monitoreo de medios - consolidado 2026
EKS GRUPO INMOB.,sitios_apps,2026,201.1,pendiente,Monitoreo de medios - consolidado 2026
EL ALABADO,sitios_apps,2026,201.1,pendiente,Monitoreo de medios - consolidado 2026
EL CHAGRILLO,sitios_apps,2026,201.1,pendiente,Monitoreo de medios - consolidado 2026
EL FAROL BISTRO LOUNGE,sitios_apps,2026,201.1,pendiente,Monitoreo de medios - consolidado 2026
EL OFICIAL,sitios_apps,2026,201.1,pendiente,Monitoreo de medios - consolidado 2026
EL PALACIO DEL PERFUME,sitios_apps,2026,201.1,pendiente,Monitoreo de medios - consolidado 2026
ELECTRO TIENDA,sitios_apps,2026,201.1,pendiente,Monitoreo de medios - consolidado 2026
ELECTROLIT,sitios_apps,2026,201.1,pendiente,Monitoreo de medios - consolidado 2026
EMPAPATE,sitios_apps,2026,201.1,pendiente,Monitoreo de medios - consolidado 2026
EMPRM,sitios_apps,2026,201.1,pendiente,Monitoreo de medios - consolidado 2026
EN LINEA,sitios_apps,2026,201.1,pendiente,Monitoreo de medios - consolidado 2026
ENTEREX,sitios_apps,2026,201.1,pendiente,Monitoreo de medios - consolidado 2026
FAIR ZERO WASTE,sitios_apps,2026,201.1,pendiente,Monitoreo de medios - consolidado 2026
FEDERAL TIRE,sitios_apps,2026,201.1,pendiente,Monitoreo de medios - consolidado 2026
FEEL THE TICKETS,sitios_apps,2026,201.1,pendiente,Monitoreo de medios - consolidado 2026
FUJINO JAPONES,sitios_apps,2026,201.1,pendiente,Monitoreo de medios - consolidado 2026
GALERIAS QUEZADA,sitios_apps,2026,201.1,pendiente,Monitoreo de medios - consolidado 2026
GOTUURI,sitios_apps,2026,201.1,pendiente,Monitoreo de medios - consolidado 2026
GRUPO MEDI,sitios_apps,2026,201.1,pendiente,Monitoreo de medios - consolidado 2026
GRUPO SUR ATLANTIDA,sitios_apps,2026,201.1,pendiente,Monitoreo de medios - consolidado 2026
HALLADOS,sitios_apps,2026,201.1,pendiente,Monitoreo de medios - consolidado 2026
HARINA PAN,sitios_apps,2026,201.1,pendiente,Monitoreo de medios - consolidado 2026
HASTA LA VUELTA SEÑOR,sitios_apps,2026,201.1,pendiente,Monitoreo de medios - consolidado 2026
HISTORICO,sitios_apps,2026,201.1,pendiente,Monitoreo de medios - consolidado 2026
HONEY AND HONEY,sitios_apps,2026,201.1,pendiente,Monitoreo de medios - consolidado 2026
HOTEL AMBATO,sitios_apps,2026,201.1,pendiente,Monitoreo de medios - consolidado 2026
HOTEL EL CONQUISTADOR,sitios_apps,2026,201.1,pendiente,Monitoreo de medios - consolidado 2026
INTERMODA,sitios_apps,2026,201.1,pendiente,Monitoreo de medios - consolidado 2026
IO WELL,sitios_apps,2026,201.1,pendiente,Monitoreo de medios - consolidado 2026
ISHOP,sitios_apps,2026,201.1,pendiente,Monitoreo de medios - consolidado 2026
KITTON HOME CENTER,sitios_apps,2026,201.1,pendiente,Monitoreo de medios - consolidado 2026
KUBOX,sitios_apps,2026,201.1,pendiente,Monitoreo de medios - consolidado 2026
L` ISOLA,sitios_apps,2026,201.1,pendiente,Monitoreo de medios - consolidado 2026
LA CUEVA JAZZ BAR,sitios_apps,2026,201.1,pendiente,Monitoreo de medios - consolidado 2026
LA GRANJA SUPERMERCADOS,sitios_apps,2026,201.1,pendiente,Monitoreo de medios - consolidado 2026
LIBRIMUNDI,sitios_apps,2026,201.1,pendiente,Monitoreo de medios - consolidado 2026
LINIE DESIGN STUDIO,sitios_apps,2026,201.1,pendiente,Monitoreo de medios - consolidado 2026
LIPOFIT EXTREME,sitios_apps,2026,201.1,pendiente,Monitoreo de medios - consolidado 2026
LISAP MILANO,sitios_apps,2026,201.1,pendiente,Monitoreo de medios - consolidado 2026
MANPOWER,sitios_apps,2026,201.1,pendiente,Monitoreo de medios - consolidado 2026
MARTACO,sitios_apps,2026,201.1,pendiente,Monitoreo de medios - consolidado 2026
MASAMI SHUSHI,sitios_apps,2026,201.1,pendiente,Monitoreo de medios - consolidado 2026
MASTER DRIVE,sitios_apps,2026,201.1,pendiente,Monitoreo de medios - consolidado 2026
MEDIPIEL,sitios_apps,2026,201.1,pendiente,Monitoreo de medios - consolidado 2026
MEDYSIS,sitios_apps,2026,201.1,pendiente,Monitoreo de medios - consolidado 2026
MEEL TECH STORE,sitios_apps,2026,201.1,pendiente,Monitoreo de medios - consolidado 2026
MEGACLEAN,sitios_apps,2026,201.1,pendiente,Monitoreo de medios - consolidado 2026
MERCAPITAL CASA DE VALORES S.A.,sitios_apps,2026,201.1,pendiente,Monitoreo de medios - consolidado 2026
MIDTOWN SAMBORONDON,sitios_apps,2026,201.1,pendiente,Monitoreo de medios - consolidado 2026
MIEL MATE,sitios_apps,2026,201.1,pendiente,Monitoreo de medios - consolidado 2026
MOROTTO,sitios_apps,2026,201.1,pendiente,Monitoreo de medios - consolidado 2026
MR. BOOKS,sitios_apps,2026,201.1,pendiente,Monitoreo de medios - consolidado 2026
MUNCHKIN,sitios_apps,2026,201.1,pendiente,Monitoreo de medios - consolidado 2026
MYWATCH,sitios_apps,2026,201.1,pendiente,Monitoreo de medios - consolidado 2026
NETZUN,sitios_apps,2026,201.1,pendiente,Monitoreo de medios - consolidado 2026
NOVUSS,sitios_apps,2026,201.1,pendiente,Monitoreo de medios - consolidado 2026
OASIS CENT. COMERCIAL,sitios_apps,2026,201.1,pendiente,Monitoreo de medios - consolidado 2026
OLVAS,sitios_apps,2026,201.1,pendiente,Monitoreo de medios - consolidado 2026
OLYMPIKUS,sitios_apps,2026,201.1,pendiente,Monitoreo de medios - consolidado 2026
ORGANIK,sitios_apps,2026,201.1,pendiente,Monitoreo de medios - consolidado 2026
ORTHODENT,sitios_apps,2026,201.1,pendiente,Monitoreo de medios - consolidado 2026
PEZKA FRESKA,sitios_apps,2026,201.1,pendiente,Monitoreo de medios - consolidado 2026
PHARMAVIDA,sitios_apps,2026,201.1,pendiente,Monitoreo de medios - consolidado 2026
PILLAO,sitios_apps,2026,201.1,pendiente,Monitoreo de medios - consolidado 2026
PLINTO FC,sitios_apps,2026,201.1,pendiente,Monitoreo de medios - consolidado 2026
POCASI,sitios_apps,2026,201.1,pendiente,Monitoreo de medios - consolidado 2026
PROCOINEEC,sitios_apps,2026,201.1,pendiente,Monitoreo de medios - consolidado 2026
PROINCAR,sitios_apps,2026,201.1,pendiente,Monitoreo de medios - consolidado 2026
PROQUIM,sitios_apps,2026,201.1,pendiente,Monitoreo de medios - consolidado 2026
PULSO,sitios_apps,2026,201.1,pendiente,Monitoreo de medios - consolidado 2026
QUO VADIS HOTEL,sitios_apps,2026,201.1,pendiente,Monitoreo de medios - consolidado 2026
RANCHO,sitios_apps,2026,201.1,pendiente,Monitoreo de medios - consolidado 2026
REALTY ONE GROUP PROPTECH,sitios_apps,2026,201.1,pendiente,Monitoreo de medios - consolidado 2026
SAFE PLACE,sitios_apps,2026,201.1,pendiente,Monitoreo de medios - consolidado 2026
SENDA,sitios_apps,2026,201.1,pendiente,Monitoreo de medios - consolidado 2026
SHILUV,sitios_apps,2026,201.1,pendiente,Monitoreo de medios - consolidado 2026
STAR OFFICE,sitios_apps,2026,201.1,pendiente,Monitoreo de medios - consolidado 2026
SULTAN DE LOS ANDES,sitios_apps,2026,201.1,pendiente,Monitoreo de medios - consolidado 2026
TELECOMVAS,sitios_apps,2026,201.1,pendiente,Monitoreo de medios - consolidado 2026
THE KIDS PLACE,sitios_apps,2026,201.1,pendiente,Monitoreo de medios - consolidado 2026
TIMING ECUADOR,sitios_apps,2026,201.1,pendiente,Monitoreo de medios - consolidado 2026
TODOLED ECUADOR,sitios_apps,2026,201.1,pendiente,Monitoreo de medios - consolidado 2026
TODOMOTO,sitios_apps,2026,201.1,pendiente,Monitoreo de medios - consolidado 2026
TRANSMATE,sitios_apps,2026,201.1,pendiente,Monitoreo de medios - consolidado 2026
TRONCAL BURGER,sitios_apps,2026,201.1,pendiente,Monitoreo de medios - consolidado 2026
UD TRUCKS,sitios_apps,2026,201.1,pendiente,Monitoreo de medios - consolidado 2026
UNICENTRO,sitios_apps,2026,201.1,pendiente,Monitoreo de medios - consolidado 2026
VETERINARIA CHAVEZ LASSO,sitios_apps,2026,201.1,pendiente,Monitoreo de medios - consolidado 2026
VOLCANIC WATER,sitios_apps,2026,201.1,pendiente,Monitoreo de medios - consolidado 2026
VOREAS,sitios_apps,2026,201.1,pendiente,Monitoreo de medios - consolidado 2026
ZONTES,sitios_apps,2026,201.1,pendiente,Monitoreo de medios - consolidado 2026
ZUMBA,sitios_apps,2026,201.1,pendiente,Monitoreo de medios - consolidado 2026
MELOPAPER,radio,2026,269.56,pendiente,Monitoreo de medios - consolidado 2026
D LIRIOS EVENTOS,radio,2026,235.07,pendiente,Monitoreo de medios - consolidado 2026
BAN RED,prensa,2026,268.88,pendiente,Monitoreo de medios - consolidado 2026
ROKADA,radio,2026,88.88,pendiente,Monitoreo de medios - consolidado 2026
CINEMA MALECON,radio,2026,90.5,pendiente,Monitoreo de medios - consolidado 2026
"GANADAL, NOBOA Y CIA.",prensa,2026,258.12,pendiente,Monitoreo de medios - consolidado 2026
GANADERA EL TEJANO,prensa,2026,258.12,pendiente,Monitoreo de medios - consolidado 2026
GANADERO RIO PLAYON S.A.,prensa,2026,258.12,pendiente,Monitoreo de medios - consolidado 2026
PR PRODUCCIONES,radio,2026,36.72,pendiente,Monitoreo de medios - consolidado 2026
SAN MIGUEL INDUSTRIALES (SMI),prensa,2026,258.12,pendiente,Monitoreo de medios - consolidado 2026
SMILE DENT,radio,2026,29.06,pendiente,Monitoreo de medios - consolidado 2026
TERMINAL AEROPUERTARIA DE GUAYAQUIL.,prensa,2026,258.12,pendiente,Monitoreo de medios - consolidado 2026
ITALDESIGN,sitios_apps,2026,170.81,pendiente,Monitoreo de medios - consolidado 2026
LAB. LUQUE,tv_abierta,2026,31.3,pendiente,Monitoreo de medios - consolidado 2026
ECUADOR TRAVEL,radio,2026,231.0,pendiente,Monitoreo de medios - consolidado 2026
ELECTROQUIL S.A,prensa,2026,250.95,pendiente,Monitoreo de medios - consolidado 2026
FEDENADOR,prensa,2026,250.95,pendiente,Monitoreo de medios - consolidado 2026
MONDIAL,radio,2026,232.21,pendiente,Monitoreo de medios - consolidado 2026
TERJAMANCO S.A.,prensa,2026,250.95,pendiente,Monitoreo de medios - consolidado 2026
EDOPLAST S.A.,radio,2026,31.95,pendiente,Monitoreo de medios - consolidado 2026
TEATRO CENTRO CIVICO,radio,2026,47.36,pendiente,Monitoreo de medios - consolidado 2026
MODUS VIVENDI C.A.,prensa,2026,151.1,pendiente,Monitoreo de medios - consolidado 2026
MEGA EXPO MAMA,prensa,2026,220.45,pendiente,Monitoreo de medios - consolidado 2026
PICANTERIA TABANI,radio,2026,153.44,pendiente,Monitoreo de medios - consolidado 2026
CONCIERTOS ECUADOR,tv_abierta,2026,59.69,pendiente,Monitoreo de medios - consolidado 2026
RADIO CENTRO (QUITO),radio,2026,262.33,pendiente,Monitoreo de medios - consolidado 2026
SERLIPEN S.A.,prensa,2026,214.86,pendiente,Monitoreo de medios - consolidado 2026
CO AUTOS,sitios_apps,2026,166.97,pendiente,Monitoreo de medios - consolidado 2026
EMAPA,radio,2026,231.53,pendiente,Monitoreo de medios - consolidado 2026
ETERNO PARAISO,prensa,2026,145.53,pendiente,Monitoreo de medios - consolidado 2026
NUTRIMAR,radio,2026,29.45,pendiente,Monitoreo de medios - consolidado 2026
PATATES,radio,2026,177.4,pendiente,Monitoreo de medios - consolidado 2026
RESTONIC,tv_abierta,2026,15.03,pendiente,Monitoreo de medios - consolidado 2026
DURAN BUSINESS CENTER & LOGISTICS,radio,2026,119.36,pendiente,Monitoreo de medios - consolidado 2026
REY RANCHO NOBOA,prensa,2026,229.44,pendiente,Monitoreo de medios - consolidado 2026
SEGUROS COLON,prensa,2026,229.44,pendiente,Monitoreo de medios - consolidado 2026
OVALCOHOL,prensa,2026,206.47,pendiente,Monitoreo de medios - consolidado 2026
I.S.S.F.A.,prensa,2026,204.12,pendiente,Monitoreo de medios - consolidado 2026
FUND. REINA DE REINAS CIROI,radio,2026,127.31,pendiente,Monitoreo de medios - consolidado 2026
ECUAMOTOR,radio,2026,81.87,pendiente,Monitoreo de medios - consolidado 2026
A2 CAPACITACION,sitios_apps,2026,164.54,pendiente,Monitoreo de medios - consolidado 2026
ACCESORIA,sitios_apps,2026,164.54,pendiente,Monitoreo de medios - consolidado 2026
AGROANALISIS,sitios_apps,2026,164.54,pendiente,Monitoreo de medios - consolidado 2026
ALPESO,sitios_apps,2026,164.54,pendiente,Monitoreo de medios - consolidado 2026
ANDY DESIGN,sitios_apps,2026,164.54,pendiente,Monitoreo de medios - consolidado 2026
APPLE POINT,sitios_apps,2026,164.54,pendiente,Monitoreo de medios - consolidado 2026
CECUAMAQ C.A.,sitios_apps,2026,164.54,pendiente,Monitoreo de medios - consolidado 2026
CHERUSKER,sitios_apps,2026,164.54,pendiente,Monitoreo de medios - consolidado 2026
CLEANERS SERVICES,sitios_apps,2026,164.54,pendiente,Monitoreo de medios - consolidado 2026
COMAL,sitios_apps,2026,164.54,pendiente,Monitoreo de medios - consolidado 2026
CORPCULTIVOS S.A.,sitios_apps,2026,164.54,pendiente,Monitoreo de medios - consolidado 2026
D´ALEXA,sitios_apps,2026,164.54,pendiente,Monitoreo de medios - consolidado 2026
EL MONTADERO,sitios_apps,2026,164.54,pendiente,Monitoreo de medios - consolidado 2026
ENTERPRISE MOTORS,sitios_apps,2026,164.54,pendiente,Monitoreo de medios - consolidado 2026
GORDITOS GRILL,sitios_apps,2026,164.54,pendiente,Monitoreo de medios - consolidado 2026
HOTEL EL QUIJOTE,sitios_apps,2026,164.54,pendiente,Monitoreo de medios - consolidado 2026
INDUALCA S. A.,sitios_apps,2026,164.54,pendiente,Monitoreo de medios - consolidado 2026
MAMBO DOG,sitios_apps,2026,164.54,pendiente,Monitoreo de medios - consolidado 2026
MAVIJU (MATERIALES ELECTRICO),sitios_apps,2026,164.54,pendiente,Monitoreo de medios - consolidado 2026
NATSUMI SUSHI LUNCH,sitios_apps,2026,164.54,pendiente,Monitoreo de medios - consolidado 2026
NIHAO JEWELRY,sitios_apps,2026,164.54,pendiente,Monitoreo de medios - consolidado 2026
NO FORK,sitios_apps,2026,164.54,pendiente,Monitoreo de medios - consolidado 2026
NUTRACRICK,sitios_apps,2026,164.54,pendiente,Monitoreo de medios - consolidado 2026
ONE MOVE,sitios_apps,2026,164.54,pendiente,Monitoreo de medios - consolidado 2026
PASTELES & COMPAÑIA,sitios_apps,2026,164.54,pendiente,Monitoreo de medios - consolidado 2026
PERSEO,sitios_apps,2026,164.54,pendiente,Monitoreo de medios - consolidado 2026
ROLORTIZ,sitios_apps,2026,164.54,pendiente,Monitoreo de medios - consolidado 2026
SERES,sitios_apps,2026,164.54,pendiente,Monitoreo de medios - consolidado 2026
SION LUNG BUFFET & MARISCOS,sitios_apps,2026,164.54,pendiente,Monitoreo de medios - consolidado 2026
TISSUE,sitios_apps,2026,164.54,pendiente,Monitoreo de medios - consolidado 2026
VIVE CONCIERTOS,sitios_apps,2026,164.54,pendiente,Monitoreo de medios - consolidado 2026
PIROTECNICS-AZFIREWORK,radio,2026,117.43,pendiente,Monitoreo de medios - consolidado 2026
DR. CRISTHIAN GARCIA,tv_abierta,2026,29.92,pendiente,Monitoreo de medios - consolidado 2026
RADIO ONDA POSITIVA FM,radio,2026,21.49,pendiente,Monitoreo de medios - consolidado 2026
BEST SEÑALETICAS,radio,2026,136.41,pendiente,Monitoreo de medios - consolidado 2026
ENLACE NEGOCIOS FIDUCIARIOS S.A.,prensa,2026,215.1,pendiente,Monitoreo de medios - consolidado 2026
ESPN,radio,2026,244.44,pendiente,Monitoreo de medios - consolidado 2026
HIPODROMO MAR BRAVO S.A,prensa,2026,215.1,pendiente,Monitoreo de medios - consolidado 2026
INTEGRACION AVICOLA ORO CIA. LTDA,prensa,2026,215.1,pendiente,Monitoreo de medios - consolidado 2026
NOVAUTO,prensa,2026,215.1,pendiente,Monitoreo de medios - consolidado 2026
PARQUEO POSITIVO,radio,2026,103.46,pendiente,Monitoreo de medios - consolidado 2026
TELECOM. SOLUTION CENTER TSC S. A.,prensa,2026,215.1,pendiente,Monitoreo de medios - consolidado 2026
TOTALMEDIC,radio,2026,109.62,pendiente,Monitoreo de medios - consolidado 2026
FUNCION JUDICIAL,prensa,2026,192.78,pendiente,Monitoreo de medios - consolidado 2026
LUXURY DREANS,tv_abierta,2026,36.59,pendiente,Monitoreo de medios - consolidado 2026
TAC & ROLL,radio,2026,87.13,pendiente,Monitoreo de medios - consolidado 2026
ANKAYLLI,sitios_apps,2026,150.83,pendiente,Monitoreo de medios - consolidado 2026
NOVAVIDRIO,sitios_apps,2026,150.83,pendiente,Monitoreo de medios - consolidado 2026
CARLOS RODRIGUEZ,sitios_apps,2026,149.26,pendiente,Monitoreo de medios - consolidado 2026
BUZZ,radio,2026,220.35,pendiente,Monitoreo de medios - consolidado 2026
ENVASADORA ECUATORIANA S.A.,prensa,2026,200.76,pendiente,Monitoreo de medios - consolidado 2026
FAMOSAL,radio,2026,152.16,pendiente,Monitoreo de medios - consolidado 2026
FED. ECUAT. DE BADMINTON,prensa,2026,200.76,pendiente,Monitoreo de medios - consolidado 2026
GUAYHOST S.A.,prensa,2026,200.76,pendiente,Monitoreo de medios - consolidado 2026
WINDOW ELITE,radio,2026,155.4,pendiente,Monitoreo de medios - consolidado 2026
ROOTOURS S.A.,radio,2026,188.78,pendiente,Monitoreo de medios - consolidado 2026
KIPOS PET STYLISTS & SHOP,tv_abierta,2026,34.94,pendiente,Monitoreo de medios - consolidado 2026
ASO. DE ART. NAVIDEÑOS DIEGO DEL ALMAGRO,prensa,2026,175.5,pendiente,Monitoreo de medios - consolidado 2026
CITIGROUP,prensa,2026,175.5,pendiente,Monitoreo de medios - consolidado 2026
COOP. 13 DE ABRIL DE ITCHIMBIA,prensa,2026,175.5,pendiente,Monitoreo de medios - consolidado 2026
FEDEXPOR,prensa,2026,175.5,pendiente,Monitoreo de medios - consolidado 2026
GRUPO HANASKA,prensa,2026,175.5,pendiente,Monitoreo de medios - consolidado 2026
QUIMPAC ECUADOR S.A.,prensa,2026,175.5,pendiente,Monitoreo de medios - consolidado 2026
SOC. BENEFICIENCIA DE SEÑORAS DE GYE,prensa,2026,175.5,pendiente,Monitoreo de medios - consolidado 2026
MOLINOS INGUEZA S.A,prensa,2026,174.68,pendiente,Monitoreo de medios - consolidado 2026
AB. JEAN PIERRE BONAFONT,radio,2026,145.4,pendiente,Monitoreo de medios - consolidado 2026
LA POSADA DE LOS AMIGOS,radio,2026,18.69,pendiente,Monitoreo de medios - consolidado 2026
LAS COSTILLAS DEL DON,radio,2026,31.46,pendiente,Monitoreo de medios - consolidado 2026
PASINERVA,radio,2026,80.32,pendiente,Monitoreo de medios - consolidado 2026
TECNOVA S.A - PLACAS DEL SUR S.A,prensa,2026,191.2,pendiente,Monitoreo de medios - consolidado 2026
EXPO HOLISTICA BIO,tv_paga,2026,43.44,pendiente,Monitoreo de medios - consolidado 2026
HOTEL AQUA MARINA,radio,2026,195.25,pendiente,Monitoreo de medios - consolidado 2026
CONSUR R7H,prensa,2026,167.43,pendiente,Monitoreo de medios - consolidado 2026
HP DRILLING SERVICES,prensa,2026,167.24,pendiente,Monitoreo de medios - consolidado 2026
LOJAVENTURA,radio,2026,142.29,pendiente,Monitoreo de medios - consolidado 2026
FED. DEPORTIVA DE ESMERALDAS,prensa,2026,163.3,pendiente,Monitoreo de medios - consolidado 2026
AUTOMOTORES DE LA SIERRA S.A,radio,2026,59.25,pendiente,Monitoreo de medios - consolidado 2026
CAMARA PEQUEÑA IND. GUAYAS,prensa,2026,179.25,pendiente,Monitoreo de medios - consolidado 2026
"COOP. PREVISION, AHORRO Y DESARROLLO",prensa,2026,179.25,pendiente,Monitoreo de medios - consolidado 2026
COOP. SANTA,prensa,2026,179.25,pendiente,Monitoreo de medios - consolidado 2026
CREPES WAFFLES,radio,2026,59.25,pendiente,Monitoreo de medios - consolidado 2026
EDIF. PLATINIUM,prensa,2026,179.25,pendiente,Monitoreo de medios - consolidado 2026
IMPORTACIONES SELECTAS,tv_abierta,2026,6.58,pendiente,Monitoreo de medios - consolidado 2026
RAYOCAR,tv_abierta,2026,6.58,pendiente,Monitoreo de medios - consolidado 2026
SALFIPI,prensa,2026,179.25,pendiente,Monitoreo de medios - consolidado 2026
MAKRO,prensa,2026,109.15,pendiente,Monitoreo de medios - consolidado 2026
SUPER DIESEL,prensa,2026,109.15,pendiente,Monitoreo de medios - consolidado 2026
HOTEL QUITO,radio,2026,210.08,pendiente,Monitoreo de medios - consolidado 2026
GRUPO FJ,radio,2026,159.6,pendiente,Monitoreo de medios - consolidado 2026
DISTRIPAN,sitios_apps,2026,127.97,pendiente,Monitoreo de medios - consolidado 2026
COOP. SAN FRANCISCO DE ASIS,radio,2026,134.38,pendiente,Monitoreo de medios - consolidado 2026
LIBRERIA ESPAÑOLA,radio,2026,134.38,pendiente,Monitoreo de medios - consolidado 2026
ADVANCEVIEW S.A.,prensa,2026,172.08,pendiente,Monitoreo de medios - consolidado 2026
ASO. NUEVE DE OCT.DE AUXILIOS MUTUOS GUA,prensa,2026,172.08,pendiente,Monitoreo de medios - consolidado 2026
CHRISTLAND SERVICE AND TOURING S.A.,prensa,2026,172.08,pendiente,Monitoreo de medios - consolidado 2026
CLINICA FUTURO DENTAL,radio,2026,16.82,pendiente,Monitoreo de medios - consolidado 2026
FARUK MORAN,radio,2026,20.65,pendiente,Monitoreo de medios - consolidado 2026
MONTAÑISOL S.A,prensa,2026,172.08,pendiente,Monitoreo de medios - consolidado 2026
OPTICON,radio,2026,130.2,pendiente,Monitoreo de medios - consolidado 2026
CLINICA EL BASTAN DEL POZO,prensa,2026,164.91,pendiente,Monitoreo de medios - consolidado 2026
FARMASI,radio,2026,28.0,pendiente,Monitoreo de medios - consolidado 2026
FARMASI,tv_abierta,2026,16.52,pendiente,Monitoreo de medios - consolidado 2026
CEVICHERIA 7 MARES,radio,2026,126.48,pendiente,Monitoreo de medios - consolidado 2026
DECOCENTRO,sitios_apps,2026,122.72,pendiente,Monitoreo de medios - consolidado 2026
CLINICA SANCHO,tv_abierta,2026,50.01,pendiente,Monitoreo de medios - consolidado 2026
CONGRESO INTERNACIONAL DE SALUD MENTAL,tv_abierta,2026,39.8,pendiente,Monitoreo de medios - consolidado 2026
PAMBIL PLAZA,radio,2026,152.87,pendiente,Monitoreo de medios - consolidado 2026
CONCEGUA,prensa,2026,157.74,pendiente,Monitoreo de medios - consolidado 2026
REALITY IMPORT,radio,2026,151.01,pendiente,Monitoreo de medios - consolidado 2026
VICTORIALED,radio,2026,151.01,pendiente,Monitoreo de medios - consolidado 2026
URDESA SUITES HOTEL,radio,2026,120.92,pendiente,Monitoreo de medios - consolidado 2026
SUPERINT. DE COMPAÑIAS VALORES Y SEGUROS,prensa,2026,137.16,pendiente,Monitoreo de medios - consolidado 2026
SALUBRIS,tv_paga,2026,34.84,pendiente,Monitoreo de medios - consolidado 2026
DROCARAS,prensa,2026,135.36,pendiente,Monitoreo de medios - consolidado 2026
VACAN FILMS PRODUCCIONES,radio,2026,84.86,pendiente,Monitoreo de medios - consolidado 2026
CONSORCIO BIOCITY,radio,2026,138.42,pendiente,Monitoreo de medios - consolidado 2026
AGRICOLA ANGELA MARIA S.A. (CAAMSA),prensa,2026,143.4,pendiente,Monitoreo de medios - consolidado 2026
AGRICOLA BANANERA CLEMENTINA,prensa,2026,143.4,pendiente,Monitoreo de medios - consolidado 2026
AGRICOLA BANANERA DEL ECUADOR,prensa,2026,143.4,pendiente,Monitoreo de medios - consolidado 2026
AGRICOLA LOMA LARGA S.A. (CALOLASA),prensa,2026,143.4,pendiente,Monitoreo de medios - consolidado 2026
AGRICOLA RIO VENTANAS S.A. (CARIVESA),prensa,2026,143.4,pendiente,Monitoreo de medios - consolidado 2026
BANANERA ALAMOS S.A,prensa,2026,143.4,pendiente,Monitoreo de medios - consolidado 2026
CLUB NACIONAL DE GQUIL.,prensa,2026,143.4,pendiente,Monitoreo de medios - consolidado 2026
COOP. DE TAXIS 5 DE MARZO,prensa,2026,143.4,pendiente,Monitoreo de medios - consolidado 2026
FUND. MANUEL MORA JAIME,radio,2026,14.02,pendiente,Monitoreo de medios - consolidado 2026
LIGA DEP. PARROQUIAL RURAL PUEMBO,prensa,2026,143.4,pendiente,Monitoreo de medios - consolidado 2026
LINEAS AEREAS NACIONALES ECUADOR S.A,prensa,2026,143.4,pendiente,Monitoreo de medios - consolidado 2026
LIRIS,prensa,2026,143.4,pendiente,Monitoreo de medios - consolidado 2026
MAKI SUSHI BAR,radio,2026,47.4,pendiente,Monitoreo de medios - consolidado 2026
SONIDO E ILUMINACION MENDEZ,radio,2026,33.17,pendiente,Monitoreo de medios - consolidado 2026
VENEZIA PIZZA,radio,2026,33.17,pendiente,Monitoreo de medios - consolidado 2026
MUNICIPIO DEL CANTON MONTALVO,radio,2026,130.93,pendiente,Monitoreo de medios - consolidado 2026
GRUPO AZUCARERO EQ2 S.A.,prensa,2026,140.53,pendiente,Monitoreo de medios - consolidado 2026
SOC. DEPORTIVO QUITO,radio,2026,83.77,pendiente,Monitoreo de medios - consolidado 2026
DRA. LOYRA RONQUILLO,radio,2026,46.08,pendiente,Monitoreo de medios - consolidado 2026
DERECHO ECUADOR.COM,prensa,2026,122.47,pendiente,Monitoreo de medios - consolidado 2026
KEVO (PISOS Y CIELO RASOS),sitios_apps,2026,85.14,pendiente,Monitoreo de medios - consolidado 2026
COL. MEDICOS GUAYAS,prensa,2026,129.06,pendiente,Monitoreo de medios - consolidado 2026
TECNICENTRO FLORES,radio,2026,77.33,pendiente,Monitoreo de medios - consolidado 2026
PANADERIA ERIK,radio,2026,42.14,pendiente,Monitoreo de medios - consolidado 2026
MOBIL CAR,radio,2026,123.2,pendiente,Monitoreo de medios - consolidado 2026
A/C CHICHO,radio,2026,52.71,pendiente,Monitoreo de medios - consolidado 2026
DELPHIN,radio,2026,86.42,pendiente,Monitoreo de medios - consolidado 2026
DRA. FRANCISCA CIFUENTES,radio,2026,41.48,pendiente,Monitoreo de medios - consolidado 2026
ESCULAPIO S.A.,prensa,2026,125.47,pendiente,Monitoreo de medios - consolidado 2026
LAB. CLINICO ALCIVAR S.A.,prensa,2026,125.47,pendiente,Monitoreo de medios - consolidado 2026
MUNICIPIO DE NOBOL,radio,2026,86.42,pendiente,Monitoreo de medios - consolidado 2026
TAYANA S.A.,prensa,2026,125.47,pendiente,Monitoreo de medios - consolidado 2026
PARRILLADA JR,radio,2026,27.47,pendiente,Monitoreo de medios - consolidado 2026
180 PRODUCCIONES,radio,2026,95.33,pendiente,Monitoreo de medios - consolidado 2026
LA ROTONDA SHOPPING CENTER,prensa,2026,119.5,pendiente,Monitoreo de medios - consolidado 2026
MI CHANCE,prensa,2026,73.5,pendiente,Monitoreo de medios - consolidado 2026
REPRESENTACIONES ACASA S.A.,radio,2026,71.6,pendiente,Monitoreo de medios - consolidado 2026
CAMARA MARITIMA DEL ECUADOR (CAMAE),prensa,2026,117.11,pendiente,Monitoreo de medios - consolidado 2026
FARMASAR,radio,2026,83.26,pendiente,Monitoreo de medios - consolidado 2026
MPORTADORA SUD OIL,radio,2026,57.22,pendiente,Monitoreo de medios - consolidado 2026
ROMEO SANTOS,radio,2026,75.31,pendiente,Monitoreo de medios - consolidado 2026
AGRIMOT S.A.,prensa,2026,114.72,pendiente,Monitoreo de medios - consolidado 2026
EMPACADORA DEL LITORAL EMPACAR S.A.,prensa,2026,114.72,pendiente,Monitoreo de medios - consolidado 2026
EMPACADORA TROPICAL S.A.,prensa,2026,114.72,pendiente,Monitoreo de medios - consolidado 2026
HONORASA S.A.,prensa,2026,114.72,pendiente,Monitoreo de medios - consolidado 2026
NITRANG S.A. (NITRANGSA),prensa,2026,114.72,pendiente,Monitoreo de medios - consolidado 2026
ADCONTA,radio,2026,110.45,pendiente,Monitoreo de medios - consolidado 2026
CONDOMINIO UNICENTRO TURISTICO JABUCAM,prensa,2026,111.85,pendiente,Monitoreo de medios - consolidado 2026
DR. JUAN CARLOS RUIZ CABEZA,radio,2026,93.07,pendiente,Monitoreo de medios - consolidado 2026
ECOMOVE,sitios_apps,2026,82.27,pendiente,Monitoreo de medios - consolidado 2026
PSYCHO BUNNY,sitios_apps,2026,82.27,pendiente,Monitoreo de medios - consolidado 2026
REALITY TUNING,radio,2026,104.88,pendiente,Monitoreo de medios - consolidado 2026
CIVIC TAXI,radio,2026,62.24,pendiente,Monitoreo de medios - consolidado 2026
UNIDAD POPULAR,prensa,2026,98.38,pendiente,Monitoreo de medios - consolidado 2026
ACADEMIA ASTILLERO FC,radio,2026,97.04,pendiente,Monitoreo de medios - consolidado 2026
BIYO CENTER,radio,2026,35.55,pendiente,Monitoreo de medios - consolidado 2026
BUGANVILLA GARDENS,sitios_apps,2026,80.41,pendiente,Monitoreo de medios - consolidado 2026
CASA DE LA CULTURA ECUATORIANA,radio,2026,44.7,pendiente,Monitoreo de medios - consolidado 2026
COOP. DE TRANSPORTES SANTA,prensa,2026,107.55,pendiente,Monitoreo de medios - consolidado 2026
FISIO MEDICO,radio,2026,76.46,pendiente,Monitoreo de medios - consolidado 2026
FLOYDS SPECIALTY COFFEE,radio,2026,54.81,pendiente,Monitoreo de medios - consolidado 2026
INTEGRAL SOLUTIONS S.A.,prensa,2026,107.55,pendiente,Monitoreo de medios - consolidado 2026
MEGA LAVANDERIA,radio,2026,67.27,pendiente,Monitoreo de medios - consolidado 2026
MICROANALISIS S.A.,prensa,2026,107.55,pendiente,Monitoreo de medios - consolidado 2026
PROEXPO S.A.,prensa,2026,107.55,pendiente,Monitoreo de medios - consolidado 2026
SICONTAC CENTER S.A.,prensa,2026,107.55,pendiente,Monitoreo de medios - consolidado 2026
OLIVIA,sitios_apps,2026,75.01,pendiente,Monitoreo de medios - consolidado 2026
AGRODEL,radio,2026,101.9,pendiente,Monitoreo de medios - consolidado 2026
SEIVA CLUB,radio,2026,100.67,pendiente,Monitoreo de medios - consolidado 2026
SURCOANDINO,radio,2026,20.49,pendiente,Monitoreo de medios - consolidado 2026
MEGACACENTRO PICA,radio,2026,102.49,pendiente,Monitoreo de medios - consolidado 2026
HOSTERIA DE CARLOS,radio,2026,91.81,pendiente,Monitoreo de medios - consolidado 2026
MEDIFARMA,radio,2026,66.37,pendiente,Monitoreo de medios - consolidado 2026
SURPAPEL S.A,prensa,2026,103.97,pendiente,Monitoreo de medios - consolidado 2026
JUAN CARLOS MACHADO,radio,2026,79.05,pendiente,Monitoreo de medios - consolidado 2026
CARIOCA LA ORIGINAL,radio,2026,60.14,pendiente,Monitoreo de medios - consolidado 2026
CARNAVAL WINDSOR,radio,2026,60.14,pendiente,Monitoreo de medios - consolidado 2026
CONSGALILEA S.A,prensa,2026,100.38,pendiente,Monitoreo de medios - consolidado 2026
DLEN S.A.,prensa,2026,100.38,pendiente,Monitoreo de medios - consolidado 2026
LLANTAS & LLANTAS EFRAIN JAYA,radio,2026,75.26,pendiente,Monitoreo de medios - consolidado 2026
SERVAMAIN,prensa,2026,100.38,pendiente,Monitoreo de medios - consolidado 2026
DATABET,sitios_apps,2026,70.01,pendiente,Monitoreo de medios - consolidado 2026
SAN JOSE CHOCOLATE,sitios_apps,2026,70.01,pendiente,Monitoreo de medios - consolidado 2026
CONST. Y PRESTACIONES PETROLERAS S.A.,prensa,2026,88.02,pendiente,Monitoreo de medios - consolidado 2026
FUMICAR,prensa,2026,88.02,pendiente,Monitoreo de medios - consolidado 2026
TECHINT,prensa,2026,88.02,pendiente,Monitoreo de medios - consolidado 2026
CEMEXPO,tv_abierta,2026,11.95,pendiente,Monitoreo de medios - consolidado 2026
NEOHYUNDAI,radio,2026,80.56,pendiente,Monitoreo de medios - consolidado 2026
OMA MEDICINA BIOREGULADORA,radio,2026,31.6,pendiente,Monitoreo de medios - consolidado 2026
PIZZA DIAVOLA,radio,2026,22.11,pendiente,Monitoreo de medios - consolidado 2026
SALINAS GOLF & TENIS,prensa,2026,95.6,pendiente,Monitoreo de medios - consolidado 2026
FUND. PORFINSINDEUDAS S.A,prensa,2026,93.21,pendiente,Monitoreo de medios - consolidado 2026
MOVIL RENT A CAR,radio,2026,76.16,pendiente,Monitoreo de medios - consolidado 2026
TSUYOSHI,radio,2026,76.46,pendiente,Monitoreo de medios - consolidado 2026
BIYO (MEDICINA CLINICA ESTETICA),radio,2026,43.35,pendiente,Monitoreo de medios - consolidado 2026
CCMANGOS S.A.,prensa,2026,89.62,pendiente,Monitoreo de medios - consolidado 2026
GLOBAL TRAVEL,radio,2026,37.65,pendiente,Monitoreo de medios - consolidado 2026
PALACIO ARTESANAL MACONDO,radio,2026,120.0,pendiente,Monitoreo de medios - consolidado 2026
SALON DE NAVIDAD,radio,2026,29.62,pendiente,Monitoreo de medios - consolidado 2026
UNOCACE,sitios_apps,2026,62.01,pendiente,Monitoreo de medios - consolidado 2026
EL CONCIERTO DEL AMOR,radio,2026,83.88,pendiente,Monitoreo de medios - consolidado 2026
HOTEL ZARACAY,radio,2026,83.88,pendiente,Monitoreo de medios - consolidado 2026
PANKI PET,radio,2026,83.88,pendiente,Monitoreo de medios - consolidado 2026
AGRICOLA GANADERA S.A.,prensa,2026,86.04,pendiente,Monitoreo de medios - consolidado 2026
CREDIFINSA S.A.,radio,2026,8.41,pendiente,Monitoreo de medios - consolidado 2026
GLOBOS COMETA ECUADOR,radio,2026,19.9,pendiente,Monitoreo de medios - consolidado 2026
PIZZA EXPRESS,radio,2026,19.9,pendiente,Monitoreo de medios - consolidado 2026
SEGURPACIFIC  C.LTDA.,prensa,2026,86.04,pendiente,Monitoreo de medios - consolidado 2026
TRANSPART. S.A.,prensa,2026,86.04,pendiente,Monitoreo de medios - consolidado 2026
PROSIGMA,prensa,2026,84.25,pendiente,Monitoreo de medios - consolidado 2026
FED. ECUAT. DE BEISBOL,prensa,2026,83.65,pendiente,Monitoreo de medios - consolidado 2026
GAMIX MUSIC,radio,2026,50.12,pendiente,Monitoreo de medios - consolidado 2026
SWEET CAKE,radio,2026,52.32,pendiente,Monitoreo de medios - consolidado 2026
FIAT,tv_abierta,2026,19.9,pendiente,Monitoreo de medios - consolidado 2026
GLAMOUR PELUQUERIA,tv_abierta,2026,19.84,pendiente,Monitoreo de medios - consolidado 2026
QUALCO,tv_abierta,2026,24.16,pendiente,Monitoreo de medios - consolidado 2026
WWW.MEDICOSECUADOR.COM,tv_abierta,2026,19.9,pendiente,Monitoreo de medios - consolidado 2026
AFRIKANA,sitios_apps,2026,50.51,pendiente,Monitoreo de medios - consolidado 2026
SANTA SAZON,radio,2026,76.42,pendiente,Monitoreo de medios - consolidado 2026
MEGAMETALES S.A.,radio,2026,57.7,pendiente,Monitoreo de medios - consolidado 2026
CROQUETAS DEL CHUCHITO,radio,2026,71.28,pendiente,Monitoreo de medios - consolidado 2026
GREDY DENTAL CENTER,sitios_apps,2026,52.0,pendiente,Monitoreo de medios - consolidado 2026
ONLY QUEENS,radio,2026,80.01,pendiente,Monitoreo de medios - consolidado 2026
BETPLAY.COM.CO,sitios_apps,2026,54.49,pendiente,Monitoreo de medios - consolidado 2026
CIRCULO MILITAR,prensa,2026,71.7,pendiente,Monitoreo de medios - consolidado 2026
EL CORTEZ STEAKHOUSE,radio,2026,36.54,pendiente,Monitoreo de medios - consolidado 2026
HB COUTURE,radio,2026,45.53,pendiente,Monitoreo de medios - consolidado 2026
MOTRAC S.A.,prensa,2026,71.7,pendiente,Monitoreo de medios - consolidado 2026
PLASTLIT,prensa,2026,71.7,pendiente,Monitoreo de medios - consolidado 2026
RENT A CAR,radio,2026,58.8,pendiente,Monitoreo de medios - consolidado 2026
DISTRIBUIDORA CASTRO,radio,2026,69.55,pendiente,Monitoreo de medios - consolidado 2026
TOKIO CLUB,radio,2026,41.76,pendiente,Monitoreo de medios - consolidado 2026
TREZE FURNITURE,radio,2026,35.32,pendiente,Monitoreo de medios - consolidado 2026
MAIN COURT,sitios_apps,2026,50.28,pendiente,Monitoreo de medios - consolidado 2026
SALERM,sitios_apps,2026,50.28,pendiente,Monitoreo de medios - consolidado 2026
ETERNIA DERMA CENTER,radio,2026,80.8,pendiente,Monitoreo de medios - consolidado 2026
ASIA CAR,radio,2026,50.72,pendiente,Monitoreo de medios - consolidado 2026
ECUA FEST TAMPA,radio,2026,62.93,pendiente,Monitoreo de medios - consolidado 2026
DR. LUIS VALAREZO CH.,prensa,2026,58.45,pendiente,Monitoreo de medios - consolidado 2026
CONCEGUA S.A - CONORTE S.A,radio,2026,26.36,pendiente,Monitoreo de medios - consolidado 2026
FUND. FRANZ WEBER,radio,2026,37.59,pendiente,Monitoreo de medios - consolidado 2026
GRAFICAS ORTEGA,radio,2026,56.17,pendiente,Monitoreo de medios - consolidado 2026
HUACA CAR,radio,2026,37.59,pendiente,Monitoreo de medios - consolidado 2026
PASS WAY,radio,2026,58.74,pendiente,Monitoreo de medios - consolidado 2026
SANTO SAZON,radio,2026,59.15,pendiente,Monitoreo de medios - consolidado 2026
PARROQUIA SANTA TERESITA DEL NIÑO JESUS,radio,2026,25.6,pendiente,Monitoreo de medios - consolidado 2026
FUND. THE BRITISH SCHOOL,prensa,2026,59.75,pendiente,Monitoreo de medios - consolidado 2026
LABORATORIOS ELEA,radio,2026,53.9,pendiente,Monitoreo de medios - consolidado 2026
TELENEWS S.A.,prensa,2026,58.26,pendiente,Monitoreo de medios - consolidado 2026
AQUEST S.A,prensa,2026,57.36,pendiente,Monitoreo de medios - consolidado 2026
CAMARONERA AGROMARINA S.A,prensa,2026,57.36,pendiente,Monitoreo de medios - consolidado 2026
CAMARONERA LEVANA S.A.,prensa,2026,57.36,pendiente,Monitoreo de medios - consolidado 2026
JAND ENTERTAINMENT,radio,2026,13.27,pendiente,Monitoreo de medios - consolidado 2026
LANPAC CIA. LTDA.,prensa,2026,57.36,pendiente,Monitoreo de medios - consolidado 2026
PEÑA BAR BOLEROS,radio,2026,13.27,pendiente,Monitoreo de medios - consolidado 2026
PESALMAR S.A.,prensa,2026,57.36,pendiente,Monitoreo de medios - consolidado 2026
SUMA CORP,radio,2026,34.37,pendiente,Monitoreo de medios - consolidado 2026
GRUPO LAAR,sitios_apps,2026,38.48,pendiente,Monitoreo de medios - consolidado 2026
AUTOMALLAS,radio,2026,38.41,pendiente,Monitoreo de medios - consolidado 2026
COOP. COMERCIO LTDA.,sitios_apps,2026,41.13,pendiente,Monitoreo de medios - consolidado 2026
IND. ARROCERA PORTILLA,radio,2026,22.59,pendiente,Monitoreo de medios - consolidado 2026
MAGNOLIAS GARDEN,radio,2026,64.64,pendiente,Monitoreo de medios - consolidado 2026
ZURY ENTERTAINMENT,radio,2026,27.41,pendiente,Monitoreo de medios - consolidado 2026
ELYON MEDICAL AESTHETICS,radio,2026,59.01,pendiente,Monitoreo de medios - consolidado 2026
POLLO KOKO RIKO,radio,2026,50.35,pendiente,Monitoreo de medios - consolidado 2026
CONCIERTO DEL AMOR,radio,2026,50.34,pendiente,Monitoreo de medios - consolidado 2026
COMERCIAL LA FERIA,radio,2026,52.16,pendiente,Monitoreo de medios - consolidado 2026
POLLOS A LA BRASA BARCELONA,radio,2026,42.56,pendiente,Monitoreo de medios - consolidado 2026
RM HOGAR,radio,2026,50.91,pendiente,Monitoreo de medios - consolidado 2026
ENVAMET S.A,prensa,2026,50.19,pendiente,Monitoreo de medios - consolidado 2026
FORTIUS,prensa,2026,50.19,pendiente,Monitoreo de medios - consolidado 2026
SALTIVERI/OGILVY,radio,2026,25.58,pendiente,Monitoreo de medios - consolidado 2026
TROPICAL PACKING S.A. (TROPACK ),prensa,2026,50.19,pendiente,Monitoreo de medios - consolidado 2026
KARTODROMO DE COTOPAXI,radio,2026,15.8,pendiente,Monitoreo de medios - consolidado 2026
MARIACHI MENDEZ,radio,2026,11.06,pendiente,Monitoreo de medios - consolidado 2026
PRODUCCIONES CARIBBEAN KISS,radio,2026,11.06,pendiente,Monitoreo de medios - consolidado 2026
SAFARI XTREME,radio,2026,15.8,pendiente,Monitoreo de medios - consolidado 2026
HB DENTAL,radio,2026,19.58,pendiente,Monitoreo de medios - consolidado 2026
CLINICA OFTALMOLOGICA BOREAL,radio,2026,34.32,pendiente,Monitoreo de medios - consolidado 2026
AUTO REPUESTOS QUITO,radio,2026,28.03,pendiente,Monitoreo de medios - consolidado 2026
SAIA IMPORTADORA ANDINA,radio,2026,33.6,pendiente,Monitoreo de medios - consolidado 2026
VETERINARIA MEDICAL CENTER,radio,2026,35.7,pendiente,Monitoreo de medios - consolidado 2026
CENTRO MEDICO JESUS DEL GRAN PODER,radio,2026,41.95,pendiente,Monitoreo de medios - consolidado 2026
FUND. TEATRO NACIONAL SUCRE,radio,2026,21.92,pendiente,Monitoreo de medios - consolidado 2026
LA QUINTA (REST),radio,2026,32.8,pendiente,Monitoreo de medios - consolidado 2026
CANELA TV,radio,2026,38.5,pendiente,Monitoreo de medios - consolidado 2026
COMPAÑIA VERDU S.A.,prensa,2026,41.83,pendiente,Monitoreo de medios - consolidado 2026
LA BANDA DEL CARAJU,radio,2026,25.06,pendiente,Monitoreo de medios - consolidado 2026
PURUHA,radio,2026,25.06,pendiente,Monitoreo de medios - consolidado 2026
TRAVELEX,radio,2026,38.5,pendiente,Monitoreo de medios - consolidado 2026
FONDOS VANGUARDIA,radio,2026,37.4,pendiente,Monitoreo de medios - consolidado 2026
IMPRESUM,radio,2026,31.62,pendiente,Monitoreo de medios - consolidado 2026
MALECON DEL SALADO,radio,2026,14.01,pendiente,Monitoreo de medios - consolidado 2026
EXPO NAVIDAD,radio,2026,18.0,pendiente,Monitoreo de medios - consolidado 2026
ARMONICS CLINICA,radio,2026,8.84,pendiente,Monitoreo de medios - consolidado 2026
LA CAZUELA DEL CHINO,radio,2026,3.74,pendiente,Monitoreo de medios - consolidado 2026
PLAN B,radio,2026,8.84,pendiente,Monitoreo de medios - consolidado 2026
SONIDOS TOALA,radio,2026,8.84,pendiente,Monitoreo de medios - consolidado 2026
CHEF A DOMICILIO,radio,2026,22.42,pendiente,Monitoreo de medios - consolidado 2026
STAV POLLO HORNEADO,radio,2026,21.92,pendiente,Monitoreo de medios - consolidado 2026
227 PAN Y CAFE,radio,2026,11.85,pendiente,Monitoreo de medios - consolidado 2026
ASSA,radio,2026,11.85,pendiente,Monitoreo de medios - consolidado 2026
CONTAC SICO,radio,2026,11.85,pendiente,Monitoreo de medios - consolidado 2026
LOS ARBOLITOS 2,radio,2026,26.88,pendiente,Monitoreo de medios - consolidado 2026
MAZMOTORS,radio,2026,11.85,pendiente,Monitoreo de medios - consolidado 2026
PMJ ARQUITECTOS,sitios_apps,2026,25.58,pendiente,Monitoreo de medios - consolidado 2026
THOMANN,sitios_apps,2026,36.0,pendiente,Monitoreo de medios - consolidado 2026
LA CASA DEL CERDO,radio,2026,33.45,pendiente,Monitoreo de medios - consolidado 2026
COLIBRI EXPRESS,radio,2026,33.56,pendiente,Monitoreo de medios - consolidado 2026
PLAZA DE TOROS MITAD DEL MUNDO,radio,2026,20.0,pendiente,Monitoreo de medios - consolidado 2026
DON CHUZO,radio,2026,25.36,pendiente,Monitoreo de medios - consolidado 2026
EL GATO PORTOVEJENSE,radio,2026,17.05,pendiente,Monitoreo de medios - consolidado 2026
EUROBUILDING,radio,2026,17.05,pendiente,Monitoreo de medios - consolidado 2026
MUNDO VERDE,radio,2026,30.8,pendiente,Monitoreo de medios - consolidado 2026
VIGOR PROST,radio,2026,30.8,pendiente,Monitoreo de medios - consolidado 2026
PROAUTO,radio,2026,36.65,pendiente,Monitoreo de medios - consolidado 2026
LA PRENSA DE RIOBAMBA,prensa,2026,28.18,pendiente,Monitoreo de medios - consolidado 2026
ANDINAMOTOR,radio,2026,13.38,pendiente,Monitoreo de medios - consolidado 2026
TERCER MUNDO,radio,2026,24.18,pendiente,Monitoreo de medios - consolidado 2026
AGENCIA CON RESULTADOS,radio,2026,23.71,pendiente,Monitoreo de medios - consolidado 2026
ANAHISOFT,radio,2026,22.4,pendiente,Monitoreo de medios - consolidado 2026
ODISEA,radio,2026,22.4,pendiente,Monitoreo de medios - consolidado 2026
TECNICENTRO JORDAN,radio,2026,19.79,pendiente,Monitoreo de medios - consolidado 2026
TECNICENTRO RIOMACAR,radio,2026,2.8,pendiente,Monitoreo de medios - consolidado 2026
IWISH,radio,2026,31.76,pendiente,Monitoreo de medios - consolidado 2026
KONSTRUYO,radio,2026,16.75,pendiente,Monitoreo de medios - consolidado 2026
COOLBET.EC,radio,2026,25.2,pendiente,Monitoreo de medios - consolidado 2026
DR. FREDDY AYALA,radio,2026,11.29,pendiente,Monitoreo de medios - consolidado 2026
UNID. EDUC. KENNEDY,sitios_apps,2026,19.61,pendiente,Monitoreo de medios - consolidado 2026
VIU PLAZA,radio,2026,21.6,pendiente,Monitoreo de medios - consolidado 2026
UNIV. LAICA ELOY ALFARO DE MANABI,tv_paga,2026,5.94,pendiente,Monitoreo de medios - consolidado 2026
CLINICA SANTA LUCIA,radio,2026,19.84,pendiente,Monitoreo de medios - consolidado 2026
CIUDAD DE NIEVE MUNDO MAGICO,radio,2026,27.16,pendiente,Monitoreo de medios - consolidado 2026
DECORTEJA,radio,2026,17.92,pendiente,Monitoreo de medios - consolidado 2026
DONDE ROSSY,radio,2026,28.0,pendiente,Monitoreo de medios - consolidado 2026
MICROSOFT ECUADOR,radio,2026,17.92,pendiente,Monitoreo de medios - consolidado 2026
CALOS ESTETICA,radio,2026,26.93,pendiente,Monitoreo de medios - consolidado 2026
SIN BADERA,radio,2026,28.8,pendiente,Monitoreo de medios - consolidado 2026
CLUB MAN,radio,2026,19.25,pendiente,Monitoreo de medios - consolidado 2026
DR. WILLIAM DUQUE LOPEZ,radio,2026,21.0,pendiente,Monitoreo de medios - consolidado 2026
FIBRA OPTICA,radio,2026,14.1,pendiente,Monitoreo de medios - consolidado 2026
MARUCHAN EN VASO,sitios_apps,2026,13.69,pendiente,Monitoreo de medios - consolidado 2026
NACHOS WINGS,radio,2026,21.0,pendiente,Monitoreo de medios - consolidado 2026
ENVOY,radio,2026,15.58,pendiente,Monitoreo de medios - consolidado 2026
REST. LOS ARBOLITOS,radio,2026,23.33,pendiente,Monitoreo de medios - consolidado 2026
CLUB BIBLOS,radio,2026,14.78,pendiente,Monitoreo de medios - consolidado 2026
DENT WIZARD,radio,2026,14.78,pendiente,Monitoreo de medios - consolidado 2026
HERTZ,sitios_apps,2026,12.64,pendiente,Monitoreo de medios - consolidado 2026
CARMIRANDA,radio,2026,4.42,pendiente,Monitoreo de medios - consolidado 2026
FOSFOSE,radio,2026,22.4,pendiente,Monitoreo de medios - consolidado 2026
GLOBAL66,radio,2026,4.42,pendiente,Monitoreo de medios - consolidado 2026
PIZZA SA,radio,2026,4.42,pendiente,Monitoreo de medios - consolidado 2026
SHOES ALVARITO,radio,2026,4.42,pendiente,Monitoreo de medios - consolidado 2026
SMART LIVING - GT,radio,2026,1.87,pendiente,Monitoreo de medios - consolidado 2026
AG STUDIO,radio,2026,5.92,pendiente,Monitoreo de medios - consolidado 2026
BRIDGESTONE,sitios_apps,2026,18.0,pendiente,Monitoreo de medios - consolidado 2026
C. C. ATAHUALPA,radio,2026,11.21,pendiente,Monitoreo de medios - consolidado 2026
EASYPAGOS,sitios_apps,2026,12.44,pendiente,Monitoreo de medios - consolidado 2026
EMPORIO LUXURY MOTELS,radio,2026,10.74,pendiente,Monitoreo de medios - consolidado 2026
ENCUENTRO MATRIMONIAL,radio,2026,5.92,pendiente,Monitoreo de medios - consolidado 2026
MARENOSTUM RESTAURANT,radio,2026,5.92,pendiente,Monitoreo de medios - consolidado 2026
PET PLANET,radio,2026,10.5,pendiente,Monitoreo de medios - consolidado 2026
PICNIC,radio,2026,7.53,pendiente,Monitoreo de medios - consolidado 2026
PROAÑO PROAÑO CONSTRUCTORA,sitios_apps,2026,14.74,pendiente,Monitoreo de medios - consolidado 2026
RADIO SONORAMA,radio,2026,17.44,pendiente,Monitoreo de medios - consolidado 2026
SEGUROS.COM.EC,sitios_apps,2026,12.89,pendiente,Monitoreo de medios - consolidado 2026
VERMOUTH DISCOTEC,radio,2026,10.29,pendiente,Monitoreo de medios - consolidado 2026
ROCK SHOW CONCERT,radio,2026,16.78,pendiente,Monitoreo de medios - consolidado 2026
SANDUCHES LOS BIEN PUESTOS,radio,2026,17.39,pendiente,Monitoreo de medios - consolidado 2026
DETALLES (FLORERIA),radio,2026,8.53,pendiente,Monitoreo de medios - consolidado 2026
COOPER TIRES,radio,2026,12.96,pendiente,Monitoreo de medios - consolidado 2026
CUBA SANDUCHE,radio,2026,6.28,pendiente,Monitoreo de medios - consolidado 2026
IASO TEA,radio,2026,11.2,pendiente,Monitoreo de medios - consolidado 2026
AMERICAN TRUCKS,radio,2026,15.88,pendiente,Monitoreo de medios - consolidado 2026
ASTHETIC SPORT NUTRITION,radio,2026,16.16,pendiente,Monitoreo de medios - consolidado 2026
DR. GEORGE HIDALGO,radio,2026,16.16,pendiente,Monitoreo de medios - consolidado 2026
ECUADOR TV,tv_abierta,2026,4.14,pendiente,Monitoreo de medios - consolidado 2026
BULL PADEL,radio,2026,5.52,pendiente,Monitoreo de medios - consolidado 2026
PETERJAN S.A.,radio,2026,9.53,pendiente,Monitoreo de medios - consolidado 2026
ACAD. NAVAL COMAND. FCO. PITA PITA,radio,2026,8.96,pendiente,Monitoreo de medios - consolidado 2026
GIRO MOTOS,radio,2026,8.96,pendiente,Monitoreo de medios - consolidado 2026
KE EVENTOS,radio,2026,7.47,pendiente,Monitoreo de medios - consolidado 2026
LUBRICANTES CATERPILAR,radio,2026,8.96,pendiente,Monitoreo de medios - consolidado 2026
MONDO VIAGGI,radio,2026,11.63,pendiente,Monitoreo de medios - consolidado 2026
OPTICA BUENA VISION,radio,2026,3.95,pendiente,Monitoreo de medios - consolidado 2026
RIVER CAFE,radio,2026,11.0,pendiente,Monitoreo de medios - consolidado 2026
SAMBOMBA,radio,2026,8.96,pendiente,Monitoreo de medios - consolidado 2026
TAKENOS,radio,2026,8.96,pendiente,Monitoreo de medios - consolidado 2026
TEDEG S.A,radio,2026,8.96,pendiente,Monitoreo de medios - consolidado 2026
TRESCIENTOS,radio,2026,6.09,pendiente,Monitoreo de medios - consolidado 2026
WWW.CASASPRIMIUMECUADOR.COM,radio,2026,8.96,pendiente,Monitoreo de medios - consolidado 2026
TOWER RECORD'S,radio,2026,13.43,pendiente,Monitoreo de medios - consolidado 2026
AVANTMED,radio,2026,14.4,pendiente,Monitoreo de medios - consolidado 2026
CLINICA SANTA MARIA,radio,2026,6.44,pendiente,Monitoreo de medios - consolidado 2026
VISA VIAJES.COM,radio,2026,5.48,pendiente,Monitoreo de medios - consolidado 2026
VENUSTAS,radio,2026,12.25,pendiente,Monitoreo de medios - consolidado 2026
COL JAN KOMENSKY,radio,2026,7.91,pendiente,Monitoreo de medios - consolidado 2026
DENTRIX,radio,2026,7.91,pendiente,Monitoreo de medios - consolidado 2026
LLANTAS 593,radio,2026,7.67,pendiente,Monitoreo de medios - consolidado 2026
DISCOTECA BARUT,radio,2026,0.93,pendiente,Monitoreo de medios - consolidado 2026
ELECTRO TECH,radio,2026,2.21,pendiente,Monitoreo de medios - consolidado 2026
IASCA ECUADOR,radio,2026,7.44,pendiente,Monitoreo de medios - consolidado 2026
MARYSAL,radio,2026,7.44,pendiente,Monitoreo de medios - consolidado 2026
PARRILLADAS MEDIA RED,radio,2026,2.21,pendiente,Monitoreo de medios - consolidado 2026
SMILE DESIGN,radio,2026,0.93,pendiente,Monitoreo de medios - consolidado 2026
SPORTS GARDEN,radio,2026,0.93,pendiente,Monitoreo de medios - consolidado 2026
1700 CORTINAS,sitios_apps,2026,5.73,pendiente,Monitoreo de medios - consolidado 2026
COL. TERRA NOVA,sitios_apps,2026,6.35,pendiente,Monitoreo de medios - consolidado 2026
DENTAL CENTER,radio,2026,10.77,pendiente,Monitoreo de medios - consolidado 2026
FISIO,radio,2026,6.37,pendiente,Monitoreo de medios - consolidado 2026
MULTIJAIRO,radio,2026,5.14,pendiente,Monitoreo de medios - consolidado 2026
PASA IMPERMEABILIZANTE,radio,2026,6.37,pendiente,Monitoreo de medios - consolidado 2026
UNIV. CENTRAL DEL ECUADOR,sitios_apps,2026,5.66,pendiente,Monitoreo de medios - consolidado 2026
ECUADOR TRAVEL COURRIER,radio,2026,7.7,pendiente,Monitoreo de medios - consolidado 2026
ELEVEN BAR,radio,2026,7.7,pendiente,Monitoreo de medios - consolidado 2026
LA QUINTA DE MAURY,radio,2026,5.01,pendiente,Monitoreo de medios - consolidado 2026
LOGISTIK,radio,2026,7.7,pendiente,Monitoreo de medios - consolidado 2026
RIVER MALL,radio,2026,7.7,pendiente,Monitoreo de medios - consolidado 2026
SKYLINE,radio,2026,4.26,pendiente,Monitoreo de medios - consolidado 2026
UNIV. DE LOS HEMISFERIOS,radio,2026,4.26,pendiente,Monitoreo de medios - consolidado 2026
FISIOGER TERAPIA FISICA Y REHABILITACION,radio,2026,2.91,pendiente,Monitoreo de medios - consolidado 2026
DM3,radio,2026,3.26,pendiente,Monitoreo de medios - consolidado 2026
JUAN GABRIEL,radio,2026,3.26,pendiente,Monitoreo de medios - consolidado 2026
MEGASEX,radio,2026,3.26,pendiente,Monitoreo de medios - consolidado 2026
PROSOUN,radio,2026,3.26,pendiente,Monitoreo de medios - consolidado 2026
CENTRO DE DIAGNOSTICO CUANTICO GRAN PODE,radio,2026,6.33,pendiente,Monitoreo de medios - consolidado 2026
CENTRO DE TERAPIAS ALTERNATIVAS HONRA,radio,2026,6.33,pendiente,Monitoreo de medios - consolidado 2026
CHEF CHOY,radio,2026,3.74,pendiente,Monitoreo de medios - consolidado 2026
HUMITAS LOJAN,radio,2026,3.74,pendiente,Monitoreo de medios - consolidado 2026
BEAUTY SPA,radio,2026,5.39,pendiente,Monitoreo de medios - consolidado 2026
ECUAVICHE,radio,2026,5.39,pendiente,Monitoreo de medios - consolidado 2026
FAST LINE,radio,2026,4.34,pendiente,Monitoreo de medios - consolidado 2026
HORNADO PASTUSO,radio,2026,4.19,pendiente,Monitoreo de medios - consolidado 2026
CARDIO HEREDIA,tv_paga,2026,0.9,pendiente,Monitoreo de medios - consolidado 2026
